ISO-10303-21;
HEADER;
FILE_DESCRIPTION (( 'STEP AP214' ),
    '1' );
FILE_NAME ('TSM085NB03DCR RLG.STEP',
    '2022-01-18T12:04:36',
    ( '' ),
    ( '' ),
    'SwSTEP 2.0',
    'SolidWorks 2017',
    '' );
FILE_SCHEMA (( 'AUTOMOTIVE_DESIGN' ));
ENDSEC;

DATA;
#1 = CARTESIAN_POINT ( 'NONE',  ( 3.960494472426150400E-013, 0.05000000000000000300, 2.109999999999774700 ) ) ;
#2 = VECTOR ( 'NONE', #3453, 1000.000000000000000 ) ;
#3 = PLANE ( 'NONE',  #5585 ) ;
#4 = ADVANCED_FACE ( 'NONE', ( #5272 ), #4171, .T. ) ;
#5 = DIRECTION ( 'NONE',  ( -1.000000000000000000, 0.0000000000000000000, -3.182066876654327100E-016 ) ) ;
#6 = EDGE_CURVE ( 'NONE', #244, #4349, #4386, .T. ) ;
#7 = DIRECTION ( 'NONE',  ( 1.000000000000000000, 0.0000000000000000000, 4.093815879112860300E-015 ) ) ;
#8 = CARTESIAN_POINT ( 'NONE',  ( 2.711957541785889000, 1.020784059965662800, -2.256178199689360000 ) ) ;
#9 = VECTOR ( 'NONE', #6912, 1000.000000000000000 ) ;
#10 = ORIENTED_EDGE ( 'NONE', *, *, #1929, .T. ) ;
#11 = EDGE_LOOP ( 'NONE', ( #3921, #4967, #2570, #931 ) ) ;
#12 = EDGE_CURVE ( 'NONE', #656, #5575, #5543, .T. ) ;
#13 = ORIENTED_EDGE ( 'NONE', *, *, #684, .T. ) ;
#14 = EDGE_CURVE ( 'NONE', #6115, #4148, #7240, .T. ) ;
#15 = CARTESIAN_POINT ( 'NONE',  ( -2.755350376276406000, 1.015578269442074700, 2.159928781461151200 ) ) ;
#16 = LINE ( 'NONE', #1091, #7235 ) ;
#17 = FACE_OUTER_BOUND ( 'NONE', #6001, .T. ) ;
#18 = CARTESIAN_POINT ( 'NONE',  ( 2.615595289114836400, 1.017943471251314700, -2.323192020585950000 ) ) ;
#19 = ORIENTED_EDGE ( 'NONE', *, *, #5193, .F. ) ;
#20 = CARTESIAN_POINT ( 'NONE',  ( 2.802188878861426000, 0.9364576184234133500, -2.162987863700634800 ) ) ;
#21 = DIRECTION ( 'NONE',  ( -0.0000000000000000000, -1.000000000000000000, 0.0000000000000000000 ) ) ;
#22 = EDGE_CURVE ( 'NONE', #5432, #6148, #4205, .T. ) ;
#23 = EDGE_LOOP ( 'NONE', ( #2349, #5849, #2093, #4767 ) ) ;
#24 = DIRECTION ( 'NONE',  ( 1.000000000000000000, 0.0000000000000000000, 1.812821066739969000E-014 ) ) ;
#25 = FACE_OUTER_BOUND ( 'NONE', #5786, .T. ) ;
#26 = ORIENTED_EDGE ( 'NONE', *, *, #3944, .T. ) ;
#27 = ORIENTED_EDGE ( 'NONE', *, *, #787, .F. ) ;
#28 = CARTESIAN_POINT ( 'NONE',  ( -2.750000000000012400, 0.05000000000000002400, -0.8899999999999823600 ) ) ;
#29 = ORIENTED_EDGE ( 'NONE', *, *, #6937, .F. ) ;
#30 = CARTESIAN_POINT ( 'NONE',  ( 2.846972203929144300, 0.5666666666666667600, 2.421972203929163100 ) ) ;
#31 = CARTESIAN_POINT ( 'NONE',  ( -1.089999999999998300, 4.944146853836610200, -0.2500000000000033900 ) ) ;
#32 = CARTESIAN_POINT ( 'NONE',  ( -2.565815600713005700, 1.100000000000000100, 2.140815600712990400 ) ) ;
#33 = ORIENTED_EDGE ( 'NONE', *, *, #5417, .T. ) ;
#34 = VECTOR ( 'NONE', #3742, 1000.000000000000000 ) ;
#35 = ORIENTED_EDGE ( 'NONE', *, *, #1055, .T. ) ;
#36 = VECTOR ( 'NONE', #5801, 1000.000000000000000 ) ;
#37 = VERTEX_POINT ( 'NONE', #3702 ) ;
#38 = CARTESIAN_POINT ( 'NONE',  ( 2.568458814361283900, 1.100000000000000100, -2.171424261741086600 ) ) ;
#39 = CARTESIAN_POINT ( 'NONE',  ( -2.586769295503552200, 0.9330730206804013200, 2.383461344294046200 ) ) ;
#40 = PLANE ( 'NONE',  #3575 ) ;
#41 = LINE ( 'NONE', #1817, #1109 ) ;
#42 = VECTOR ( 'NONE', #790, 1000.000000000000000 ) ;
#43 = ORIENTED_EDGE ( 'NONE', *, *, #401, .T. ) ;
#44 = VECTOR ( 'NONE', #829, 1000.000000000000000 ) ;
#45 = CARTESIAN_POINT ( 'NONE',  ( -0.6499999999999928100, 0.0000000000000000000, -2.109999999999900400 ) ) ;
#46 = ADVANCED_FACE ( 'NONE', ( #732 ), #3168, .F. ) ;
#47 = ORIENTED_EDGE ( 'NONE', *, *, #6642, .F. ) ;
#48 = CARTESIAN_POINT ( 'NONE',  ( 3.000000000000028400, 4.944146853836610200, 1.699999999999927100 ) ) ;
#49 = ORIENTED_EDGE ( 'NONE', *, *, #5932, .F. ) ;
#50 = VECTOR ( 'NONE', #5522, 1000.000000000000000 ) ;
#51 = LINE ( 'NONE', #515, #849 ) ;
#52 = VERTEX_POINT ( 'NONE', #2029 ) ;
#53 = CARTESIAN_POINT ( 'NONE',  ( 2.809931941875992000, 0.9083540749650121900, -2.180173162020544900 ) ) ;
#54 = LINE ( 'NONE', #2746, #2179 ) ;
#55 = CARTESIAN_POINT ( 'NONE',  ( 2.531195965580447900, 1.205515941740286500, -2.354826439422499800 ) ) ;
#56 = DIRECTION ( 'NONE',  ( -3.311355821850255300E-015, 0.0000000000000000000, -1.000000000000000000 ) ) ;
#57 = DIRECTION ( 'NONE',  ( 1.000000000000000000, 0.0000000000000000000, 1.141449721469845700E-014 ) ) ;
#58 = EDGE_LOOP ( 'NONE', ( #1987, #1974, #5504, #6689 ) ) ;
#59 = CARTESIAN_POINT ( 'NONE',  ( 2.489999999999995800, 4.944146853836610200, 1.649999999999926200 ) ) ;
#60 = DIRECTION ( 'NONE',  ( -0.0000000000000000000, -1.000000000000000000, -0.0000000000000000000 ) ) ;
#61 = FACE_OUTER_BOUND ( 'NONE', #7325, .T. ) ;
#62 = FACE_OUTER_BOUND ( 'NONE', #6156, .T. ) ;
#63 = ORIENTED_EDGE ( 'NONE', *, *, #1523, .F. ) ;
#64 = CARTESIAN_POINT ( 'NONE',  ( 2.800000000000028200, 0.2999999999999999300, 1.699999999999926500 ) ) ;
#65 = ORIENTED_EDGE ( 'NONE', *, *, #3286, .F. ) ;
#66 = EDGE_CURVE ( 'NONE', #1843, #2890, #7070, .T. ) ;
#67 = CARTESIAN_POINT ( 'NONE',  ( -2.724000579525550400, 0.5538830474904877800, -2.423315816446602900 ) ) ;
#68 = CARTESIAN_POINT ( 'NONE',  ( 2.576779359139762500, 1.072330042605237100, -2.258776913725249400 ) ) ;
#69 = AXIS2_PLACEMENT_3D ( 'NONE', #789, #5312, #4776 ) ;
#70 = DIRECTION ( 'NONE',  ( -1.000000000000000000, 0.0000000000000000000, 1.171753811632144800E-015 ) ) ;
#71 = ORIENTED_EDGE ( 'NONE', *, *, #2060, .F. ) ;
#72 = FACE_OUTER_BOUND ( 'NONE', #6219, .T. ) ;
#73 = VECTOR ( 'NONE', #2751, 1000.000000000000000 ) ;
#74 = CARTESIAN_POINT ( 'NONE',  ( 2.761845328190804900, 0.4902527362452310800, -2.430003631649733100 ) ) ;
#75 = VERTEX_POINT ( 'NONE', #4348 ) ;
#76 = EDGE_CURVE ( 'NONE', #4403, #2894, #2152, .T. ) ;
#77 = AXIS2_PLACEMENT_3D ( 'NONE', #2120, #5602, #1045 ) ;
#78 = CARTESIAN_POINT ( 'NONE',  ( -2.565815600713006600, 1.100000000000000100, 2.140815600712989500 ) ) ;
#79 = EDGE_CURVE ( 'NONE', #206, #1192, #3303, .T. ) ;
#80 = LINE ( 'NONE', #7157, #3785 ) ;
#81 = EDGE_CURVE ( 'NONE', #1802, #6042, #3732, .T. ) ;
#82 = CARTESIAN_POINT ( 'NONE',  ( 2.750000000000064400, 0.3000000000000000400, -2.159999999999909500 ) ) ;
#83 = ORIENTED_EDGE ( 'NONE', *, *, #5346, .T. ) ;
#84 = CARTESIAN_POINT ( 'NONE',  ( 2.813845114776145600, 0.8780125005808401300, -2.180777733155149900 ) ) ;
#85 = ORIENTED_EDGE ( 'NONE', *, *, #2212, .T. ) ;
#86 = CARTESIAN_POINT ( 'NONE',  ( -2.565815600712991100, 1.100000000000000100, -2.140815600713008600 ) ) ;
#87 = CARTESIAN_POINT ( 'NONE',  ( 0.7750000000000000200, 1.090000000000000100, 2.705898037603428400E-015 ) ) ;
#88 = CARTESIAN_POINT ( 'NONE',  ( 2.490000000000006400, 0.2999999999999999300, -1.649999999999908900 ) ) ;
#89 = PLANE ( 'NONE',  #4911 ) ;
#90 = ADVANCED_FACE ( 'NONE', ( #1448 ), #6592, .F. ) ;
#91 = CARTESIAN_POINT ( 'NONE',  ( -2.800000000000006900, 0.3000000000000000400, 0.4299999999999900600 ) ) ;
#92 = DIRECTION ( 'NONE',  ( 0.0000000000000000000, -1.000000000000000000, 0.0000000000000000000 ) ) ;
#93 = CARTESIAN_POINT ( 'NONE',  ( 2.616123715926341700, 1.094557070718617900, -2.170770326211368700 ) ) ;
#94 = DIRECTION ( 'NONE',  ( -3.220430795721757200E-015, 0.0000000000000000000, 1.000000000000000000 ) ) ;
#95 = FACE_OUTER_BOUND ( 'NONE', #3911, .T. ) ;
#96 = CARTESIAN_POINT ( 'NONE',  ( -2.565815600713005700, 1.100000000000000100, 2.140815600712990400 ) ) ;
#97 = CARTESIAN_POINT ( 'NONE',  ( -2.390000000000007200, 0.0000000000000000000, 0.3799999999999915700 ) ) ;
#98 = DIRECTION ( 'NONE',  ( 1.000000000000000000, 0.0000000000000000000, -4.236931729094537300E-016 ) ) ;
#99 = PLANE ( 'NONE',  #5642 ) ;
#100 = CARTESIAN_POINT ( 'NONE',  ( 2.630072183994841300, 0.9401911972051821800, -2.370544072921602700 ) ) ;
#101 = DIRECTION ( 'NONE',  ( -1.000000000000000000, 0.0000000000000000000, -4.093815879112860300E-015 ) ) ;
#102 = CARTESIAN_POINT ( 'NONE',  ( -1.089999999999993000, 0.3000000000000000400, -2.109999999999902200 ) ) ;
#103 = LINE ( 'NONE', #7232, #7315 ) ;
#104 = VERTEX_POINT ( 'NONE', #4877 ) ;
#105 = ORIENTED_EDGE ( 'NONE', *, *, #6733, .T. ) ;
#106 = ADVANCED_BREP_SHAPE_REPRESENTATION ( 'TSM085NB03DCR RLG', ( #788, #3956, #4190, #5516, #3412, #543, #6597, #6996 ), #2023 ) ;
#107 = CARTESIAN_POINT ( 'NONE',  ( 2.750000000000012900, 0.0000000000000000000, -0.8899999999999244100 ) ) ;
#108 = DIRECTION ( 'NONE',  ( -1.000000000000000000, 0.0000000000000000000, -3.491481338843133400E-015 ) ) ;
#109 = DIRECTION ( 'NONE',  ( 0.0000000000000000000, -1.000000000000000000, 0.0000000000000000000 ) ) ;
#110 = CARTESIAN_POINT ( 'NONE',  ( 2.874999999999992500, 0.05000000000000000300, 2.109999999999848900 ) ) ;
#111 = AXIS2_PLACEMENT_3D ( 'NONE', #4885, #2033, #2591 ) ;
#112 = FACE_OUTER_BOUND ( 'NONE', #5267, .T. ) ;
#113 = VECTOR ( 'NONE', #6362, 1000.000000000000000 ) ;
#114 = PLANE ( 'NONE',  #2387 ) ;
#115 = ORIENTED_EDGE ( 'NONE', *, *, #4739, .T. ) ;
#116 = ADVANCED_FACE ( 'NONE', ( #6335 ), #2561, .F. ) ;
#117 = EDGE_CURVE ( 'NONE', #6190, #5233, #7147, .T. ) ;
#118 = ORIENTED_EDGE ( 'NONE', *, *, #5603, .F. ) ;
#119 = CARTESIAN_POINT ( 'NONE',  ( 2.800000000000052200, 0.2999999999999999300, -0.8399999999999632200 ) ) ;
#120 = CARTESIAN_POINT ( 'NONE',  ( 2.565815600713005700, 1.100000000000000100, -2.140815600712990400 ) ) ;
#121 = CARTESIAN_POINT ( 'NONE',  ( 0.0000000000000000000, 0.3000000000000000400, 0.0000000000000000000 ) ) ;
#122 = EDGE_CURVE ( 'NONE', #5847, #5388, #2674, .T. ) ;
#123 = LINE ( 'NONE', #5357, #3480 ) ;
#124 = VECTOR ( 'NONE', #3725, 999.9999999999998900 ) ;
#125 = EDGE_CURVE ( 'NONE', #3148, #2325, #2845, .T. ) ;
#126 = ORIENTED_EDGE ( 'NONE', *, *, #2805, .F. ) ;
#127 = CARTESIAN_POINT ( 'NONE',  ( 2.454999999999985000, 0.05000000000000000300, -2.454999999999989000 ) ) ;
#128 = ORIENTED_EDGE ( 'NONE', *, *, #1597, .T. ) ;
#129 = VECTOR ( 'NONE', #554, 1000.000000000000000 ) ;
#130 = ORIENTED_EDGE ( 'NONE', *, *, #3617, .F. ) ;
#131 = CARTESIAN_POINT ( 'NONE',  ( 2.750000000000012900, 0.05000000000000002400, -0.8899999999999244100 ) ) ;
#132 = ORIENTED_EDGE ( 'NONE', *, *, #1783, .T. ) ;
#133 = ORIENTED_EDGE ( 'NONE', *, *, #177, .F. ) ;
#134 = CARTESIAN_POINT ( 'NONE',  ( 2.621387451338507800, 0.9937831759780271200, -2.341839514595266600 ) ) ;
#135 = CARTESIAN_POINT ( 'NONE',  ( -2.874999999999991100, 0.3000000000000000400, -2.450000000000010400 ) ) ;
#136 = CARTESIAN_POINT ( 'NONE',  ( 1.819999999997819600, 0.05000000000000000300, -1.820000000000664400 ) ) ;
#137 = EDGE_CURVE ( 'NONE', #738, #5752, #6153, .T. ) ;
#138 = DIRECTION ( 'NONE',  ( 0.0000000000000000000, -1.000000000000000000, 0.0000000000000000000 ) ) ;
#139 = CARTESIAN_POINT ( 'NONE',  ( -3.028098425954051800E-014, 0.05000000000000000300, 0.3800000000001820300 ) ) ;
#141 = ORIENTED_EDGE ( 'NONE', *, *, #4803, .F. ) ;
#140 = VECTOR ( 'NONE', #4113, 1000.000000000000000 ) ;
#142 = ORIENTED_EDGE ( 'NONE', *, *, #4968, .F. ) ;
#143 = CARTESIAN_POINT ( 'NONE',  ( 2.489999999999994000, 0.3000000000000000400, -0.3799999999999254500 ) ) ;
#144 = DIRECTION ( 'NONE',  ( -0.7071067811866017500, 0.0000000000000000000, 0.7071067811864932800 ) ) ;
#145 = VECTOR ( 'NONE', #4587, 1000.000000000000000 ) ;
#146 = EDGE_LOOP ( 'NONE', ( #65, #4823, #4617, #2545 ) ) ;
#147 = CARTESIAN_POINT ( 'NONE',  ( -2.800000000000013600, 0.2999999999999999300, -0.8399999999999819800 ) ) ;
#148 = EDGE_LOOP ( 'NONE', ( #2878, #1226, #2440, #6192 ) ) ;
#149 = CARTESIAN_POINT ( 'NONE',  ( -0.6499999999999926900, 0.0000000000000000000, -1.904999999999903900 ) ) ;
#150 = CARTESIAN_POINT ( 'NONE',  ( 3.000000000000006200, 0.0000000000000000000, 0.8399999999999853100 ) ) ;
#151 = CARTESIAN_POINT ( 'NONE',  ( -2.750000000000000900, 0.3000000000000000400, 0.8899999999999627100 ) ) ;
#152 = LINE ( 'NONE', #5019, #6096 ) ;
#153 = CARTESIAN_POINT ( 'NONE',  ( 2.565815600713005300, 1.100000000000000100, -2.140815600712990800 ) ) ;
#154 = FACE_OUTER_BOUND ( 'NONE', #4603, .T. ) ;
#155 = ORIENTED_EDGE ( 'NONE', *, *, #5362, .F. ) ;
#156 = VECTOR ( 'NONE', #3974, 1000.000000000000000 ) ;
#157 = CARTESIAN_POINT ( 'NONE',  ( -2.389999999999940600, 0.05000000000000000300, 2.417292122827865700E-014 ) ) ;
#158 = EDGE_CURVE ( 'NONE', #819, #1998, #548, .T. ) ;
#159 = CARTESIAN_POINT ( 'NONE',  ( -2.565815600713005700, 1.100000000000000100, 2.140815600712990400 ) ) ;
#160 = CYLINDRICAL_SURFACE ( 'NONE', #2204, 0.2500000000000002200 ) ;
#161 = VECTOR ( 'NONE', #2330, 1000.000000000000000 ) ;
#162 = ORIENTED_EDGE ( 'NONE', *, *, #5797, .F. ) ;
#163 = CARTESIAN_POINT ( 'NONE',  ( -2.795544423828260500, 0.9401913197693587700, 2.205072234566058900 ) ) ;
#164 = CARTESIAN_POINT ( 'NONE',  ( 1.118191136111831900E-013, 0.05000000000000000300, 0.8399999999995899600 ) ) ;
#165 = ADVANCED_FACE ( 'NONE', ( #1799 ), #5782, .F. ) ;
#166 = ORIENTED_EDGE ( 'NONE', *, *, #2250, .T. ) ;
#167 = CARTESIAN_POINT ( 'NONE',  ( 2.728085108289644500, 0.9972429759531320500, -2.269356198395125400 ) ) ;
#168 = PLANE ( 'NONE',  #1656 ) ;
#169 = ORIENTED_EDGE ( 'NONE', *, *, #7288, .F. ) ;
#170 = LINE ( 'NONE', #5466, #7191 ) ;
#171 = VERTEX_POINT ( 'NONE', #2368 ) ;
#172 = CARTESIAN_POINT ( 'NONE',  ( 1.375000000000000000, 1.090000000000000100, 4.800786840909308400E-015 ) ) ;
#173 = EDGE_CURVE ( 'NONE', #3683, #6706, #4854, .T. ) ;
#174 = DIRECTION ( 'NONE',  ( 0.7071067811865435800, 0.0000000000000000000, 0.7071067811865515700 ) ) ;
#175 = VECTOR ( 'NONE', #3939, 1000.000000000000000 ) ;
#176 = EDGE_LOOP ( 'NONE', ( #2095, #477, #5561, #2726 ) ) ;
#177 = EDGE_CURVE ( 'NONE', #282, #6774, #1368, .T. ) ;
#178 = CARTESIAN_POINT ( 'NONE',  ( -2.724950102078373100, 1.020333860509963200, 2.238416568512144000 ) ) ;
#179 = CARTESIAN_POINT ( 'NONE',  ( 2.800000000000065500, 0.0000000000000000000, -2.109999999999908400 ) ) ;
#180 = ORIENTED_EDGE ( 'NONE', *, *, #1064, .T. ) ;
#181 = PLANE ( 'NONE',  #4052 ) ;
#182 = CARTESIAN_POINT ( 'NONE',  ( -2.999999999999983100, 0.0000000000000000000, -0.4299999999999799500 ) ) ;
#183 = AXIS2_PLACEMENT_3D ( 'NONE', #6944, #5268, #4663 ) ;
#184 = DIRECTION ( 'NONE',  ( 1.839926121052110700E-014, 0.0000000000000000000, -1.000000000000000000 ) ) ;
#185 = EDGE_LOOP ( 'NONE', ( #3960, #4790, #4184, #5882 ) ) ;
#186 = CARTESIAN_POINT ( 'NONE',  ( -2.774533543832328900, 0.9906556768458133500, 2.158839457273950200 ) ) ;
#187 = EDGE_CURVE ( 'NONE', #7297, #4513, #4290, .T. ) ;
#188 = CARTESIAN_POINT ( 'NONE',  ( -2.800000000000004700, 0.05000000000000002400, 1.699999999999908500 ) ) ;
#189 = DIRECTION ( 'NONE',  ( -3.491481338843133400E-015, 0.0000000000000000000, 1.000000000000000000 ) ) ;
#190 = ORIENTED_EDGE ( 'NONE', *, *, #2296, .T. ) ;
#191 = CARTESIAN_POINT ( 'NONE',  ( 2.583839457273950900, 0.9906556768458133500, 2.349533543832331300 ) ) ;
#192 = VECTOR ( 'NONE', #3943, 1000.000000000000000 ) ;
#193 = CARTESIAN_POINT ( 'NONE',  ( 2.750000000000020900, 0.0000000000000000000, 2.159999999999888700 ) ) ;
#194 = CARTESIAN_POINT ( 'NONE',  ( 2.750000000000040400, 0.3000000000000000400, -0.3799999999999621500 ) ) ;
#195 = DIRECTION ( 'NONE',  ( -1.000000000000000000, 0.0000000000000000000, 1.168734907595626100E-014 ) ) ;
#196 = ADVANCED_FACE ( 'NONE', ( #5359 ), #168, .T. ) ;
#197 = EDGE_CURVE ( 'NONE', #719, #5927, #463, .T. ) ;
#198 = PLANE ( 'NONE',  #1056 ) ;
#199 = CARTESIAN_POINT ( 'NONE',  ( 2.595213532762051100, 1.099999999999999900, -2.148371211140104100 ) ) ;
#200 = PLANE ( 'NONE',  #7219 ) ;
#201 = FACE_OUTER_BOUND ( 'NONE', #4213, .T. ) ;
#202 = DIRECTION ( 'NONE',  ( -1.011419298254362300E-014, 0.0000000000000000000, -1.000000000000000000 ) ) ;
#203 = CARTESIAN_POINT ( 'NONE',  ( -0.9969999999999926700, 0.3000000000000000400, -2.109999999999901300 ) ) ;
#204 = CARTESIAN_POINT ( 'NONE',  ( -2.694356451016018700, 0.9972429809071317000, 2.303084907564146200 ) ) ;
#205 = VECTOR ( 'NONE', #6358, 1000.000000000000000 ) ;
#206 = VERTEX_POINT ( 'NONE', #1866 ) ;
#207 = PLANE ( 'NONE',  #183 ) ;
#208 = PLANE ( 'NONE',  #2379 ) ;
#209 = VECTOR ( 'NONE', #6662, 1000.000000000000000 ) ;
#210 = VECTOR ( 'NONE', #6671, 1000.000000000000000 ) ;
#211 = ORIENTED_EDGE ( 'NONE', *, *, #972, .F. ) ;
#212 = ORIENTED_EDGE ( 'NONE', *, *, #1879, .T. ) ;
#213 = DIRECTION ( 'NONE',  ( 2.909111085745247900E-013, 0.0000000000000000000, 1.000000000000000000 ) ) ;
#214 = PLANE ( 'NONE',  #6194 ) ;
#215 = CARTESIAN_POINT ( 'NONE',  ( -2.800000000000017600, 0.2999999999999999300, -2.109999999999927500 ) ) ;
#216 = DIRECTION ( 'NONE',  ( 1.000000000000000000, -0.0000000000000000000, 3.491481338843133400E-015 ) ) ;
#217 = PLANE ( 'NONE',  #6768 ) ;
#218 = LINE ( 'NONE', #2191, #6077 ) ;
#219 = EDGE_CURVE ( 'NONE', #6399, #6706, #5718, .T. ) ;
#220 = EDGE_LOOP ( 'NONE', ( #2681, #407, #5812, #399 ) ) ;
#221 = ORIENTED_EDGE ( 'NONE', *, *, #4163, .T. ) ;
#222 = AXIS2_PLACEMENT_3D ( 'NONE', #4448, #3260, #2172 ) ;
#223 = CARTESIAN_POINT ( 'NONE',  ( -2.999999999999987100, 4.944146853836610200, -1.699999999999925100 ) ) ;
#224 = VERTEX_POINT ( 'NONE', #1845 ) ;
#225 = DIRECTION ( 'NONE',  ( 9.006275849671631200E-017, 0.0000000000000000000, -1.000000000000000000 ) ) ;
#226 = EDGE_CURVE ( 'NONE', #1784, #5287, #4826, .T. ) ;
#227 = EDGE_CURVE ( 'NONE', #3327, #5536, #7236, .T. ) ;
#228 = ORIENTED_EDGE ( 'NONE', *, *, #5744, .T. ) ;
#229 = ORIENTED_EDGE ( 'NONE', *, *, #811, .F. ) ;
#230 = VECTOR ( 'NONE', #21, 1000.000000000000000 ) ;
#231 = CARTESIAN_POINT ( 'NONE',  ( -2.796709201769193200, 0.9124974643225831600, 2.232893680999722600 ) ) ;
#232 = ADVANCED_FACE ( 'NONE', ( #3473 ), #1814, .F. ) ;
#233 = CARTESIAN_POINT ( 'NONE',  ( -2.605173162011921400, 0.9083540749656160400, -2.384931941881145000 ) ) ;
#235 = ORIENTED_EDGE ( 'NONE', *, *, #1685, .F. ) ;
#234 = VECTOR ( 'NONE', #4330, 1000.000000000000000 ) ;
#236 = FACE_OUTER_BOUND ( 'NONE', #618, .T. ) ;
#237 = EDGE_LOOP ( 'NONE', ( #3949, #4432, #3139, #5006 ) ) ;
#238 = VECTOR ( 'NONE', #2114, 1000.000000000000000 ) ;
#239 = DIRECTION ( 'NONE',  ( 1.000000000000000000, 0.0000000000000000000, 3.491481338843133400E-015 ) ) ;
#240 = B_SPLINE_CURVE_WITH_KNOTS ( 'NONE', 3,
 ( #1283, #2394, #4726, #1795, #6951, #2355, #191, #5807, #4741, #1338 ),
 .UNSPECIFIED., .F., .F.,
 ( 4, 2, 2, 2, 4 ),
 ( 0.0000000000000000000, 0.2500000000000000000, 0.5000000000000000000, 0.7500000000000000000, 1.000000000000000000 ),
 .UNSPECIFIED. ) ;
#241 = DIRECTION ( 'NONE',  ( 2.531864063853211700E-015, 0.0000000000000000000, 1.000000000000000000 ) ) ;
#242 = CARTESIAN_POINT ( 'NONE',  ( 2.750000000000038200, 0.05000000000000002400, 0.3799999999999814100 ) ) ;
#243 = LINE ( 'NONE', #3824, #4036 ) ;
#244 = VERTEX_POINT ( 'NONE', #5800 ) ;
#245 = VECTOR ( 'NONE', #3641, 1000.000000000000000 ) ;
#246 = CARTESIAN_POINT ( 'NONE',  ( 2.489999999999991300, 0.3000000000000000400, 0.3799999999999428800 ) ) ;
#247 = DIRECTION ( 'NONE',  ( -1.000000000000000000, 0.0000000000000000000, 7.350540386010789200E-015 ) ) ;
#248 = CARTESIAN_POINT ( 'NONE',  ( -2.761845328190804900, 0.4902527362452310800, 2.430003631649733100 ) ) ;
#249 = EDGE_LOOP ( 'NONE', ( #1236, #2950, #6611, #6480 ) ) ;
#250 = DIRECTION ( 'NONE',  ( -0.0000000000000000000, -1.000000000000000000, 0.0000000000000000000 ) ) ;
#251 = LINE ( 'NONE', #5911, #3604 ) ;
#252 = ORIENTED_EDGE ( 'NONE', *, *, #419, .T. ) ;
#253 = VERTEX_POINT ( 'NONE', #367 ) ;
#254 = DIRECTION ( 'NONE',  ( 1.000000000000000000, 0.0000000000000000000, -1.168734907595625700E-014 ) ) ;
#255 = ORIENTED_EDGE ( 'NONE', *, *, #506, .T. ) ;
#256 = LINE ( 'NONE', #1718, #3609 ) ;
#257 = CARTESIAN_POINT ( 'NONE',  ( -2.642441674343559900, 0.9950589195500524300, -2.333290878363284200 ) ) ;
#258 = EDGE_LOOP ( 'NONE', ( #3363, #1567, #6105, #1371 ) ) ;
#259 = AXIS2_PLACEMENT_3D ( 'NONE', #1500, #3812, #5563 ) ;
#260 = FACE_OUTER_BOUND ( 'NONE', #1394, .T. ) ;
#261 = EDGE_CURVE ( 'NONE', #2425, #5754, #5810, .T. ) ;
#262 = ORIENTED_EDGE ( 'NONE', *, *, #6164, .F. ) ;
#263 = CARTESIAN_POINT ( 'NONE',  ( -2.389999999999957500, 0.05000000000000002400, -1.649999999999929700 ) ) ;
#264 = ORIENTED_EDGE ( 'NONE', *, *, #2623, .T. ) ;
#265 = DIRECTION ( 'NONE',  ( 1.000000000000000000, 0.0000000000000000000, 3.491481338843133400E-015 ) ) ;
#266 = CARTESIAN_POINT ( 'NONE',  ( 2.800000000000052200, 0.3000000000000000400, -0.8399999999999632200 ) ) ;
#267 = VERTEX_POINT ( 'NONE', #6586 ) ;
#268 = EDGE_CURVE ( 'NONE', #4126, #964, #3115, .T. ) ;
#269 = ADVANCED_FACE ( 'NONE', ( #1889 ), #2064, .F. ) ;
#270 = EDGE_CURVE ( 'NONE', #3704, #2596, #4658, .T. ) ;
#271 = CARTESIAN_POINT ( 'NONE',  ( -2.390000000000004600, 4.944146853836610200, 1.649999999999909300 ) ) ;
#272 = DIRECTION ( 'NONE',  ( -1.000000000000000000, 0.0000000000000000000, 7.199956750943203300E-015 ) ) ;
#273 = ORIENTED_EDGE ( 'NONE', *, *, #1582, .F. ) ;
#274 = ORIENTED_EDGE ( 'NONE', *, *, #2148, .F. ) ;
#275 = ORIENTED_EDGE ( 'NONE', *, *, #7288, .T. ) ;
#276 = LINE ( 'NONE', #4670, #3716 ) ;
#277 = ADVANCED_FACE ( 'NONE', ( #990 ), #1502, .T. ) ;
#278 = DIRECTION ( 'NONE',  ( -3.491481338843133400E-015, 0.0000000000000000000, 1.000000000000000000 ) ) ;
#279 = EDGE_CURVE ( 'NONE', #5741, #2288, #5960, .T. ) ;
#280 = CARTESIAN_POINT ( 'NONE',  ( -2.810387101451460100, 0.8805512600180575000, -2.208390429027124100 ) ) ;
#281 = VECTOR ( 'NONE', #1775, 1000.000000000000000 ) ;
#282 = VERTEX_POINT ( 'NONE', #4368 ) ;
#283 = DIRECTION ( 'NONE',  ( -0.0000000000000000000, -1.000000000000000000, 0.0000000000000000000 ) ) ;
#284 = LINE ( 'NONE', #1614, #1785 ) ;
#285 = CARTESIAN_POINT ( 'NONE',  ( -2.770250515687720400, 1.296624770138966600, 2.345250515687703300 ) ) ;
#286 = CARTESIAN_POINT ( 'NONE',  ( 3.000000000000039100, 0.2999999999999999300, 0.4299999999999824500 ) ) ;
#287 = EDGE_CURVE ( 'NONE', #1653, #1487, #4570, .T. ) ;
#288 = DIRECTION ( 'NONE',  ( -0.0000000000000000000, -1.000000000000000000, 0.0000000000000000000 ) ) ;
#289 = CARTESIAN_POINT ( 'NONE',  ( 3.000000000000032000, 0.0000000000000000000, -1.699999999999904900 ) ) ;
#290 = LINE ( 'NONE', #4057, #1437 ) ;
#291 = VECTOR ( 'NONE', #6895, 1000.000000000000000 ) ;
#292 = ORIENTED_EDGE ( 'NONE', *, *, #3966, .F. ) ;
#293 = ORIENTED_EDGE ( 'NONE', *, *, #1227, .T. ) ;
#294 = DIRECTION ( 'NONE',  ( -0.0000000000000000000, -1.000000000000000000, 0.0000000000000000000 ) ) ;
#295 = ORIENTED_EDGE ( 'NONE', *, *, #4845, .T. ) ;
#296 = AXIS2_PLACEMENT_3D ( 'NONE', #5579, #7305, #2163 ) ;
#297 = ADVANCED_FACE ( 'NONE', ( #640 ), #5986, .F. ) ;
#298 = VECTOR ( 'NONE', #3176, 1000.000000000000000 ) ;
#299 = VERTEX_POINT ( 'NONE', #347 ) ;
#300 = CARTESIAN_POINT ( 'NONE',  ( -2.603971795872392500, 0.9379537708100987900, -2.375416766321072300 ) ) ;
#301 = CARTESIAN_POINT ( 'NONE',  ( 2.711957376613408400, 1.020784064030581000, 2.256178407758953500 ) ) ;
#302 = ORIENTED_EDGE ( 'NONE', *, *, #2359, .T. ) ;
#303 = LINE ( 'NONE', #710, #4299 ) ;
#304 = VERTEX_POINT ( 'NONE', #4896 ) ;
#305 = EDGE_CURVE ( 'NONE', #5126, #5393, #2055, .T. ) ;
#306 = CARTESIAN_POINT ( 'NONE',  ( -2.874999999999992500, 0.3000000000000000400, -2.109999999999927500 ) ) ;
#307 =( NAMED_UNIT ( * ) PLANE_ANGLE_UNIT ( ) SI_UNIT ( $, .RADIAN. ) );
#308 = AXIS2_PLACEMENT_3D ( 'NONE', #7282, #4956, #7248 ) ;
#309 = CARTESIAN_POINT ( 'NONE',  ( -1.089999999999998300, 0.3000000000000000400, -0.2500000000000033900 ) ) ;
#310 = DIRECTION ( 'NONE',  ( 0.0000000000000000000, -1.000000000000000000, 0.0000000000000000000 ) ) ;
#311 = VERTEX_POINT ( 'NONE', #3203 ) ;
#312 = CARTESIAN_POINT ( 'NONE',  ( -2.750000000000016900, 0.0000000000000000000, -2.159999999999927800 ) ) ;
#313 = VECTOR ( 'NONE', #4897, 1000.000000000000000 ) ;
#314 = PLANE ( 'NONE',  #6244 ) ;
#315 = EDGE_LOOP ( 'NONE', ( #3121, #5768, #6479, #1217 ) ) ;
#316 = DIRECTION ( 'NONE',  ( -0.7071067811867075600, 0.0000000000000000000, -0.7071067811863873700 ) ) ;
#317 = VECTOR ( 'NONE', #6218, 1000.000000000000000 ) ;
#318 = EDGE_CURVE ( 'NONE', #6521, #1922, #1705, .T. ) ;
#319 = ORIENTED_EDGE ( 'NONE', *, *, #6880, .T. ) ;
#320 = LINE ( 'NONE', #4740, #5569 ) ;
#321 = ORIENTED_EDGE ( 'NONE', *, *, #2117, .F. ) ;
#322 = VECTOR ( 'NONE', #1052, 1000.000000000000000 ) ;
#323 = CARTESIAN_POINT ( 'NONE',  ( 2.634437647955736800, 1.018993551216642800, 2.315094501027130700 ) ) ;
#324 = DIRECTION ( 'NONE',  ( 1.000000000000000000, 0.0000000000000000000, 3.491481338843133400E-015 ) ) ;
#325 = EDGE_LOOP ( 'NONE', ( #7115, #6378, #4577, #3920 ) ) ;
#326 = DIRECTION ( 'NONE',  ( -1.000000000000000000, 0.0000000000000000000, -3.491481338843133000E-015 ) ) ;
#327 = CARTESIAN_POINT ( 'NONE',  ( 2.657893680986114200, 0.9124974643221921400, 2.371709201773311900 ) ) ;
#328 = ORIENTED_EDGE ( 'NONE', *, *, #197, .T. ) ;
#329 = DIRECTION ( 'NONE',  ( -0.0000000000000000000, -1.000000000000000000, 0.0000000000000000000 ) ) ;
#330 = VECTOR ( 'NONE', #3451, 1000.000000000000000 ) ;
#331 = EDGE_LOOP ( 'NONE', ( #4263, #3912, #1378, #3469 ) ) ;
#332 = ORIENTED_EDGE ( 'NONE', *, *, #268, .F. ) ;
#333 = EDGE_CURVE ( 'NONE', #2304, #5123, #5164, .T. ) ;
#334 = CARTESIAN_POINT ( 'NONE',  ( -2.389999999999957500, 0.2999999999999999300, -1.649999999999929700 ) ) ;
#335 = EDGE_LOOP ( 'NONE', ( #803, #2341, #6175, #2577 ) ) ;
#336 = CARTESIAN_POINT ( 'NONE',  ( -2.389999999999957500, 4.944146853836610200, -1.649999999999929700 ) ) ;
#337 = LINE ( 'NONE', #7201, #6197 ) ;
#338 = ORIENTED_EDGE ( 'NONE', *, *, #4623, .T. ) ;
#339 = CARTESIAN_POINT ( 'NONE',  ( -2.875000000000008900, 0.3000000000000000400, 2.449999999999990400 ) ) ;
#340 = ADVANCED_FACE ( 'NONE', ( #4753 ), #735, .T. ) ;
#341 = UNCERTAINTY_MEASURE_WITH_UNIT (LENGTH_MEASURE( 1.000000000000000100E-005 ), #6052, 'distance_accuracy_value', 'NONE');
#342 = CARTESIAN_POINT ( 'NONE',  ( -2.753110674153799000, 1.015930066937204000, 2.156984346033740800 ) ) ;
#343 = ORIENTED_EDGE ( 'NONE', *, *, #5861, .F. ) ;
#344 = FACE_OUTER_BOUND ( 'NONE', #5237, .T. ) ;
#345 = AXIS2_PLACEMENT_3D ( 'NONE', #1506, #430, #6000 ) ;
#346 = ORIENTED_EDGE ( 'NONE', *, *, #6682, .T. ) ;
#347 = CARTESIAN_POINT ( 'NONE',  ( -3.000000000000004900, 0.2999999999999999300, 1.699999999999906900 ) ) ;
#348 = CARTESIAN_POINT ( 'NONE',  ( -2.621374128785570100, 1.094455121290137200, -2.161732621947910300 ) ) ;
#349 = CARTESIAN_POINT ( 'NONE',  ( 2.742135419286205100, 0.9966906513104267800, 2.249718273316528200 ) ) ;
#350 = VERTEX_POINT ( 'NONE', #7028 ) ;
#351 = EDGE_CURVE ( 'NONE', #5030, #5473, #5532, .T. ) ;
#352 = CARTESIAN_POINT ( 'NONE',  ( -2.590986782471029800, 0.8765143461028250800, 2.389382077747715700 ) ) ;
#353 = CARTESIAN_POINT ( 'NONE',  ( -0.6500000000000054600, 4.944146853836610200, 1.904999999999900600 ) ) ;
#354 = CARTESIAN_POINT ( 'NONE',  ( 2.591215428888620700, 1.100000000000000100, 2.155866468956437300 ) ) ;
#355 = SURFACE_STYLE_FILL_AREA ( #3684 ) ;
#356 = ORIENTED_EDGE ( 'NONE', *, *, #4901, .F. ) ;
#357 = EDGE_CURVE ( 'NONE', #3393, #6169, #381, .T. ) ;
#358 = FILL_AREA_STYLE ('',( #4266 ) ) ;
#359 = CARTESIAN_POINT ( 'NONE',  ( 0.0000000000000000000, 0.3000000000000000400, 0.0000000000000000000 ) ) ;
#360 = DIRECTION ( 'NONE',  ( 0.7071067811867435300, 0.0000000000000000000, 0.7071067811863515100 ) ) ;
#361 = LINE ( 'NONE', #4233, #5246 ) ;
#362 = CARTESIAN_POINT ( 'NONE',  ( 0.0000000000000000000, 0.3000000000000000400, 0.0000000000000000000 ) ) ;
#363 = ORIENTED_EDGE ( 'NONE', *, *, #742, .T. ) ;
#364 = CARTESIAN_POINT ( 'NONE',  ( -2.800000000000004700, 0.3000000000000000400, 2.109999999999907500 ) ) ;
#365 = VECTOR ( 'NONE', #1499, 1000.000000000000000 ) ;
#366 = EDGE_CURVE ( 'NONE', #4237, #3063, #7320, .T. ) ;
#367 = CARTESIAN_POINT ( 'NONE',  ( 2.874999999999991100, 0.05000000000000000300, 2.450000000000010400 ) ) ;
#368 = DIRECTION ( 'NONE',  ( -1.168734907595626100E-014, 0.0000000000000000000, -1.000000000000000000 ) ) ;
#369 = ADVANCED_FACE ( 'NONE', ( #6246 ), #4218, .F. ) ;
#370 = CARTESIAN_POINT ( 'NONE',  ( -2.611670085740289700, 1.094589964273462000, -2.176493867587232500 ) ) ;
#371 = CARTESIAN_POINT ( 'NONE',  ( 2.659982266249412100, 0.8824655181532793400, 2.377008213787132000 ) ) ;
#372 = CARTESIAN_POINT ( 'NONE',  ( -2.389999999999955300, 0.2999999999999999300, -0.8899999999999824700 ) ) ;
#373 = LINE ( 'NONE', #4529, #6237 ) ;
#374 = ORIENTED_EDGE ( 'NONE', *, *, #5899, .F. ) ;
#375 = ORIENTED_EDGE ( 'NONE', *, *, #6845, .T. ) ;
#376 = ORIENTED_EDGE ( 'NONE', *, *, #1586, .F. ) ;
#377 = CARTESIAN_POINT ( 'NONE',  ( -2.855003631649734300, 0.4902527362452308600, -2.336845328190806800 ) ) ;
#378 = CARTESIAN_POINT ( 'NONE',  ( 2.586732617517614000, 1.094455121249903000, 2.196374133133709400 ) ) ;
#379 = CARTESIAN_POINT ( 'NONE',  ( -2.750000000000016900, 0.2999999999999999300, -2.159999999999927800 ) ) ;
#380 = LINE ( 'NONE', #3450, #6070 ) ;
#381 = LINE ( 'NONE', #2963, #4193 ) ;
#382 = CARTESIAN_POINT ( 'NONE',  ( -2.750000000000000900, 0.0000000000000000000, 0.8899999999999627100 ) ) ;
#383 = CARTESIAN_POINT ( 'NONE',  ( -2.389999999999953500, 0.3000000000000000400, -0.3799999999999846300 ) ) ;
#384 = LINE ( 'NONE', #4337, #6334 ) ;
#385 = VERTEX_POINT ( 'NONE', #3132 ) ;
#386 = ORIENTED_EDGE ( 'NONE', *, *, #122, .F. ) ;
#387 = CARTESIAN_POINT ( 'NONE',  ( -2.800000000000017600, 0.3000000000000000400, -1.699999999999927600 ) ) ;
#388 = DIRECTION ( 'NONE',  ( 9.894763254153616200E-016, 0.0000000000000000000, -1.000000000000000000 ) ) ;
#389 = AXIS2_PLACEMENT_3D ( 'NONE', #1070, #5530, #2705 ) ;
#390 = PLANE ( 'NONE',  #967 ) ;
#392 = ORIENTED_EDGE ( 'NONE', *, *, #5033, .F. ) ;
#391 = CARTESIAN_POINT ( 'NONE',  ( -2.582221402585043600, 1.015348775007399700, -2.330796319344267800 ) ) ;
#393 = CARTESIAN_POINT ( 'NONE',  ( 2.766839514591779000, 0.9937831759771970100, 2.196387451335703600 ) ) ;
#394 = VECTOR ( 'NONE', #7159, 1000.000000000000000 ) ;
#395 = EDGE_CURVE ( 'NONE', #2288, #5081, #3635, .T. ) ;
#396 = ORIENTED_EDGE ( 'NONE', *, *, #695, .T. ) ;
#397 = LINE ( 'NONE', #2867, #2170 ) ;
#398 = VERTEX_POINT ( 'NONE', #1451 ) ;
#399 = ORIENTED_EDGE ( 'NONE', *, *, #3091, .T. ) ;
#400 = EDGE_CURVE ( 'NONE', #2203, #1083, #4007, .T. ) ;
#401 = EDGE_CURVE ( 'NONE', #4934, #1903, #6878, .T. ) ;
#402 = DIRECTION ( 'NONE',  ( 0.0000000000000000000, -1.000000000000000000, 0.0000000000000000000 ) ) ;
#403 = CARTESIAN_POINT ( 'NONE',  ( 2.578301215384521100, 1.056223637731297900, 2.285400185261179800 ) ) ;
#405 = VERTEX_POINT ( 'NONE', #1621 ) ;
#404 = LINE ( 'NONE', #4173, #234 ) ;
#406 = LINE ( 'NONE', #924, #4222 ) ;
#407 = ORIENTED_EDGE ( 'NONE', *, *, #6298, .T. ) ;
#408 = VECTOR ( 'NONE', #5549, 999.9999999999998900 ) ;
#409 = DIRECTION ( 'NONE',  ( -1.000000000000000000, 0.0000000000000000000, 2.531864063853211700E-015 ) ) ;
#410 = ADVANCED_FACE ( 'NONE', ( #1520 ), #5004, .T. ) ;
#411 = AXIS2_PLACEMENT_3D ( 'NONE', #6472, #3048, #7057 ) ;
#412 = CARTESIAN_POINT ( 'NONE',  ( 2.718408155432533200, 1.048175076252370100, 2.153978969440387500 ) ) ;
#414 = ORIENTED_EDGE ( 'NONE', *, *, #3012, .F. ) ;
#413 = PLANE ( 'NONE',  #3467 ) ;
#415 = DIRECTION ( 'NONE',  ( -0.7071067811865515700, 0.0000000000000000000, 0.7071067811865435800 ) ) ;
#416 = VECTOR ( 'NONE', #5618, 1000.000000000000000 ) ;
#417 = EDGE_LOOP ( 'NONE', ( #6168, #6458, #884, #5930 ) ) ;
#418 = VECTOR ( 'NONE', #3251, 1000.000000000000000 ) ;
#419 = EDGE_CURVE ( 'NONE', #2517, #3592, #3388, .T. ) ;
#420 = CARTESIAN_POINT ( 'NONE',  ( 1.720645179246097500E-014, 0.05000000000000000300, -2.109999999999893300 ) ) ;
#421 = EDGE_LOOP ( 'NONE', ( #4495, #5294, #2178, #63 ) ) ;
#422 = LINE ( 'NONE', #6468, #4522 ) ;
#423 = ORIENTED_EDGE ( 'NONE', *, *, #3248, .F. ) ;
#424 = CARTESIAN_POINT ( 'NONE',  ( 0.7750000000000000200, 1.060000000000000100, 2.705898037603428400E-015 ) ) ;
#425 = CARTESIAN_POINT ( 'NONE',  ( -2.580942616057231700, 1.094374329098317900, -2.199207381835079500 ) ) ;
#426 = ORIENTED_EDGE ( 'NONE', *, *, #1268, .T. ) ;
#427 = LINE ( 'NONE', #6295, #2458 ) ;
#428 = FACE_OUTER_BOUND ( 'NONE', #146, .T. ) ;
#429 = VERTEX_POINT ( 'NONE', #6110 ) ;
#430 = DIRECTION ( 'NONE',  ( -3.220430795721757200E-015, 0.0000000000000000000, 1.000000000000000000 ) ) ;
#431 = CARTESIAN_POINT ( 'NONE',  ( 2.580942616058454300, 1.094374329098135100, 2.199207381833561600 ) ) ;
#432 = CARTESIAN_POINT ( 'NONE',  ( 2.800000000000062900, 4.944146853836610200, -1.699999999999908700 ) ) ;
#433 = CARTESIAN_POINT ( 'NONE',  ( 1.819999999998099100, 0.05000000000000000300, 1.820000000000582500 ) ) ;
#434 = FACE_OUTER_BOUND ( 'NONE', #6901, .T. ) ;
#435 = DIRECTION ( 'NONE',  ( -0.0000000000000000000, -1.000000000000000000, 0.0000000000000000000 ) ) ;
#436 = CARTESIAN_POINT ( 'NONE',  ( 2.750000000000064400, 0.05000000000000002400, -2.159999999999909500 ) ) ;
#437 = CARTESIAN_POINT ( 'NONE',  ( 2.750000000000039500, 0.3000000000000000400, -1.649999999999908700 ) ) ;
#438 = ORIENTED_EDGE ( 'NONE', *, *, #1782, .T. ) ;
#439 = ORIENTED_EDGE ( 'NONE', *, *, #5319, .F. ) ;
#440 =( GEOMETRIC_REPRESENTATION_CONTEXT ( 3 ) GLOBAL_UNCERTAINTY_ASSIGNED_CONTEXT ( ( #4847 ) ) GLOBAL_UNIT_ASSIGNED_CONTEXT ( ( #1229, #2307, #4581 ) ) REPRESENTATION_CONTEXT ( 'NONE', 'WORKASPACE' ) );
#441 = CARTESIAN_POINT ( 'NONE',  ( 2.490000000000000200, 0.3000000000000000400, 0.2500000000000087700 ) ) ;
#442 = ORIENTED_EDGE ( 'NONE', *, *, #2910, .T. ) ;
#443 = CARTESIAN_POINT ( 'NONE',  ( -2.749999999999995100, 0.05000000000000002400, -1.649999999999927100 ) ) ;
#444 = ADVANCED_FACE ( 'NONE', ( #17 ), #465, .F. ) ;
#445 = CARTESIAN_POINT ( 'NONE',  ( -2.588118712272882600, 1.056877884653445700, -2.283330161883094800 ) ) ;
#446 = CARTESIAN_POINT ( 'NONE',  ( -1.089999999999998300, 4.944146853836610200, -0.2500000000000033900 ) ) ;
#447 = EDGE_CURVE ( 'NONE', #6148, #52, #1182, .T. ) ;
#448 = VECTOR ( 'NONE', #704, 1000.000000000000000 ) ;
#449 = EDGE_CURVE ( 'NONE', #224, #6203, #3816, .T. ) ;
#450 = DIRECTION ( 'NONE',  ( 3.491481338843133400E-015, -0.0000000000000000000, -1.000000000000000000 ) ) ;
#451 = CARTESIAN_POINT ( 'NONE',  ( 2.582221402585043600, 1.015348775007399300, 2.330796319344267300 ) ) ;
#452 = VECTOR ( 'NONE', #3002, 1000.000000000000100 ) ;
#453 = CARTESIAN_POINT ( 'NONE',  ( -2.389999999999962800, 4.944146853836610200, -2.159999999999928600 ) ) ;
#454 = EDGE_CURVE ( 'NONE', #2956, #5370, #2495, .T. ) ;
#455 = PLANE ( 'NONE',  #4154 ) ;
#456 = EDGE_CURVE ( 'NONE', #5995, #5233, #2575, .T. ) ;
#457 = DIRECTION ( 'NONE',  ( -1.000000000000000000, 0.0000000000000000000, -3.491481338843133400E-015 ) ) ;
#458 = CARTESIAN_POINT ( 'NONE',  ( -2.874999999999993800, 0.3000000000000000400, -1.699999999999926700 ) ) ;
#459 = PLANE ( 'NONE',  #3712 ) ;
#460 = DIRECTION ( 'NONE',  ( 0.0000000000000000000, -1.000000000000000000, 0.0000000000000000000 ) ) ;
#461 = DIRECTION ( 'NONE',  ( -1.000000000000000000, 0.0000000000000000000, -1.812821066739969000E-014 ) ) ;
#462 = VECTOR ( 'NONE', #1281, 1000.000000000000000 ) ;
#463 = LINE ( 'NONE', #4695, #6325 ) ;
#464 = CARTESIAN_POINT ( 'NONE',  ( -2.568654174466912000, 1.100000000000000100, -2.171392511269164800 ) ) ;
#465 = PLANE ( 'NONE',  #4635 ) ;
#466 = ORIENTED_EDGE ( 'NONE', *, *, #628, .T. ) ;
#467 = ORIENTED_EDGE ( 'NONE', *, *, #4927, .T. ) ;
#468 = VECTOR ( 'NONE', #1956, 1000.000000000000000 ) ;
#469 = CARTESIAN_POINT ( 'NONE',  ( 3.000000000000065700, 4.944146853836610200, -2.109999999999907900 ) ) ;
#470 = DIRECTION ( 'NONE',  ( 1.000000000000000000, 0.0000000000000000000, 4.093815879112860300E-015 ) ) ;
#471 = ADVANCED_FACE ( 'NONE', ( #1272 ), #4504, .T. ) ;
#472 = CARTESIAN_POINT ( 'NONE',  ( 2.808461344295599000, 0.9330730206656352400, 2.161769295503688200 ) ) ;
#473 = LINE ( 'NONE', #529, #3567 ) ;
#474 = CARTESIAN_POINT ( 'NONE',  ( 2.800000000000028200, 0.05000000000000002400, 1.699999999999926500 ) ) ;
#475 = EDGE_LOOP ( 'NONE', ( #2392, #2245, #5785, #5055 ) ) ;
#476 = DIRECTION ( 'NONE',  ( -1.000000000000000000, 0.0000000000000000000, -2.286812258303601300E-015 ) ) ;
#477 = ORIENTED_EDGE ( 'NONE', *, *, #1366, .T. ) ;
#478 = CARTESIAN_POINT ( 'NONE',  ( -0.6499999999999928100, 0.3000000000000000400, -2.109999999999900400 ) ) ;
#479 = ORIENTED_EDGE ( 'NONE', *, *, #1114, .T. ) ;
#480 = VECTOR ( 'NONE', #6669, 1000.000000000000000 ) ;
#481 = ORIENTED_EDGE ( 'NONE', *, *, #2382, .F. ) ;
#482 = LINE ( 'NONE', #4523, #5923 ) ;
#483 = CARTESIAN_POINT ( 'NONE',  ( -2.793603836822331500, 1.074432761647642100, -2.119973362980279900 ) ) ;
#484 = ORIENTED_EDGE ( 'NONE', *, *, #2025, .F. ) ;
#485 = CARTESIAN_POINT ( 'NONE',  ( 2.750000000000020900, 4.944146853836610200, 2.159999999999888700 ) ) ;
#486 = CARTESIAN_POINT ( 'NONE',  ( -2.583780931762362800, 1.100000000000000100, -2.163955405330925300 ) ) ;
#487 = DIRECTION ( 'NONE',  ( 0.0000000000000000000, 1.000000000000000000, 0.0000000000000000000 ) ) ;
#488 = VERTEX_POINT ( 'NONE', #5634 ) ;
#489 = EDGE_CURVE ( 'NONE', #311, #6155, #2749, .T. ) ;
#490 = AXIS2_PLACEMENT_3D ( 'NONE', #3814, #4427, #1000 ) ;
#491 = ORIENTED_EDGE ( 'NONE', *, *, #3503, .T. ) ;
#492 = VECTOR ( 'NONE', #5282, 1000.000000000000000 ) ;
#493 = LINE ( 'NONE', #2210, #5560 ) ;
#494 = ORIENTED_EDGE ( 'NONE', *, *, #1006, .F. ) ;
#495 = LINE ( 'NONE', #7041, #245 ) ;
#496 = CARTESIAN_POINT ( 'NONE',  ( -2.580942613654784600, 1.094374309863961300, 2.199207328089636700 ) ) ;
#497 = EDGE_CURVE ( 'NONE', #1487, #2373, #3341, .T. ) ;
#498 = EDGE_CURVE ( 'NONE', #797, #1539, #6467, .T. ) ;
#499 = VECTOR ( 'NONE', #5871, 1000.000000000000000 ) ;
#500 = VECTOR ( 'NONE', #2312, 1000.000000000000000 ) ;
#501 = ORIENTED_EDGE ( 'NONE', *, *, #1970, .T. ) ;
#502 = CARTESIAN_POINT ( 'NONE',  ( 2.800000000000052200, 4.944146853836610200, -0.8399999999999632200 ) ) ;
#503 = ORIENTED_EDGE ( 'NONE', *, *, #3483, .T. ) ;
#504 = FACE_OUTER_BOUND ( 'NONE', #2409, .T. ) ;
#505 = LINE ( 'NONE', #3343, #604 ) ;
#506 = EDGE_CURVE ( 'NONE', #2251, #5922, #2195, .T. ) ;
#507 = DIRECTION ( 'NONE',  ( -3.370341431302853500E-015, 0.0000000000000000000, 1.000000000000000000 ) ) ;
#508 = CARTESIAN_POINT ( 'NONE',  ( -2.848315816446584900, 0.5538830474904877800, -2.299000579525568800 ) ) ;
#509 = CARTESIAN_POINT ( 'NONE',  ( 2.489999999999991300, 0.3000000000000000400, 0.3799999999999428800 ) ) ;
#510 = VECTOR ( 'NONE', #7290, 1000.000000000000000 ) ;
#511 = VERTEX_POINT ( 'NONE', #3309 ) ;
#512 = CARTESIAN_POINT ( 'NONE',  ( -2.580866468956437600, 1.100000000000000100, 2.166215428888616800 ) ) ;
#513 = EDGE_CURVE ( 'NONE', #791, #1624, #3965, .T. ) ;
#514 = DIRECTION ( 'NONE',  ( 0.0000000000000000000, -1.000000000000000000, 0.0000000000000000000 ) ) ;
#515 = CARTESIAN_POINT ( 'NONE',  ( 2.749999999999999100, 0.2999999999999999300, 1.649999999999850700 ) ) ;
#516 = CARTESIAN_POINT ( 'NONE',  ( -2.390000000000004600, 4.944146853836610200, 1.649999999999909300 ) ) ;
#517 = DIRECTION ( 'NONE',  ( -1.000000000000000000, 0.0000000000000000000, -4.062114061203939100E-015 ) ) ;
#518 = CARTESIAN_POINT ( 'NONE',  ( 2.750000000000012900, 0.0000000000000000000, -0.8899999999999244100 ) ) ;
#519 = CARTESIAN_POINT ( 'NONE',  ( -2.389999999999955300, 0.3000000000000000400, -0.8899999999999824700 ) ) ;
#520 = DIRECTION ( 'NONE',  ( 0.0000000000000000000, -1.000000000000000000, 0.0000000000000000000 ) ) ;
#521 = ADVANCED_FACE ( 'NONE', ( #428 ), #3338, .F. ) ;
#522 = ORIENTED_EDGE ( 'NONE', *, *, #3503, .F. ) ;
#523 = ADVANCED_FACE ( 'NONE', ( #3780 ), #5535, .F. ) ;
#524 = AXIS2_PLACEMENT_3D ( 'NONE', #3004, #4157, #4774 ) ;
#525 = CARTESIAN_POINT ( 'NONE',  ( -2.875000000000003100, 0.3000000000000000400, 0.8399999999999761000 ) ) ;
#526 = EDGE_CURVE ( 'NONE', #5741, #7000, #2540, .T. ) ;
#527 = VECTOR ( 'NONE', #720, 1000.000000000000000 ) ;
#528 = DIRECTION ( 'NONE',  ( 1.000000000000000000, 0.0000000000000000000, 1.481907712820748700E-013 ) ) ;
#529 = CARTESIAN_POINT ( 'NONE',  ( -0.6500000000000070200, 4.944146853836610200, 2.109999999999897300 ) ) ;
#530 = CARTESIAN_POINT ( 'NONE',  ( 2.490000000000003300, 4.944146853836610200, -0.8899999999999274000 ) ) ;
#531 = CARTESIAN_POINT ( 'NONE',  ( 2.634437674747959400, 1.018993547693806300, -2.315094444701406600 ) ) ;
#532 =( GEOMETRIC_REPRESENTATION_CONTEXT ( 3 ) GLOBAL_UNCERTAINTY_ASSIGNED_CONTEXT ( ( #2955 ) ) GLOBAL_UNIT_ASSIGNED_CONTEXT ( ( #6905, #5168, #1777 ) ) REPRESENTATION_CONTEXT ( 'NONE', 'WORKASPACE' ) );
#533 = LINE ( 'NONE', #4960, #7129 ) ;
#534 = CARTESIAN_POINT ( 'NONE',  ( -2.583780927090116600, 1.100000000000000100, 2.163955409432433800 ) ) ;
#535 = CARTESIAN_POINT ( 'NONE',  ( -2.583857514185197600, 0.9878907358572860400, -2.349942997330360900 ) ) ;
#536 = DIRECTION ( 'NONE',  ( -7.370371334212277500E-014, 0.0000000000000000000, -1.000000000000000000 ) ) ;
#537 = CARTESIAN_POINT ( 'NONE',  ( -0.7430000000000072100, 0.3000000000000000400, 2.109999999999914600 ) ) ;
#538 = CARTESIAN_POINT ( 'NONE',  ( 2.250000000000021300, 4.944146853836610200, -1.904999999999893900 ) ) ;
#539 = VECTOR ( 'NONE', #5856, 1000.000000000000000 ) ;
#540 = EDGE_CURVE ( 'NONE', #3356, #2735, #7108, .T. ) ;
#541 = ORIENTED_EDGE ( 'NONE', *, *, #1107, .T. ) ;
#542 = ORIENTED_EDGE ( 'NONE', *, *, #2661, .T. ) ;
#543 = MANIFOLD_SOLID_BREP ( 'Body-Move/Copy1[6]', #5502 ) ;
#544 = DIRECTION ( 'NONE',  ( -0.7071067811868750900, 0.0000000000000000000, 0.7071067811862200600 ) ) ;
#545 = DIRECTION ( 'NONE',  ( 3.370341431302853500E-015, 0.0000000000000000000, -1.000000000000000000 ) ) ;
#546 = CARTESIAN_POINT ( 'NONE',  ( -2.390000000000004600, 0.05000000000000000300, -1.647403080686412300E-014 ) ) ;
#547 = VECTOR ( 'NONE', #3273, 1000.000000000000000 ) ;
#548 = LINE ( 'NONE', #1304, #6503 ) ;
#550 = ORIENTED_EDGE ( 'NONE', *, *, #3117, .F. ) ;
#549 = DIRECTION ( 'NONE',  ( 0.0000000000000000000, -1.000000000000000000, 0.0000000000000000000 ) ) ;
#551 = ORIENTED_EDGE ( 'NONE', *, *, #3909, .F. ) ;
#552 = CARTESIAN_POINT ( 'NONE',  ( -0.6499999999999928100, 0.3000000000000000400, -2.109999999999900400 ) ) ;
#553 = CARTESIAN_POINT ( 'NONE',  ( 2.710280226426274200, 1.056305036834823200, -2.154262906990767500 ) ) ;
#554 = DIRECTION ( 'NONE',  ( 1.000000000000000000, 0.0000000000000000000, 3.491481338843133400E-015 ) ) ;
#555 = CARTESIAN_POINT ( 'NONE',  ( -2.750000000000007500, 0.2999999999999999300, 0.3799999999999628700 ) ) ;
#556 = DIRECTION ( 'NONE',  ( 0.7071067811865482400, 0.0000000000000000000, 0.7071067811865469100 ) ) ;
#557 = FACE_OUTER_BOUND ( 'NONE', #831, .T. ) ;
#558 = EDGE_CURVE ( 'NONE', #3124, #1232, #7027, .T. ) ;
#559 = ORIENTED_EDGE ( 'NONE', *, *, #1738, .T. ) ;
#560 = ORIENTED_EDGE ( 'NONE', *, *, #6527, .T. ) ;
#561 = CARTESIAN_POINT ( 'NONE',  ( -2.638229427783807400, 1.059090531170772100, 2.260426471246351100 ) ) ;
#562 = ADVANCED_FACE ( 'NONE', ( #2290 ), #1700, .T. ) ;
#563 = CARTESIAN_POINT ( 'NONE',  ( 2.595718492661125400, 1.016472563041264800, -2.328390919919349800 ) ) ;
#564 = DIRECTION ( 'NONE',  ( -0.0000000000000000000, -1.000000000000000000, 0.0000000000000000000 ) ) ;
#565 = VECTOR ( 'NONE', #6993, 1000.000000000000000 ) ;
#566 = ORIENTED_EDGE ( 'NONE', *, *, #3301, .T. ) ;
#567 = VECTOR ( 'NONE', #5600, 1000.000000000000000 ) ;
#568 = ORIENTED_EDGE ( 'NONE', *, *, #4354, .F. ) ;
#569 = CARTESIAN_POINT ( 'NONE',  ( 2.800416766313347700, 0.9379537708091906200, -2.178971795885319600 ) ) ;
#570 = CARTESIAN_POINT ( 'NONE',  ( 2.779826439422516100, 1.205515941740286500, -2.106195965580430300 ) ) ;
#571 = CARTESIAN_POINT ( 'NONE',  ( 2.008497338237277600E-014, 0.05000000000000000300, 2.109999999999876400 ) ) ;
#572 = CARTESIAN_POINT ( 'NONE',  ( -2.750000000000012400, 0.2999999999999999300, -0.8899999999999823600 ) ) ;
#574 = EDGE_LOOP ( 'NONE', ( #4712, #6101, #4860, #1005 ) ) ;
#573 = CIRCLE ( 'NONE', #3383, 0.5999999999999999800 ) ;
#575 = VECTOR ( 'NONE', #3289, 1000.000000000000000 ) ;
#576 = ORIENTED_EDGE ( 'NONE', *, *, #4829, .T. ) ;
#577 = CARTESIAN_POINT ( 'NONE',  ( 2.790916611787450200, 1.099999999999999900, 2.365916611787468600 ) ) ;
#578 = CARTESIAN_POINT ( 'NONE',  ( -0.7430000000000072100, 0.0000000000000000000, 2.449999999999998400 ) ) ;
#579 = FACE_OUTER_BOUND ( 'NONE', #763, .T. ) ;
#580 =( LENGTH_UNIT ( ) NAMED_UNIT ( * ) SI_UNIT ( .MILLI., .METRE. ) );
#581 = ORIENTED_EDGE ( 'NONE', *, *, #3154, .T. ) ;
#582 = CARTESIAN_POINT ( 'NONE',  ( 2.250000000000021300, 0.3000000000000000400, -1.904999999999893900 ) ) ;
#583 = ORIENTED_EDGE ( 'NONE', *, *, #6164, .T. ) ;
#584 = CARTESIAN_POINT ( 'NONE',  ( -2.800000000000004700, 0.2999999999999999300, 1.699999999999908500 ) ) ;
#585 = CARTESIAN_POINT ( 'NONE',  ( 2.624313815736376100, 1.074102485730399800, -2.238167262603679000 ) ) ;
#586 = LINE ( 'NONE', #4411, #6181 ) ;
#587 = ORIENTED_EDGE ( 'NONE', *, *, #5542, .T. ) ;
#588 = FACE_OUTER_BOUND ( 'NONE', #6470, .T. ) ;
#589 = CARTESIAN_POINT ( 'NONE',  ( -2.874999999999998700, 0.3000000000000000400, -0.4299999999999807900 ) ) ;
#590 = CARTESIAN_POINT ( 'NONE',  ( -0.7430000000000072100, 0.2999999999999999300, 2.449999999999998400 ) ) ;
#591 = ORIENTED_EDGE ( 'NONE', *, *, #76, .T. ) ;
#592 = EDGE_CURVE ( 'NONE', #7362, #2193, #6113, .T. ) ;
#593 = AXIS2_PLACEMENT_3D ( 'NONE', #4527, #5073, #6863 ) ;
#594 = ORIENTED_EDGE ( 'NONE', *, *, #5217, .T. ) ;
#595 = ORIENTED_EDGE ( 'NONE', *, *, #5102, .T. ) ;
#596 = VECTOR ( 'NONE', #402, 1000.000000000000000 ) ;
#597 = ORIENTED_EDGE ( 'NONE', *, *, #5094, .T. ) ;
#598 = EDGE_CURVE ( 'NONE', #3239, #614, #6731, .T. ) ;
#599 = EDGE_CURVE ( 'NONE', #4592, #4230, #5216, .T. ) ;
#600 = DIRECTION ( 'NONE',  ( -4.767013306472753900E-015, 0.0000000000000000000, 1.000000000000000000 ) ) ;
#601 = CARTESIAN_POINT ( 'NONE',  ( 2.524307266880532600, 1.271057531786608900, -2.347937740722584500 ) ) ;
#602 = ORIENTED_EDGE ( 'NONE', *, *, #3476, .T. ) ;
#603 = VECTOR ( 'NONE', #3471, 1000.000000000000000 ) ;
#604 = VECTOR ( 'NONE', #7317, 1000.000000000000000 ) ;
#605 = CARTESIAN_POINT ( 'NONE',  ( -2.875000000000008400, 0.3000000000000000400, 2.449999999999990400 ) ) ;
#606 = DIRECTION ( 'NONE',  ( 0.7071067811865536800, 0.0000000000000000000, -0.7071067811865413600 ) ) ;
#607 = CARTESIAN_POINT ( 'NONE',  ( 2.490000000000001500, 0.0000000000000000000, -0.2499999999999913400 ) ) ;
#608 = ADVANCED_FACE ( 'NONE', ( #3688 ), #6929, .T. ) ;
#609 = VECTOR ( 'NONE', #7116, 1000.000000000000000 ) ;
#610 = PLANE ( 'NONE',  #7373 ) ;
#611 = CARTESIAN_POINT ( 'NONE',  ( -2.800000000000009100, 0.3000000000000000400, 0.8399999999999627800 ) ) ;
#612 = CARTESIAN_POINT ( 'NONE',  ( 2.663167309015384500, 1.074102485029814400, -2.199313762002689000 ) ) ;
#613 = CARTESIAN_POINT ( 'NONE',  ( -2.800000000000014000, 0.2999999999999999300, -0.4299999999999822900 ) ) ;
#614 = VERTEX_POINT ( 'NONE', #3318 ) ;
#615 = PLANE ( 'NONE',  #7085 ) ;
#616 = ORIENTED_EDGE ( 'NONE', *, *, #6845, .F. ) ;
#617 = EDGE_LOOP ( 'NONE', ( #1153, #4021, #6415, #2006 ) ) ;
#618 = EDGE_LOOP ( 'NONE', ( #5726, #491, #6253, #3973 ) ) ;
#619 = DIRECTION ( 'NONE',  ( -0.0000000000000000000, -1.000000000000000000, -0.0000000000000000000 ) ) ;
#620 = LINE ( 'NONE', #147, #1953 ) ;
#621 = CARTESIAN_POINT ( 'NONE',  ( 2.605173112971574500, 0.9083540693244277500, -2.384931937150884800 ) ) ;
#622 = CARTESIAN_POINT ( 'NONE',  ( 2.875000000000008900, 0.2999999999999999900, -2.449999999999990400 ) ) ;
#623 = DIRECTION ( 'NONE',  ( -0.0000000000000000000, -1.000000000000000000, 0.0000000000000000000 ) ) ;
#624 = CARTESIAN_POINT ( 'NONE',  ( -2.800000000000017600, 0.3000000000000016500, -1.699999999999927600 ) ) ;
#625 = CARTESIAN_POINT ( 'NONE',  ( 2.489999999999994000, 0.3000000000000000400, -0.3799999999999254500 ) ) ;
#626 = LINE ( 'NONE', #4179, #1354 ) ;
#627 = CARTESIAN_POINT ( 'NONE',  ( -2.390000000000004600, 0.0000000000000000000, 1.649999999999909300 ) ) ;
#628 = EDGE_CURVE ( 'NONE', #2449, #3616, #505, .T. ) ;
#629 = CARTESIAN_POINT ( 'NONE',  ( -1.089999999999998300, 0.2999999999999999300, -0.2500000000000033900 ) ) ;
#630 = CARTESIAN_POINT ( 'NONE',  ( 2.683565458855593700, 1.072362714407163200, -2.152578475707011700 ) ) ;
#631 = PLANE ( 'NONE',  #5692 ) ;
#632 = FACE_OUTER_BOUND ( 'NONE', #3423, .T. ) ;
#633 = CARTESIAN_POINT ( 'NONE',  ( -2.800000000000004700, 0.3000000000000000400, 2.109999999999907500 ) ) ;
#634 = EDGE_CURVE ( 'NONE', #6012, #1024, #5037, .T. ) ;
#635 = ORIENTED_EDGE ( 'NONE', *, *, #836, .T. ) ;
#636 = EDGE_CURVE ( 'NONE', #4827, #5949, #4248, .T. ) ;
#637 = CARTESIAN_POINT ( 'NONE',  ( -2.596424261741102000, 1.100000000000000100, 2.143458814361268100 ) ) ;
#638 = ADVANCED_FACE ( 'NONE', ( #6380 ), #5135, .T. ) ;
#639 = FACE_OUTER_BOUND ( 'NONE', #4828, .T. ) ;
#640 = FACE_OUTER_BOUND ( 'NONE', #4912, .T. ) ;
#641 = ORIENTED_EDGE ( 'NONE', *, *, #187, .F. ) ;
#642 = ORIENTED_EDGE ( 'NONE', *, *, #5154, .T. ) ;
#643 = FILL_AREA_STYLE_COLOUR ( '', #4100 ) ;
#644 = ORIENTED_EDGE ( 'NONE', *, *, #5515, .T. ) ;
#645 = CARTESIAN_POINT ( 'NONE',  ( 2.796709201769193200, 0.9124974643225831600, -2.232893680999722600 ) ) ;
#646 = DIRECTION ( 'NONE',  ( 3.491481338843133400E-015, -0.0000000000000000000, -1.000000000000000000 ) ) ;
#647 = EDGE_CURVE ( 'NONE', #3826, #6041, #2627, .T. ) ;
#648 = DIRECTION ( 'NONE',  ( 7.478262672352444600E-014, 0.0000000000000000000, 1.000000000000000000 ) ) ;
#649 = LINE ( 'NONE', #4268, #4760 ) ;
#650 = ORIENTED_EDGE ( 'NONE', *, *, #4353, .F. ) ;
#651 = ORIENTED_EDGE ( 'NONE', *, *, #279, .F. ) ;
#652 = CARTESIAN_POINT ( 'NONE',  ( -2.389999999999953500, 0.3000000000000000400, -0.3799999999999846300 ) ) ;
#653 = CARTESIAN_POINT ( 'NONE',  ( 2.848315816446584900, 0.5538830474904878900, 2.299000579525568800 ) ) ;
#654 = CARTESIAN_POINT ( 'NONE',  ( -2.735983565358429700E-015, 0.05000000000000000300, -0.3800000000000018400 ) ) ;
#655 = CARTESIAN_POINT ( 'NONE',  ( 1.375000000000000000, 1.060000000000000100, 4.800786840909308400E-015 ) ) ;
#656 = VERTEX_POINT ( 'NONE', #4512 ) ;
#658 = ORIENTED_EDGE ( 'NONE', *, *, #2049, .T. ) ;
#657 = VECTOR ( 'NONE', #6349, 1000.000000000000000 ) ;
#659 = ORIENTED_EDGE ( 'NONE', *, *, #2103, .T. ) ;
#660 = ORIENTED_EDGE ( 'NONE', *, *, #395, .T. ) ;
#661 = PLANE ( 'NONE',  #2807 ) ;
#662 = DIRECTION ( 'NONE',  ( -0.0000000000000000000, -1.000000000000000000, 0.0000000000000000000 ) ) ;
#663 = PRESENTATION_LAYER_ASSIGNMENT (  '', '', ( #5377 ) ) ;
#665 = ORIENTED_EDGE ( 'NONE', *, *, #7033, .F. ) ;
#664 = FACE_OUTER_BOUND ( 'NONE', #859, .T. ) ;
#666 = VERTEX_POINT ( 'NONE', #5617 ) ;
#667 = LINE ( 'NONE', #1587, #1464 ) ;
#668 = CARTESIAN_POINT ( 'NONE',  ( 2.875000000000008400, 0.3000000000000000400, -2.449999999999990400 ) ) ;
#669 = ORIENTED_EDGE ( 'NONE', *, *, #1220, .F. ) ;
#670 = VECTOR ( 'NONE', #3219, 1000.000000000000000 ) ;
#671 = LINE ( 'NONE', #3021, #4692 ) ;
#672 = EDGE_LOOP ( 'NONE', ( #2750, #5613, #3130, #85 ) ) ;
#673 = CARTESIAN_POINT ( 'NONE',  ( 2.715165118505348500, 0.9446650052730269900, -2.328736155202311100 ) ) ;
#674 = DIRECTION ( 'NONE',  ( -1.000000000000000000, 0.0000000000000000000, -1.946841225083295300E-013 ) ) ;
#675 = VECTOR ( 'NONE', #2774, 1000.000000000000000 ) ;
#676 = PLANE ( 'NONE',  #3140 ) ;
#677 = DIRECTION ( 'NONE',  ( -1.000000000000000000, 0.0000000000000000000, -3.491481338843133000E-015 ) ) ;
#678 = CARTESIAN_POINT ( 'NONE',  ( -2.874999999999996900, 0.3000000000000000400, -0.8399999999999823200 ) ) ;
#679 = PLANE ( 'NONE',  #6562 ) ;
#680 = CARTESIAN_POINT ( 'NONE',  ( -2.390000000000006300, 0.0000000000000000000, 2.159999999999909100 ) ) ;
#681 = LINE ( 'NONE', #4988, #5767 ) ;
#682 = ORIENTED_EDGE ( 'NONE', *, *, #5346, .F. ) ;
#683 = CARTESIAN_POINT ( 'NONE',  ( -2.875000000000008400, 0.3000000000000000400, 2.449999999999990400 ) ) ;
#684 = EDGE_CURVE ( 'NONE', #614, #4513, #3610, .T. ) ;
#685 = CARTESIAN_POINT ( 'NONE',  ( -2.800000000000017600, 0.3000000000000000400, -2.109999999999927500 ) ) ;
#686 = CARTESIAN_POINT ( 'NONE',  ( -2.749999999999995100, 0.3000000000000000400, -1.649999999999927100 ) ) ;
#687 = CARTESIAN_POINT ( 'NONE',  ( -2.565815600713005700, 1.100000000000000100, 2.140815600712990400 ) ) ;
#688 = ORIENTED_EDGE ( 'NONE', *, *, #2576, .T. ) ;
#689 = LINE ( 'NONE', #2498, #3687 ) ;
#690 = VECTOR ( 'NONE', #2276, 1000.000000000000000 ) ;
#691 = AXIS2_PLACEMENT_3D ( 'NONE', #6688, #6664, #5480 ) ;
#692 = CARTESIAN_POINT ( 'NONE',  ( 2.814446074555074800, 0.8761321158169127500, -2.162286107418065900 ) ) ;
#693 = CARTESIAN_POINT ( 'NONE',  ( -2.715165118505348500, 0.9446650052730269900, 2.328736155202311100 ) ) ;
#694 = LINE ( 'NONE', #1477, #1041 ) ;
#695 = EDGE_CURVE ( 'NONE', #1232, #7169, #781, .T. ) ;
#696 = DIRECTION ( 'NONE',  ( -0.0000000000000000000, -1.000000000000000000, 0.0000000000000000000 ) ) ;
#697 = CARTESIAN_POINT ( 'NONE',  ( 2.802258690362710700, 0.9362677717270930800, -2.161233664771047300 ) ) ;
#698 = ORIENTED_EDGE ( 'NONE', *, *, #5156, .T. ) ;
#699 = DIRECTION ( 'NONE',  ( -1.000000000000000000, 0.0000000000000000000, -3.491481338843133400E-015 ) ) ;
#700 = DIRECTION ( 'NONE',  ( 3.491481338843133400E-015, -0.0000000000000000000, -1.000000000000000000 ) ) ;
#701 = DIRECTION ( 'NONE',  ( -1.000000000000000000, 0.0000000000000000000, 1.168734907595626100E-014 ) ) ;
#702 = ORIENTED_EDGE ( 'NONE', *, *, #3049, .F. ) ;
#703 = ORIENTED_EDGE ( 'NONE', *, *, #125, .F. ) ;
#704 = DIRECTION ( 'NONE',  ( 0.7071067811867076700, 0.0000000000000000000, 0.7071067811863873700 ) ) ;
#705 = CARTESIAN_POINT ( 'NONE',  ( -2.389999999999962800, 0.3000000000000000400, -2.159999999999928600 ) ) ;
#706 = EDGE_CURVE ( 'NONE', #5945, #4409, #2014, .T. ) ;
#707 = DIRECTION ( 'NONE',  ( 0.7071067811867075600, 0.0000000000000000000, 0.7071067811863873700 ) ) ;
#708 = CARTESIAN_POINT ( 'NONE',  ( 2.750000000000012900, 0.2999999999999999300, -0.8899999999999244100 ) ) ;
#709 = ORIENTED_EDGE ( 'NONE', *, *, #1880, .F. ) ;
#710 = CARTESIAN_POINT ( 'NONE',  ( 2.800000000000052200, 4.944146853836610200, -0.8399999999999632200 ) ) ;
#711 = ORIENTED_EDGE ( 'NONE', *, *, #5203, .T. ) ;
#712 = DIRECTION ( 'NONE',  ( 7.478262672352444600E-014, 0.0000000000000000000, 1.000000000000000000 ) ) ;
#713 = CARTESIAN_POINT ( 'NONE',  ( 2.811990905077318600, 0.8994914930250133000, 2.386990905077337000 ) ) ;
#714 = CARTESIAN_POINT ( 'NONE',  ( -2.802188878861426000, 0.9364576184234133500, 2.162987863700634800 ) ) ;
#715 = DIRECTION ( 'NONE',  ( -0.9945218953682734000, 0.1045284632676537100, -3.472354638749229900E-015 ) ) ;
#716 = CARTESIAN_POINT ( 'NONE',  ( 2.874999999999991100, 0.3000000000000000400, 2.450000000000010400 ) ) ;
#717 = DIRECTION ( 'NONE',  ( 7.395515293930516800E-016, 0.0000000000000000000, 1.000000000000000000 ) ) ;
#718 = VECTOR ( 'NONE', #998, 1000.000000000000000 ) ;
#719 = VERTEX_POINT ( 'NONE', #6187 ) ;
#720 = DIRECTION ( 'NONE',  ( 0.0000000000000000000, -1.000000000000000000, 0.0000000000000000000 ) ) ;
#721 = AXIS2_PLACEMENT_3D ( 'NONE', #3179, #5969, #1399 ) ;
#722 = FACE_OUTER_BOUND ( 'NONE', #1745, .T. ) ;
#723 = SURFACE_STYLE_USAGE ( .BOTH. , #3546 ) ;
#724 = EDGE_CURVE ( 'NONE', #1936, #3507, #3439, .T. ) ;
#725 = ORIENTED_EDGE ( 'NONE', *, *, #1732, .T. ) ;
#726 = AXIS2_PLACEMENT_3D ( 'NONE', #7311, #368, #1574 ) ;
#727 = PLANE ( 'NONE',  #5152 ) ;
#728 = CARTESIAN_POINT ( 'NONE',  ( 2.593825743760224800, 1.100000000000000100, -2.151292840156923300 ) ) ;
#729 = DIRECTION ( 'NONE',  ( -0.7071067811865515700, 0.0000000000000000000, 0.7071067811865435800 ) ) ;
#730 = EDGE_CURVE ( 'NONE', #1601, #5877, #957, .T. ) ;
#731 = VECTOR ( 'NONE', #4017, 1000.000000000000000 ) ;
#732 = FACE_OUTER_BOUND ( 'NONE', #2209, .T. ) ;
#733 = CARTESIAN_POINT ( 'NONE',  ( -1.090000000000007200, 4.944146853836610200, 2.109999999999895500 ) ) ;
#734 = CARTESIAN_POINT ( 'NONE',  ( -2.814425853724163300, 0.8763245041717717700, 2.164136781173843900 ) ) ;
#735 = PLANE ( 'NONE',  #3082 ) ;
#736 = ADVANCED_FACE ( 'NONE', ( #2896 ), #1086, .T. ) ;
#737 = LINE ( 'NONE', #3997, #2947 ) ;
#738 = VERTEX_POINT ( 'NONE', #5060 ) ;
#739 = DIRECTION ( 'NONE',  ( 3.491481338843133400E-015, 0.0000000000000000000, -1.000000000000000000 ) ) ;
#740 = ORIENTED_EDGE ( 'NONE', *, *, #357, .F. ) ;
#741 = CARTESIAN_POINT ( 'NONE',  ( 2.587284338101318000, 0.8761377525753096800, -2.389445482107877900 ) ) ;
#742 = EDGE_CURVE ( 'NONE', #5397, #6028, #7287, .T. ) ;
#743 = CARTESIAN_POINT ( 'NONE',  ( -3.000000000000008900, 0.0000000000000000000, 0.8399999999999893100 ) ) ;
#744 = ORIENTED_EDGE ( 'NONE', *, *, #287, .F. ) ;
#746 = ORIENTED_EDGE ( 'NONE', *, *, #4748, .F. ) ;
#745 = LINE ( 'NONE', #3204, #6525 ) ;
#747 = ORIENTED_EDGE ( 'NONE', *, *, #869, .T. ) ;
#748 = PLANE ( 'NONE',  #2700 ) ;
#749 = CARTESIAN_POINT ( 'NONE',  ( -0.6500000000000054600, 0.3000000000000000400, 1.904999999999900600 ) ) ;
#750 = FACE_OUTER_BOUND ( 'NONE', #5189, .T. ) ;
#751 = DIRECTION ( 'NONE',  ( -1.000000000000000000, 0.0000000000000000000, 1.412078086043886200E-013 ) ) ;
#752 = CARTESIAN_POINT ( 'NONE',  ( -2.390000000000006300, 0.3000000000000000400, 2.159999999999909100 ) ) ;
#753 = ORIENTED_EDGE ( 'NONE', *, *, #2576, .F. ) ;
#754 = DIRECTION ( 'NONE',  ( 0.7071067811865481300, 0.0000000000000000000, 0.7071067811865470200 ) ) ;
#756 = ORIENTED_EDGE ( 'NONE', *, *, #3994, .F. ) ;
#755 = VECTOR ( 'NONE', #4624, 1000.000000000000000 ) ;
#757 = DIRECTION ( 'NONE',  ( 0.0000000000000000000, 1.000000000000000000, 0.0000000000000000000 ) ) ;
#758 = VECTOR ( 'NONE', #4107, 1000.000000000000100 ) ;
#759 = ORIENTED_EDGE ( 'NONE', *, *, #5264, .T. ) ;
#760 = FACE_OUTER_BOUND ( 'NONE', #6047, .T. ) ;
#761 = CARTESIAN_POINT ( 'NONE',  ( -2.999999999999987100, 0.2999999999999999300, -1.699999999999925100 ) ) ;
#762 = EDGE_LOOP ( 'NONE', ( #5007, #3404, #43, #3316 ) ) ;
#763 = EDGE_LOOP ( 'NONE', ( #955, #5133, #1333, #786 ) ) ;
#764 = DIRECTION ( 'NONE',  ( 1.000000000000000000, -0.0000000000000000000, 3.491481338843133400E-015 ) ) ;
#765 = LINE ( 'NONE', #5553, #50 ) ;
#766 = LINE ( 'NONE', #4953, #6457 ) ;
#767 = VERTEX_POINT ( 'NONE', #4064 ) ;
#768 = FACE_OUTER_BOUND ( 'NONE', #2331, .T. ) ;
#769 = CARTESIAN_POINT ( 'NONE',  ( -2.586233664771065800, 0.9362677717270933000, 2.377258690362694400 ) ) ;
#770 = ORIENTED_EDGE ( 'NONE', *, *, #7165, .F. ) ;
#771 = EDGE_LOOP ( 'NONE', ( #3419, #128, #6604, #5405 ) ) ;
#772 = VECTOR ( 'NONE', #2455, 1000.000000000000000 ) ;
#773 = ORIENTED_EDGE ( 'NONE', *, *, #5989, .T. ) ;
#774 = AXIS2_PLACEMENT_3D ( 'NONE', #4236, #4267, #5967 ) ;
#775 = DIRECTION ( 'NONE',  ( -0.0000000000000000000, -1.000000000000000000, -0.0000000000000000000 ) ) ;
#776 = EDGE_CURVE ( 'NONE', #1581, #797, #4959, .T. ) ;
#777 = ORIENTED_EDGE ( 'NONE', *, *, #2109, .T. ) ;
#778 = CARTESIAN_POINT ( 'NONE',  ( -2.390000000000004600, 4.944146853836610200, 1.649999999999909300 ) ) ;
#779 = EDGE_LOOP ( 'NONE', ( #2277, #6628, #5325, #6506 ) ) ;
#780 = VECTOR ( 'NONE', #4097, 1000.000000000000000 ) ;
#781 = LINE ( 'NONE', #3961, #4434 ) ;
#782 = DIRECTION ( 'NONE',  ( -1.000000000000000000, 0.0000000000000000000, -2.949380252600381100E-015 ) ) ;
#783 = EDGE_CURVE ( 'NONE', #6261, #6960, #5625, .T. ) ;
#784 = PLANE ( 'NONE',  #524 ) ;
#785 = ADVANCED_FACE ( 'NONE', ( #1136 ), #3986, .T. ) ;
#786 = ORIENTED_EDGE ( 'NONE', *, *, #1465, .F. ) ;
#787 = EDGE_CURVE ( 'NONE', #4743, #3239, #1073, .T. ) ;
#788 = MANIFOLD_SOLID_BREP ( 'Body-Move/Copy1[1]', #4324 ) ;
#789 = CARTESIAN_POINT ( 'NONE',  ( -2.389999999999962800, 4.944146853836610200, -2.159999999999928600 ) ) ;
#790 = DIRECTION ( 'NONE',  ( 1.000000000000000000, 0.0000000000000000000, 3.370341431302853500E-015 ) ) ;
#791 = VERTEX_POINT ( 'NONE', #5178 ) ;
#792 = DIRECTION ( 'NONE',  ( 1.000000000000000000, 0.0000000000000000000, -1.168734907595625700E-014 ) ) ;
#793 = DIRECTION ( 'NONE',  ( -1.000000000000000000, 0.0000000000000000000, 7.370371334212277500E-014 ) ) ;
#794 = VECTOR ( 'NONE', #1975, 1000.000000000000000 ) ;
#795 = AXIS2_PLACEMENT_3D ( 'NONE', #5276, #5867, #2430 ) ;
#796 = ORIENTED_EDGE ( 'NONE', *, *, #7199, .T. ) ;
#797 = VERTEX_POINT ( 'NONE', #5719 ) ;
#798 = CARTESIAN_POINT ( 'NONE',  ( -2.802008213787129200, 0.8824655181532822200, 2.234982266249444300 ) ) ;
#799 = EDGE_CURVE ( 'NONE', #7382, #6190, #4528, .T. ) ;
#800 = ORIENTED_EDGE ( 'NONE', *, *, #6896, .T. ) ;
#801 = CARTESIAN_POINT ( 'NONE',  ( -2.715164791415265500, 0.9446649983316489600, -2.328736413246268900 ) ) ;
#802 = VERTEX_POINT ( 'NONE', #6308 ) ;
#803 = ORIENTED_EDGE ( 'NONE', *, *, #1791, .F. ) ;
#804 = VERTEX_POINT ( 'NONE', #4009 ) ;
#805 = ORIENTED_EDGE ( 'NONE', *, *, #3534, .F. ) ;
#806 = CARTESIAN_POINT ( 'NONE',  ( -0.9969999999999911200, 0.3000000000000000400, -2.450000000000003700 ) ) ;
#807 = LINE ( 'NONE', #3563, #4177 ) ;
#808 = CARTESIAN_POINT ( 'NONE',  ( -2.389999999999955300, 0.3000000000000000400, -0.8899999999999824700 ) ) ;
#809 = DIRECTION ( 'NONE',  ( -7.193635098549793600E-015, 0.0000000000000000000, 1.000000000000000000 ) ) ;
#810 = CARTESIAN_POINT ( 'NONE',  ( -0.9970000000000074400, 0.2999999999999999300, 2.449999999999998000 ) ) ;
#811 = EDGE_CURVE ( 'NONE', #37, #1515, #5677, .T. ) ;
#812 = DIRECTION ( 'NONE',  ( -1.000000000000000000, 0.0000000000000000000, -3.491481338843133400E-015 ) ) ;
#813 = DIRECTION ( 'NONE',  ( -1.000000000000000000, 0.0000000000000000000, -7.965007296709267300E-014 ) ) ;
#814 = LINE ( 'NONE', #1873, #6314 ) ;
#815 = DIRECTION ( 'NONE',  ( 0.0000000000000000000, -1.000000000000000000, 0.0000000000000000000 ) ) ;
#816 = VECTOR ( 'NONE', #549, 1000.000000000000000 ) ;
#817 = AXIS2_PLACEMENT_3D ( 'NONE', #1207, #6875, #1093 ) ;
#818 = ADVANCED_FACE ( 'NONE', ( #4433 ), #4033, .F. ) ;
#819 = VERTEX_POINT ( 'NONE', #3410 ) ;
#820 = CARTESIAN_POINT ( 'NONE',  ( -2.769401616988135000, 0.9439359774616390400, -2.267347414151286600 ) ) ;
#821 = LINE ( 'NONE', #1865, #6502 ) ;
#822 = VECTOR ( 'NONE', #3890, 1000.000000000000000 ) ;
#823 = ORIENTED_EDGE ( 'NONE', *, *, #526, .T. ) ;
#824 = EDGE_CURVE ( 'NONE', #3507, #2126, #5491, .T. ) ;
#825 = DIRECTION ( 'NONE',  ( -3.311355821850256100E-015, 0.0000000000000000000, -1.000000000000000000 ) ) ;
#826 = CARTESIAN_POINT ( 'NONE',  ( -2.389999999999953500, 0.3000000000000000400, -0.3799999999999846300 ) ) ;
#827 = DIRECTION ( 'NONE',  ( 1.000000000000000000, -0.0000000000000000000, -5.265536208154871600E-015 ) ) ;
#828 = CARTESIAN_POINT ( 'NONE',  ( -2.389999999999953500, 0.0000000000000000000, -0.3799999999999846300 ) ) ;
#829 = DIRECTION ( 'NONE',  ( -5.989264566803387700E-014, 0.0000000000000000000, -1.000000000000000000 ) ) ;
#830 = EDGE_CURVE ( 'NONE', #5650, #7362, #427, .T. ) ;
#831 = EDGE_LOOP ( 'NONE', ( #5957, #346, #5399, #6225 ) ) ;
#832 = CARTESIAN_POINT ( 'NONE',  ( -2.711957541785889000, 1.020784059965662800, 2.256178199689360000 ) ) ;
#833 = CARTESIAN_POINT ( 'NONE',  ( -2.390000000000010800, 0.3000000000000000400, 0.8899999999999640400 ) ) ;
#834 = CARTESIAN_POINT ( 'NONE',  ( -2.875000000000008400, 0.05000000000000000300, 2.449999999999990400 ) ) ;
#835 = EDGE_CURVE ( 'NONE', #5393, #5479, #4338, .T. ) ;
#836 = EDGE_CURVE ( 'NONE', #4513, #4301, #2289, .T. ) ;
#837 = ORIENTED_EDGE ( 'NONE', *, *, #4929, .F. ) ;
#839 = EDGE_LOOP ( 'NONE', ( #3788, #5305, #6082, #6873 ) ) ;
#838 = LINE ( 'NONE', #6494, #4673 ) ;
#840 = ORIENTED_EDGE ( 'NONE', *, *, #7171, .T. ) ;
#841 = EDGE_LOOP ( 'NONE', ( #4339, #1462, #4693, #235 ) ) ;
#842 = DIRECTION ( 'NONE',  ( 1.000000000000000000, -0.0000000000000000000, 1.578183387398599100E-015 ) ) ;
#843 = CARTESIAN_POINT ( 'NONE',  ( -2.657893680999519100, 0.9124974643212703200, -2.371709201763812800 ) ) ;
#844 = FACE_OUTER_BOUND ( 'NONE', #1150, .T. ) ;
#845 = ORIENTED_EDGE ( 'NONE', *, *, #1875, .T. ) ;
#846 = LINE ( 'NONE', #3216, #5931 ) ;
#847 = DIRECTION ( 'NONE',  ( 1.000000000000000000, 0.0000000000000000000, -2.531864063853211700E-015 ) ) ;
#848 = VECTOR ( 'NONE', #288, 1000.000000000000000 ) ;
#849 = VECTOR ( 'NONE', #4538, 1000.000000000000000 ) ;
#850 = ORIENTED_EDGE ( 'NONE', *, *, #1405, .F. ) ;
#851 = CARTESIAN_POINT ( 'NONE',  ( -0.9970000000000074400, 0.0000000000000000000, 2.449999999999998000 ) ) ;
#852 = LINE ( 'NONE', #900, #6626 ) ;
#853 = CARTESIAN_POINT ( 'NONE',  ( 2.750000000000012900, 0.3000000000000000400, -0.8899999999999244100 ) ) ;
#854 = ADVANCED_FACE ( 'NONE', ( #2714 ), #6222, .F. ) ;
#855 = CARTESIAN_POINT ( 'NONE',  ( 2.749999999999999100, 0.0000000000000000000, 1.649999999999850700 ) ) ;
#856 = CARTESIAN_POINT ( 'NONE',  ( -2.750000000000007500, 0.3000000000000000400, 0.3799999999999628700 ) ) ;
#857 = LINE ( 'NONE', #685, #7184 ) ;
#858 = VECTOR ( 'NONE', #5596, 1000.000000000000000 ) ;
#859 = EDGE_LOOP ( 'NONE', ( #3751, #1591, #1516, #6425 ) ) ;
#860 = VERTEX_POINT ( 'NONE', #2792 ) ;
#861 = LINE ( 'NONE', #353, #5215 ) ;
#862 = VECTOR ( 'NONE', #6864, 1000.000000000000000 ) ;
#863 = CARTESIAN_POINT ( 'NONE',  ( -2.784725898066036100, 0.8849511582121431000, -2.275913867392559200 ) ) ;
#864 = CARTESIAN_POINT ( 'NONE',  ( 2.583839457273950900, 0.9906556768458133500, 2.349533543832331300 ) ) ;
#865 = ORIENTED_EDGE ( 'NONE', *, *, #6732, .F. ) ;
#866 = AXIS2_PLACEMENT_3D ( 'NONE', #1573, #842, #3694 ) ;
#867 = VECTOR ( 'NONE', #5455, 1000.000000000000000 ) ;
#868 = ORIENTED_EDGE ( 'NONE', *, *, #3066, .T. ) ;
#869 = EDGE_CURVE ( 'NONE', #2894, #7169, #256, .T. ) ;
#870 = AXIS2_PLACEMENT_3D ( 'NONE', #7358, #6205, #3357 ) ;
#871 = DIRECTION ( 'NONE',  ( 4.236931729094537300E-016, 0.0000000000000000000, 1.000000000000000000 ) ) ;
#872 = ORIENTED_EDGE ( 'NONE', *, *, #4353, .T. ) ;
#873 = CARTESIAN_POINT ( 'NONE',  ( -5.365896726960748800E-014, 0.05000000000000000300, -0.3799999999995738500 ) ) ;
#874 = VERTEX_POINT ( 'NONE', #2875 ) ;
#875 = DIRECTION ( 'NONE',  ( 2.920848616482327200E-015, 0.0000000000000000000, -1.000000000000000000 ) ) ;
#876 = EDGE_CURVE ( 'NONE', #1068, #405, #5134, .T. ) ;
#877 = PLANE ( 'NONE',  #2747 ) ;
#878 = EDGE_CURVE ( 'NONE', #2890, #6940, #6289, .T. ) ;
#879 =( BOUNDED_CURVE ( )  B_SPLINE_CURVE ( 2, ( #2669, #2037, #6123 ),
 .UNSPECIFIED., .F., .F. ) 
 B_SPLINE_CURVE_WITH_KNOTS ( ( 3, 3 ),
 ( 0.0000000000000000000, 1.000000000000000000 ),
 .UNSPECIFIED. ) 
 CURVE ( )  GEOMETRIC_REPRESENTATION_ITEM ( )  RATIONAL_B_SPLINE_CURVE ( ( 1.000000000000000000, 0.7109592814054462900, 1.000000000000000000 ) ) 
 REPRESENTATION_ITEM ( '' )  );
#880 = PLANE ( 'NONE',  #5938 ) ;
#881 = DIRECTION ( 'NONE',  ( 1.000000000000000000, -0.0000000000000000000, -1.168734907595625700E-014 ) ) ;
#882 = CARTESIAN_POINT ( 'NONE',  ( 2.595718526134245300, 1.016472566903076700, 2.328390922136075700 ) ) ;
#883 = DIRECTION ( 'NONE',  ( -0.0000000000000000000, -1.000000000000000000, 0.0000000000000000000 ) ) ;
#884 = ORIENTED_EDGE ( 'NONE', *, *, #3117, .T. ) ;
#885 = AXIS2_PLACEMENT_3D ( 'NONE', #3883, #5, #3972 ) ;
#886 = ORIENTED_EDGE ( 'NONE', *, *, #5157, .F. ) ;
#887 = DIRECTION ( 'NONE',  ( 1.000000000000000000, 0.0000000000000000000, 3.491481338843133400E-015 ) ) ;
#888 = EDGE_CURVE ( 'NONE', #253, #7274, #4056, .T. ) ;
#889 = CARTESIAN_POINT ( 'NONE',  ( 2.250000000000021300, 0.2999999999999999300, -2.159999999999913500 ) ) ;
#890 = ADVANCED_FACE ( 'NONE', ( #1409 ), #3370, .F. ) ;
#891 = CARTESIAN_POINT ( 'NONE',  ( -2.605777733155128800, 0.8780125005808374600, -2.388845114776150200 ) ) ;
#892 = CARTESIAN_POINT ( 'NONE',  ( 2.715164791388720900, 0.9446649983288913900, 2.328736413266094400 ) ) ;
#893 = DIRECTION ( 'NONE',  ( 1.000000000000000000, 0.0000000000000000000, 4.767013306472753900E-015 ) ) ;
#894 = VECTOR ( 'NONE', #3095, 1000.000000000000000 ) ;
#895 = DIRECTION ( 'NONE',  ( -0.7071067811871001300, 0.0000000000000000000, -0.7071067811859949000 ) ) ;
#896 = ORIENTED_EDGE ( 'NONE', *, *, #5889, .F. ) ;
#897 = DIRECTION ( 'NONE',  ( 0.0000000000000000000, -1.000000000000000000, 0.0000000000000000000 ) ) ;
#898 = ORIENTED_EDGE ( 'NONE', *, *, #137, .T. ) ;
#899 = CARTESIAN_POINT ( 'NONE',  ( -0.9969999999999911200, 0.05000000000000002400, -2.450000000000003700 ) ) ;
#900 = CARTESIAN_POINT ( 'NONE',  ( 2.875000000000006200, 0.3000000000000000400, -1.699999999999907400 ) ) ;
#901 = CARTESIAN_POINT ( 'NONE',  ( -0.6499999999999926900, 0.05000000000000002400, -1.904999999999903900 ) ) ;
#902 = FACE_OUTER_BOUND ( 'NONE', #3159, .T. ) ;
#903 = ORIENTED_EDGE ( 'NONE', *, *, #3762, .T. ) ;
#904 = DIRECTION ( 'NONE',  ( 1.000000000000000000, 0.0000000000000000000, 3.491481338843133400E-015 ) ) ;
#905 = CARTESIAN_POINT ( 'NONE',  ( -2.761845328190787500, 0.4902527362452313000, -2.430003631649752600 ) ) ;
#906 = LINE ( 'NONE', #6856, #3815 ) ;
#907 = ORIENTED_EDGE ( 'NONE', *, *, #6365, .F. ) ;
#908 = CARTESIAN_POINT ( 'NONE',  ( -2.755350376141163500, 1.015578268585473100, -2.159928773694483900 ) ) ;
#909 = CARTESIAN_POINT ( 'NONE',  ( 2.694356198430245500, 0.9972429759505505600, 2.303085108246761600 ) ) ;
#910 = EDGE_CURVE ( 'NONE', #4010, #7230, #6837, .T. ) ;
#911 = CARTESIAN_POINT ( 'NONE',  ( 0.0000000000000000000, 0.3000000000000000400, 0.0000000000000000000 ) ) ;
#912 = ORIENTED_EDGE ( 'NONE', *, *, #799, .T. ) ;
#913 = VECTOR ( 'NONE', #1758, 1000.000000000000000 ) ;
#914 = ORIENTED_EDGE ( 'NONE', *, *, #2310, .T. ) ;
#915 = EDGE_CURVE ( 'NONE', #2232, #874, #4621, .T. ) ;
#916 = EDGE_LOOP ( 'NONE', ( #6613, #1233, #2146, #3667 ) ) ;
#917 = CARTESIAN_POINT ( 'NONE',  ( 2.626895891117746500, 1.094165267273311800, 2.146090194629104000 ) ) ;
#918 = AXIS2_PLACEMENT_3D ( 'NONE', #6366, #2369, #4151 ) ;
#919 = PLANE ( 'NONE',  #3278 ) ;
#920 = ADVANCED_FACE ( 'NONE', ( #5866 ), #5681, .T. ) ;
#921 = SURFACE_SIDE_STYLE ('',( #2347 ) ) ;
#923 = ORIENTED_EDGE ( 'NONE', *, *, #2166, .F. ) ;
#922 = LINE ( 'NONE', #2321, #3135 ) ;
#924 = CARTESIAN_POINT ( 'NONE',  ( 2.250000000000021300, 0.2999999999999999300, -1.904999999999893900 ) ) ;
#925 = ORIENTED_EDGE ( 'NONE', *, *, #811, .T. ) ;
#926 = SURFACE_STYLE_USAGE ( .BOTH. , #6031 ) ;
#927 = VECTOR ( 'NONE', #4640, 1000.000000000000000 ) ;
#928 = EDGE_CURVE ( 'NONE', #2425, #5258, #1760, .T. ) ;
#929 = ORIENTED_EDGE ( 'NONE', *, *, #3389, .T. ) ;
#930 = PLANE ( 'NONE',  #4804 ) ;
#931 = ORIENTED_EDGE ( 'NONE', *, *, #5848, .T. ) ;
#933 = ORIENTED_EDGE ( 'NONE', *, *, #6344, .F. ) ;
#932 = VECTOR ( 'NONE', #6044, 1000.000000000000000 ) ;
#934 = LINE ( 'NONE', #2761, #6999 ) ;
#935 = EDGE_LOOP ( 'NONE', ( #2606, #4253, #5597, #3736 ) ) ;
#936 = LINE ( 'NONE', #1927, #2780 ) ;
#937 = PLANE ( 'NONE',  #259 ) ;
#938 = DIRECTION ( 'NONE',  ( 0.0000000000000000000, 1.000000000000000000, 0.0000000000000000000 ) ) ;
#939 = CARTESIAN_POINT ( 'NONE',  ( -2.595770326211444900, 1.094557070719272000, -2.191123715929037100 ) ) ;
#940 = CARTESIAN_POINT ( 'NONE',  ( 2.590986794035166500, 0.8765143473294905200, 2.389382077854520500 ) ) ;
#941 = EDGE_LOOP ( 'NONE', ( #777, #7329, #4001, #5445 ) ) ;
#942 = LINE ( 'NONE', #6492, #1119 ) ;
#943 = LINE ( 'NONE', #1774, #161 ) ;
#944 = ORIENTED_EDGE ( 'NONE', *, *, #7225, .T. ) ;
#945 = FACE_OUTER_BOUND ( 'NONE', #249, .T. ) ;
#946 = EDGE_CURVE ( 'NONE', #6053, #5995, #3077, .T. ) ;
#947 = DIRECTION ( 'NONE',  ( -1.000000000000000000, 0.0000000000000000000, -6.680311257917186800E-015 ) ) ;
#948 = CARTESIAN_POINT ( 'NONE',  ( 2.595213534185513800, 1.100000000000000100, 2.148371208428035800 ) ) ;
#949 = LINE ( 'NONE', #968, #4334 ) ;
#950 = ORIENTED_EDGE ( 'NONE', *, *, #783, .T. ) ;
#951 = DIRECTION ( 'NONE',  ( 1.000000000000000000, 0.0000000000000000000, 8.154716489318411500E-015 ) ) ;
#952 = CARTESIAN_POINT ( 'NONE',  ( -0.7429999999999930000, 0.3000000000000000400, -2.109999999999900400 ) ) ;
#953 = DIRECTION ( 'NONE',  ( -0.0000000000000000000, -1.000000000000000000, 0.0000000000000000000 ) ) ;
#954 = CARTESIAN_POINT ( 'NONE',  ( 0.7649999999999999000, 1.090000000000000100, 2.670983224214997100E-015 ) ) ;
#955 = ORIENTED_EDGE ( 'NONE', *, *, #6847, .F. ) ;
#956 = PRESENTATION_STYLE_ASSIGNMENT (( #1765 ) ) ;
#957 = LINE ( 'NONE', #7340, #2108 ) ;
#958 = CARTESIAN_POINT ( 'NONE',  ( 2.800000000000062900, 4.944146853836610200, -1.699999999999908700 ) ) ;
#959 = DIRECTION ( 'NONE',  ( -1.877011598306432700E-013, 0.0000000000000000000, -1.000000000000000000 ) ) ;
#960 = ADVANCED_FACE ( 'NONE', ( #72 ), #5147, .T. ) ;
#961 = VECTOR ( 'NONE', #6497, 1000.000000000000000 ) ;
#962 = CARTESIAN_POINT ( 'NONE',  ( -2.663416568512710900, 1.020333860514551800, -2.299950102097208400 ) ) ;
#963 = CARTESIAN_POINT ( 'NONE',  ( 2.642441674318420000, 0.9950589195517772800, 2.333290878381092200 ) ) ;
#964 = VERTEX_POINT ( 'NONE', #2818 ) ;
#965 = ORIENTED_EDGE ( 'NONE', *, *, #5493, .T. ) ;
#966 = EDGE_CURVE ( 'NONE', #5655, #997, #1336, .T. ) ;
#967 = AXIS2_PLACEMENT_3D ( 'NONE', #6151, #1028, #2631 ) ;
#968 = CARTESIAN_POINT ( 'NONE',  ( -2.390000000000006300, 0.2999999999999999300, 2.159999999999909100 ) ) ;
#969 = CARTESIAN_POINT ( 'NONE',  ( 2.611670085744718200, 1.094589964273923600, 2.176493867583931600 ) ) ;
#970 = EDGE_CURVE ( 'NONE', #4653, #5316, #2802, .T. ) ;
#971 = CARTESIAN_POINT ( 'NONE',  ( 2.250000000000007500, 0.3000000000000000400, 2.159999999999925500 ) ) ;
#972 = EDGE_CURVE ( 'NONE', #2847, #791, #2107, .T. ) ;
#973 = CARTESIAN_POINT ( 'NONE',  ( 2.750000000000038200, 0.3000000000000000400, 0.3799999999999814100 ) ) ;
#974 = CARTESIAN_POINT ( 'NONE',  ( -3.000000000000006200, 4.944146853836610200, 2.109999999999907100 ) ) ;
#975 = VECTOR ( 'NONE', #3046, 1000.000000000000000 ) ;
#976 = DIRECTION ( 'NONE',  ( -0.7071067811864932800, 0.0000000000000000000, -0.7071067811866018600 ) ) ;
#977 = VECTOR ( 'NONE', #895, 1000.000000000000000 ) ;
#978 = PLANE ( 'NONE',  #1048 ) ;
#979 = ORIENTED_EDGE ( 'NONE', *, *, #2918, .T. ) ;
#980 = DIRECTION ( 'NONE',  ( -1.000000000000000000, 0.0000000000000000000, -3.491481338843133400E-015 ) ) ;
#981 = CARTESIAN_POINT ( 'NONE',  ( -2.634437647979195800, 1.018993551215032300, -2.315094501010506600 ) ) ;
#982 = VECTOR ( 'NONE', #6149, 1000.000000000000000 ) ;
#983 = ORIENTED_EDGE ( 'NONE', *, *, #599, .T. ) ;
#984 = DIRECTION ( 'NONE',  ( -6.680311257917186800E-015, 0.0000000000000000000, 1.000000000000000000 ) ) ;
#985 = CARTESIAN_POINT ( 'NONE',  ( 2.685426471245034600, 1.059090531169285500, 2.213229427774134900 ) ) ;
#986 = DIRECTION ( 'NONE',  ( 0.0000000000000000000, -1.000000000000000000, 0.0000000000000000000 ) ) ;
#987 = CARTESIAN_POINT ( 'NONE',  ( 2.800000000000049600, 0.3000000000000000400, -0.4299999999999634700 ) ) ;
#988 = ADVANCED_FACE ( 'NONE', ( #4155 ), #1892, .T. ) ;
#989 = LINE ( 'NONE', #107, #6423 ) ;
#990 = FACE_OUTER_BOUND ( 'NONE', #2241, .T. ) ;
#991 = CARTESIAN_POINT ( 'NONE',  ( 0.0000000000000000000, 1.100000000000000100, 0.0000000000000000000 ) ) ;
#992 = CARTESIAN_POINT ( 'NONE',  ( -2.875000000000003100, 0.3000000000000000400, 0.8399999999999726600 ) ) ;
#993 = ORIENTED_EDGE ( 'NONE', *, *, #724, .T. ) ;
#994 = CARTESIAN_POINT ( 'NONE',  ( 2.490000000000017100, 0.05000000000000000300, -1.491326877134053600E-013 ) ) ;
#995 = EDGE_LOOP ( 'NONE', ( #6813, #2538, #1527, #7337 ) ) ;
#996 = LINE ( 'NONE', #6559, #2756 ) ;
#997 = VERTEX_POINT ( 'NONE', #3498 ) ;
#998 = DIRECTION ( 'NONE',  ( -1.000000000000000000, 0.0000000000000000000, -1.812821066739969300E-014 ) ) ;
#999 = AXIS2_PLACEMENT_3D ( 'NONE', #1517, #3839, #6665 ) ;
#1000 = DIRECTION ( 'NONE',  ( 0.7071067811865515700, 0.0000000000000000000, -0.7071067811865435800 ) ) ;
#1002 = ORIENTED_EDGE ( 'NONE', *, *, #1241, .T. ) ;
#1001 = CARTESIAN_POINT ( 'NONE',  ( -2.606781611705006900, 1.073619306321027800, -2.248172393100702000 ) ) ;
#1003 = LINE ( 'NONE', #485, #2243 ) ;
#1004 = EDGE_CURVE ( 'NONE', #3774, #4255, #1570, .T. ) ;
#1005 = ORIENTED_EDGE ( 'NONE', *, *, #3236, .F. ) ;
#1006 = EDGE_CURVE ( 'NONE', #2357, #1147, #1234, .T. ) ;
#1007 = EDGE_CURVE ( 'NONE', #3937, #1922, #1329, .T. ) ;
#1008 = CARTESIAN_POINT ( 'NONE',  ( 2.697477367131770900, 1.058328151576885600, 2.191626568816417400 ) ) ;
#1009 = CIRCLE ( 'NONE', #6984, 0.6099999999999999900 ) ;
#1010 = ORIENTED_EDGE ( 'NONE', *, *, #6989, .T. ) ;
#1011 = FACE_OUTER_BOUND ( 'NONE', #5069, .T. ) ;
#1012 = CARTESIAN_POINT ( 'NONE',  ( 2.800000000000028200, 0.3000000000000000400, 1.699999999999926500 ) ) ;
#1013 = CARTESIAN_POINT ( 'NONE',  ( 2.750000000000040400, 0.05000000000000002400, -0.3799999999999621500 ) ) ;
#1014 = CARTESIAN_POINT ( 'NONE',  ( 2.695090300217961100, 1.064365140347471200, 2.151926495538686100 ) ) ;
#1015 = DIRECTION ( 'NONE',  ( 6.687560834572014400E-014, 0.0000000000000000000, -1.000000000000000000 ) ) ;
#1016 = VECTOR ( 'NONE', #986, 1000.000000000000000 ) ;
#1017 = ORIENTED_EDGE ( 'NONE', *, *, #4758, .F. ) ;
#1018 = LINE ( 'NONE', #973, #6532 ) ;
#1019 = EDGE_CURVE ( 'NONE', #6262, #2246, #7286, .T. ) ;
#1020 = DIRECTION ( 'NONE',  ( 1.000000000000000000, 0.0000000000000000000, 3.491481338843133400E-015 ) ) ;
#1021 = ORIENTED_EDGE ( 'NONE', *, *, #3566, .T. ) ;
#1022 = PLANE ( 'NONE',  #3652 ) ;
#1024 = VERTEX_POINT ( 'NONE', #3562 ) ;
#1023 = VECTOR ( 'NONE', #1803, 1000.000000000000000 ) ;
#1025 = DIRECTION ( 'NONE',  ( -0.0000000000000000000, -1.000000000000000000, 0.0000000000000000000 ) ) ;
#1026 = LINE ( 'NONE', #59, #3513 ) ;
#1027 = ORIENTED_EDGE ( 'NONE', *, *, #6248, .F. ) ;
#1028 = DIRECTION ( 'NONE',  ( -9.518944730982916700E-015, 0.0000000000000000000, -1.000000000000000000 ) ) ;
#1029 = ADVANCED_FACE ( 'NONE', ( #1035 ), #7009, .T. ) ;
#1030 = CARTESIAN_POINT ( 'NONE',  ( 3.000000000000028400, 0.0000000000000000000, 2.109999999999847600 ) ) ;
#1031 = DIRECTION ( 'NONE',  ( -3.841223975128798700E-015, 0.0000000000000000000, 1.000000000000000000 ) ) ;
#1032 = ORIENTED_EDGE ( 'NONE', *, *, #6404, .F. ) ;
#1033 = CARTESIAN_POINT ( 'NONE',  ( -2.624313815736376100, 1.074102485730399800, 2.238167262603679000 ) ) ;
#1034 = EDGE_LOOP ( 'NONE', ( #1286, #2090, #583, #6416 ) ) ;
#1035 = FACE_OUTER_BOUND ( 'NONE', #2169, .T. ) ;
#1036 = ORIENTED_EDGE ( 'NONE', *, *, #6982, .F. ) ;
#1037 = CARTESIAN_POINT ( 'NONE',  ( 2.874999999999991100, 0.3000000000000000400, 2.450000000000010400 ) ) ;
#1038 = DIRECTION ( 'NONE',  ( -4.062114061203939100E-015, 0.0000000000000000000, 1.000000000000000000 ) ) ;
#1039 = ORIENTED_EDGE ( 'NONE', *, *, #6224, .T. ) ;
#1040 = DIRECTION ( 'NONE',  ( -1.000000000000000000, 0.0000000000000000000, -3.491481338843133400E-015 ) ) ;
#1041 = VECTOR ( 'NONE', #3131, 1000.000000000000000 ) ;
#1042 = DIRECTION ( 'NONE',  ( 3.491481338843133400E-015, 0.0000000000000000000, -1.000000000000000000 ) ) ;
#1043 = DIRECTION ( 'NONE',  ( -1.000000000000000000, 0.0000000000000000000, -1.141449721469845700E-014 ) ) ;
#1044 = VERTEX_POINT ( 'NONE', #1822 ) ;
#1045 = DIRECTION ( 'NONE',  ( 3.491481338843133400E-015, 0.0000000000000000000, -1.000000000000000000 ) ) ;
#1046 = EDGE_LOOP ( 'NONE', ( #3430, #5942, #5647, #49 ) ) ;
#1047 = VERTEX_POINT ( 'NONE', #1851 ) ;
#1048 = AXIS2_PLACEMENT_3D ( 'NONE', #3840, #3886, #4424 ) ;
#1049 = ORIENTED_EDGE ( 'NONE', *, *, #3872, .F. ) ;
#1050 = ORIENTED_EDGE ( 'NONE', *, *, #5352, .F. ) ;
#1051 = DIRECTION ( 'NONE',  ( -4.093815879112860300E-015, 0.0000000000000000000, 1.000000000000000000 ) ) ;
#1052 = DIRECTION ( 'NONE',  ( 3.491481338843133400E-015, -0.0000000000000000000, -1.000000000000000000 ) ) ;
#1053 = CARTESIAN_POINT ( 'NONE',  ( -2.596392511324868900, 1.100000000000000100, -2.143654174339864900 ) ) ;
#1054 = DIRECTION ( 'NONE',  ( 0.7071067811865413600, 0.0000000000000000000, 0.7071067811865537900 ) ) ;
#1055 = EDGE_CURVE ( 'NONE', #3507, #2510, #4719, .T. ) ;
#1056 = AXIS2_PLACEMENT_3D ( 'NONE', #6577, #4887, #7111 ) ;
#1057 = CARTESIAN_POINT ( 'NONE',  ( -2.616123715926341700, 1.094557070718617900, 2.170770326211368700 ) ) ;
#1058 = AXIS2_PLACEMENT_3D ( 'NONE', #5762, #2259, #5146 ) ;
#1059 = DIRECTION ( 'NONE',  ( -1.000000000000000000, 0.0000000000000000000, -3.491481338843128600E-015 ) ) ;
#1060 = CARTESIAN_POINT ( 'NONE',  ( 2.565815600712991100, 1.100000000000000100, 2.140815600713008600 ) ) ;
#1061 = EDGE_LOOP ( 'NONE', ( #5507, #3821, #2070, #295 ) ) ;
#1062 = VECTOR ( 'NONE', #4020, 1000.000000000000000 ) ;
#1063 = CARTESIAN_POINT ( 'NONE',  ( -0.7430000000000072100, 0.3000000000000000400, 2.449999999999998400 ) ) ;
#1064 = EDGE_CURVE ( 'NONE', #6399, #398, #240, .T. ) ;
#1065 = DIRECTION ( 'NONE',  ( -0.0000000000000000000, -1.000000000000000000, 0.0000000000000000000 ) ) ;
#1066 = CARTESIAN_POINT ( 'NONE',  ( -1.090000000000007200, 0.3000000000000000400, 2.109999999999895500 ) ) ;
#1067 = VECTOR ( 'NONE', #6422, 1000.000000000000000 ) ;
#1068 = VERTEX_POINT ( 'NONE', #4152 ) ;
#1069 = DIRECTION ( 'NONE',  ( 6.892899919189997300E-015, -0.0000000000000000000, -1.000000000000000000 ) ) ;
#1070 = CARTESIAN_POINT ( 'NONE',  ( 2.750000000000039500, 4.944146853836610200, -1.649999999999908700 ) ) ;
#1071 = DIRECTION ( 'NONE',  ( 0.0000000000000000000, -1.000000000000000000, 0.0000000000000000000 ) ) ;
#1072 = VECTOR ( 'NONE', #696, 1000.000000000000000 ) ;
#1073 = LINE ( 'NONE', #2889, #5492 ) ;
#1074 = ORIENTED_EDGE ( 'NONE', *, *, #3381, .T. ) ;
#1075 = CARTESIAN_POINT ( 'NONE',  ( -2.570415888038162700, 1.100000000000000300, -2.171059825573758300 ) ) ;
#1076 = ORIENTED_EDGE ( 'NONE', *, *, #4084, .F. ) ;
#1077 = EDGE_CURVE ( 'NONE', #666, #253, #2626, .T. ) ;
#1078 = ORIENTED_EDGE ( 'NONE', *, *, #5016, .F. ) ;
#1079 = CARTESIAN_POINT ( 'NONE',  ( -2.602667101270124600, 1.057728455367311200, 2.279000886271684000 ) ) ;
#1080 = ADVANCED_FACE ( 'NONE', ( #344 ), #5274, .T. ) ;
#1081 = ADVANCED_FACE ( 'NONE', ( #3170 ), #89, .T. ) ;
#1082 = LINE ( 'NONE', #6931, #7065 ) ;
#1083 = VERTEX_POINT ( 'NONE', #4643 ) ;
#1084 = ORIENTED_EDGE ( 'NONE', *, *, #2390, .T. ) ;
#1085 = CARTESIAN_POINT ( 'NONE',  ( 2.250000000000021300, 0.05000000000000000300, 2.026412066176139700E-016 ) ) ;
#1086 = PLANE ( 'NONE',  #2181 ) ;
#1087 = DIRECTION ( 'NONE',  ( 0.7071067811870299600, 0.0000000000000000000, -0.7071067811860651800 ) ) ;
#1088 = ORIENTED_EDGE ( 'NONE', *, *, #4793, .F. ) ;
#1089 = VECTOR ( 'NONE', #70, 1000.000000000000000 ) ;
#1090 = ORIENTED_EDGE ( 'NONE', *, *, #6678, .F. ) ;
#1091 = CARTESIAN_POINT ( 'NONE',  ( 2.490000000000001500, 4.944146853836610200, -0.2499999999999913400 ) ) ;
#1092 = EDGE_LOOP ( 'NONE', ( #6699, #5395, #559, #3415 ) ) ;
#1093 = DIRECTION ( 'NONE',  ( -3.491481338843133400E-015, 0.0000000000000000000, 1.000000000000000000 ) ) ;
#1094 = PLANE ( 'NONE',  #6204 ) ;
#1095 = UNCERTAINTY_MEASURE_WITH_UNIT (LENGTH_MEASURE( 1.000000000000000100E-005 ), #3706, 'distance_accuracy_value', 'NONE');
#1096 = DIRECTION ( 'NONE',  ( -1.000000000000000000, 0.0000000000000000000, -3.491481338843133400E-015 ) ) ;
#1097 = EDGE_LOOP ( 'NONE', ( #7140, #3524, #566, #2419 ) ) ;
#1099 = ORIENTED_EDGE ( 'NONE', *, *, #6019, .T. ) ;
#1098 = LINE ( 'NONE', #424, #6990 ) ;
#1100 = EDGE_LOOP ( 'NONE', ( #3559, #503, #651 ) ) ;
#1101 = CARTESIAN_POINT ( 'NONE',  ( 1.964999999999999600, 1.070000000000000100, 6.933014991976450100E-015 ) ) ;
#1102 = ORIENTED_EDGE ( 'NONE', *, *, #4901, .T. ) ;
#1103 = CARTESIAN_POINT ( 'NONE',  ( 2.626043423280198600, 1.094256829469460600, -2.150030866250726400 ) ) ;
#1104 = CARTESIAN_POINT ( 'NONE',  ( -3.000000000000013300, 4.944146853836610200, -0.8399999999999827600 ) ) ;
#1105 = CARTESIAN_POINT ( 'NONE',  ( -2.565815600712991100, 1.099999999999999900, -2.140815600713009500 ) ) ;
#1106 = DIRECTION ( 'NONE',  ( 1.000000000000000000, 0.0000000000000000000, 1.373532255474061000E-014 ) ) ;
#1107 = EDGE_CURVE ( 'NONE', #2596, #4783, #4951, .T. ) ;
#1108 = VERTEX_POINT ( 'NONE', #242 ) ;
#1109 = VECTOR ( 'NONE', #5862, 1000.000000000000000 ) ;
#1110 = LINE ( 'NONE', #3406, #1911 ) ;
#1111 = VERTEX_POINT ( 'NONE', #1442 ) ;
#1112 = VECTOR ( 'NONE', #4954, 1000.000000000000000 ) ;
#1113 = CARTESIAN_POINT ( 'NONE',  ( -2.635303057768115600, 1.074261574275177100, 2.229730755390289000 ) ) ;
#1114 = EDGE_CURVE ( 'NONE', #1108, #1697, #2363, .T. ) ;
#1115 = DIRECTION ( 'NONE',  ( 1.000000000000000000, 0.0000000000000000000, 3.491481338843133400E-015 ) ) ;
#1116 = CARTESIAN_POINT ( 'NONE',  ( 2.568654174466912000, 1.100000000000000100, 2.171392511269164300 ) ) ;
#1117 = EDGE_LOOP ( 'NONE', ( #4136, #132, #3163, #4138 ) ) ;
#1118 = ORIENTED_EDGE ( 'NONE', *, *, #970, .F. ) ;
#1119 = VECTOR ( 'NONE', #6447, 1000.000000000000000 ) ;
#1120 = FACE_OUTER_BOUND ( 'NONE', #6643, .T. ) ;
#1121 = ORIENTED_EDGE ( 'NONE', *, *, #22, .T. ) ;
#1122 = VECTOR ( 'NONE', #272, 1000.000000000000000 ) ;
#1123 = CARTESIAN_POINT ( 'NONE',  ( 2.770250515687720400, 1.296624770138966600, -2.345250515687703300 ) ) ;
#1124 = VERTEX_POINT ( 'NONE', #5374 ) ;
#1125 = ORIENTED_EDGE ( 'NONE', *, *, #915, .T. ) ;
#1126 = DIRECTION ( 'NONE',  ( 0.0000000000000000000, -1.000000000000000000, 0.0000000000000000000 ) ) ;
#1127 = VERTEX_POINT ( 'NONE', #6438 ) ;
#1128 = LINE ( 'NONE', #3144, #5127 ) ;
#1129 = FILL_AREA_STYLE_COLOUR ( '', #6354 ) ;
#1130 = ORIENTED_EDGE ( 'NONE', *, *, #7187, .F. ) ;
#1131 = ADVANCED_FACE ( 'NONE', ( #1935 ), #1984, .F. ) ;
#1132 = DIRECTION ( 'NONE',  ( 1.000000000000000000, 0.0000000000000000000, 3.491481338843133400E-015 ) ) ;
#1133 = DIRECTION ( 'NONE',  ( 1.000000000000000000, 0.0000000000000000000, 3.613946018757911100E-015 ) ) ;
#1134 = CARTESIAN_POINT ( 'NONE',  ( 2.606781623075852900, 1.073619305475737000, -2.248172372620171900 ) ) ;
#1135 = DIRECTION ( 'NONE',  ( -5.265536208154871600E-015, 0.0000000000000000000, -1.000000000000000000 ) ) ;
#1136 = FACE_OUTER_BOUND ( 'NONE', #58, .T. ) ;
#1137 = CARTESIAN_POINT ( 'NONE',  ( -2.565815600712990600, 1.100000000000000100, -2.140815600713009000 ) ) ;
#1138 = CARTESIAN_POINT ( 'NONE',  ( 1.592000208189919200E-013, 0.05000000000000000300, 2.160000000000091200 ) ) ;
#1139 = ORIENTED_EDGE ( 'NONE', *, *, #3898, .F. ) ;
#1140 = EDGE_LOOP ( 'NONE', ( #6742, #2456, #26, #4697 ) ) ;
#1141 = CARTESIAN_POINT ( 'NONE',  ( -2.755796319344264100, 1.015348775007399700, 2.157221402585042900 ) ) ;
#1142 = VECTOR ( 'NONE', #6690, 1000.000000000000000 ) ;
#1143 = CARTESIAN_POINT ( 'NONE',  ( -0.9970000000000069900, 0.0000000000000000000, 2.109999999999913700 ) ) ;
#1144 = DIRECTION ( 'NONE',  ( 0.0000000000000000000, 1.000000000000000000, 0.0000000000000000000 ) ) ;
#1145 = VERTEX_POINT ( 'NONE', #263 ) ;
#1146 = CARTESIAN_POINT ( 'NONE',  ( 2.750000000000038200, 0.0000000000000000000, 0.3799999999999814100 ) ) ;
#1147 = VERTEX_POINT ( 'NONE', #4228 ) ;
#1148 = DIRECTION ( 'NONE',  ( -2.407279166357629300E-015, 0.0000000000000000000, 1.000000000000000000 ) ) ;
#1149 = CARTESIAN_POINT ( 'NONE',  ( 2.750000000000020900, 0.3000000000000000400, 2.159999999999888700 ) ) ;
#1150 = EDGE_LOOP ( 'NONE', ( #332, #7047, #4059, #3977 ) ) ;
#1151 = CARTESIAN_POINT ( 'NONE',  ( 2.793603836822331500, 1.074432761647642300, 2.119973362980280400 ) ) ;
#1152 = DIRECTION ( 'NONE',  ( -1.000000000000000000, 0.0000000000000000000, -3.370341431302853500E-015 ) ) ;
#1153 = ORIENTED_EDGE ( 'NONE', *, *, #3569, .F. ) ;
#1154 = AXIS2_PLACEMENT_3D ( 'NONE', #2788, #6162, #4437 ) ;
#1155 = DIRECTION ( 'NONE',  ( -1.000000000000000000, 0.0000000000000000000, -7.828290028785149500E-015 ) ) ;
#1156 = ORIENTED_EDGE ( 'NONE', *, *, #4070, .F. ) ;
#1157 = EDGE_CURVE ( 'NONE', #7211, #6541, #2013, .T. ) ;
#1158 = CARTESIAN_POINT ( 'NONE',  ( -2.634437674747959400, 1.018993547693806300, 2.315094444701406600 ) ) ;
#1159 = FACE_OUTER_BOUND ( 'NONE', #1117, .T. ) ;
#1160 = CARTESIAN_POINT ( 'NONE',  ( 2.616626568811585100, 1.058328151576143300, -2.272477367131116000 ) ) ;
#1161 = CARTESIAN_POINT ( 'NONE',  ( 2.489999999999991300, 0.0000000000000000000, 0.3799999999999428800 ) ) ;
#1162 = DIRECTION ( 'NONE',  ( 1.000000000000000000, 0.0000000000000000000, 3.491481338843133400E-015 ) ) ;
#1163 = CARTESIAN_POINT ( 'NONE',  ( -2.800000000000017600, 0.3000000000000000400, -2.109999999999927500 ) ) ;
#1164 = EDGE_CURVE ( 'NONE', #6854, #4329, #2794, .T. ) ;
#1165 = EDGE_CURVE ( 'NONE', #429, #1581, #1754, .T. ) ;
#1166 = CARTESIAN_POINT ( 'NONE',  ( -2.596357977997334000, 1.100000000000000100, 2.143849760970801400 ) ) ;
#1167 = ADVANCED_FACE ( 'NONE', ( #6464 ), #7034, .T. ) ;
#1168 = AXIS2_PLACEMENT_3D ( 'NONE', #5201, #2846, #326 ) ;
#1169 = CARTESIAN_POINT ( 'NONE',  ( -2.874999999999991100, 0.3000000000000000400, -2.450000000000010400 ) ) ;
#1170 = CARTESIAN_POINT ( 'NONE',  ( 2.659982328883181900, 0.8824655146958287900, -2.377008118257921700 ) ) ;
#1171 = CARTESIAN_POINT ( 'NONE',  ( 2.544973362980278400, 1.074432761647642100, -2.368603836822330300 ) ) ;
#1172 = VECTOR ( 'NONE', #5340, 1000.000000000000000 ) ;
#1173 = EDGE_LOOP ( 'NONE', ( #6625, #3452, #914, #3161, #698, #3927 ) ) ;
#1174 = EDGE_CURVE ( 'NONE', #1401, #5727, #2618, .T. ) ;
#1175 = VERTEX_POINT ( 'NONE', #5332 ) ;
#1176 = CARTESIAN_POINT ( 'NONE',  ( 3.000000000000028400, 0.2999999999999999300, 2.109999999999847600 ) ) ;
#1177 = ORIENTED_EDGE ( 'NONE', *, *, #1419, .F. ) ;
#1178 = DIRECTION ( 'NONE',  ( 1.373532255474061000E-014, 0.0000000000000000000, -1.000000000000000000 ) ) ;
#1179 = DIRECTION ( 'NONE',  ( 0.0000000000000000000, -1.000000000000000000, 0.0000000000000000000 ) ) ;
#1180 = DIRECTION ( 'NONE',  ( 0.0000000000000000000, -1.000000000000000000, 0.0000000000000000000 ) ) ;
#1181 = VECTOR ( 'NONE', #1749, 1000.000000000000000 ) ;
#1182 = LINE ( 'NONE', #2147, #4474 ) ;
#1184 = EDGE_LOOP ( 'NONE', ( #6461, #2377, #1397, #840 ) ) ;
#1183 = PLANE ( 'NONE',  #2158 ) ;
#1185 = EDGE_LOOP ( 'NONE', ( #6020, #2255, #5511, #3320 ) ) ;
#1186 = CARTESIAN_POINT ( 'NONE',  ( -2.681178407718929300, 1.020784064028163100, 2.286957376646188100 ) ) ;
#1187 = CARTESIAN_POINT ( 'NONE',  ( 2.683883852877797100, 1.072277086138961000, -2.151011395140711700 ) ) ;
#1188 = CARTESIAN_POINT ( 'NONE',  ( 2.811246612404900700, 0.9065729647705735900, -2.162009817584953400 ) ) ;
#1190 = ORIENTED_EDGE ( 'NONE', *, *, #351, .T. ) ;
#1189 = DIRECTION ( 'NONE',  ( -1.000000000000000000, 0.0000000000000000000, -7.968680068296319000E-014 ) ) ;
#1191 = EDGE_CURVE ( 'NONE', #5465, #656, #689, .T. ) ;
#1192 = VERTEX_POINT ( 'NONE', #7078 ) ;
#1193 = CARTESIAN_POINT ( 'NONE',  ( 2.800000000000028200, 0.3000000000000000400, 2.109999999999849800 ) ) ;
#1195 = ORIENTED_EDGE ( 'NONE', *, *, #2672, .F. ) ;
#1194 = VECTOR ( 'NONE', #3233, 1000.000000000000000 ) ;
#1196 = ORIENTED_EDGE ( 'NONE', *, *, #6642, .T. ) ;
#1197 = VECTOR ( 'NONE', #5066, 1000.000000000000000 ) ;
#1198 = CARTESIAN_POINT ( 'NONE',  ( -0.6499999999999928100, 0.05000000000000002400, -2.109999999999900400 ) ) ;
#1199 = CARTESIAN_POINT ( 'NONE',  ( 2.772937740722600800, 1.271057531786608900, -2.099307266880515100 ) ) ;
#1200 = AXIS2_PLACEMENT_3D ( 'NONE', #1583, #5011, #4484 ) ;
#1201 = CARTESIAN_POINT ( 'NONE',  ( -2.389999999999962800, 0.3000000000000000400, -2.159999999999928600 ) ) ;
#1202 = VERTEX_POINT ( 'NONE', #3660 ) ;
#1203 = CARTESIAN_POINT ( 'NONE',  ( -2.389999999999962800, 0.2999999999999999300, -2.159999999999928600 ) ) ;
#1204 = VECTOR ( 'NONE', #1887, 1000.000000000000000 ) ;
#1205 = LINE ( 'NONE', #2737, #5841 ) ;
#1206 = ORIENTED_EDGE ( 'NONE', *, *, #1528, .T. ) ;
#1207 = CARTESIAN_POINT ( 'NONE',  ( 2.875000000000008400, 0.3000000000000000400, -2.449999999999990400 ) ) ;
#1208 = LINE ( 'NONE', #5498, #3416 ) ;
#1209 = ADVANCED_FACE ( 'NONE', ( #4791 ), #214, .T. ) ;
#1210 = VERTEX_POINT ( 'NONE', #4176 ) ;
#1211 = VERTEX_POINT ( 'NONE', #7106 ) ;
#1212 = EDGE_CURVE ( 'NONE', #2279, #1108, #251, .T. ) ;
#1213 = ORIENTED_EDGE ( 'NONE', *, *, #5914, .F. ) ;
#1214 = VECTOR ( 'NONE', #1712, 1000.000000000000000 ) ;
#1215 = CARTESIAN_POINT ( 'NONE',  ( 2.753390922139574000, 1.016472566903600300, -2.170718526142778200 ) ) ;
#1216 = LINE ( 'NONE', #6762, #4602 ) ;
#1217 = ORIENTED_EDGE ( 'NONE', *, *, #6490, .T. ) ;
#1218 = CARTESIAN_POINT ( 'NONE',  ( 2.774533543831985600, 0.9906556768463207200, -2.158839457278688600 ) ) ;
#1219 = FACE_OUTER_BOUND ( 'NONE', #2542, .T. ) ;
#1220 = EDGE_CURVE ( 'NONE', #5063, #4240, #422, .T. ) ;
#1221 = ORIENTED_EDGE ( 'NONE', *, *, #1542, .F. ) ;
#1222 = CARTESIAN_POINT ( 'NONE',  ( -2.565815600713005700, 1.100000000000000100, 2.140815600712990400 ) ) ;
#1224 = ORIENTED_EDGE ( 'NONE', *, *, #6674, .F. ) ;
#1223 = VECTOR ( 'NONE', #2482, 1000.000000000000000 ) ;
#1225 = CIRCLE ( 'NONE', #4291, 0.01000000000000002600 ) ;
#1226 = ORIENTED_EDGE ( 'NONE', *, *, #5591, .T. ) ;
#1227 = EDGE_CURVE ( 'NONE', #6830, #5063, #6285, .T. ) ;
#1228 = EDGE_CURVE ( 'NONE', #4301, #5650, #3245, .T. ) ;
#1229 =( LENGTH_UNIT ( ) NAMED_UNIT ( * ) SI_UNIT ( .MILLI., .METRE. ) );
#1230 = CARTESIAN_POINT ( 'NONE',  ( 2.814382077854517200, 0.8765143473294911800, -2.165986794035168900 ) ) ;
#1231 = CARTESIAN_POINT ( 'NONE',  ( 1.984999999999999900, 1.090000000000000100, 7.005293912351608500E-015 ) ) ;
#1232 = VERTEX_POINT ( 'NONE', #306 ) ;
#1233 = ORIENTED_EDGE ( 'NONE', *, *, #6418, .T. ) ;
#1234 = LINE ( 'NONE', #654, #2539 ) ;
#1235 = SURFACE_STYLE_FILL_AREA ( #5101 ) ;
#1236 = ORIENTED_EDGE ( 'NONE', *, *, #1959, .F. ) ;
#1237 = CARTESIAN_POINT ( 'NONE',  ( -0.6499999999999926900, 0.3000000000000000400, -1.904999999999903900 ) ) ;
#1238 = DIRECTION ( 'NONE',  ( 0.9945218953682734000, 0.1045284632676537100, 3.472354638749229900E-015 ) ) ;
#1239 = CARTESIAN_POINT ( 'NONE',  ( -2.454999999999322400, 0.05000000000000000300, 2.455000000000433900 ) ) ;
#1240 = VECTOR ( 'NONE', #5506, 1000.000000000000000 ) ;
#1241 = EDGE_CURVE ( 'NONE', #6115, #511, #3959, .T. ) ;
#1242 = CARTESIAN_POINT ( 'NONE',  ( -2.390000000000004600, 0.3000000000000000400, 1.649999999999909300 ) ) ;
#1243 = DIRECTION ( 'NONE',  ( 0.7071067811867075600, 0.0000000000000000000, 0.7071067811863873700 ) ) ;
#1244 = PLANE ( 'NONE',  #5439 ) ;
#1245 = DIRECTION ( 'NONE',  ( 0.0000000000000000000, -1.000000000000000000, 0.0000000000000000000 ) ) ;
#1246 = PLANE ( 'NONE',  #5194 ) ;
#1247 = ADVANCED_FACE ( 'NONE', ( #504 ), #3800, .T. ) ;
#1248 = CARTESIAN_POINT ( 'NONE',  ( -2.800000000000017600, 0.0000000000000000000, -1.699999999999927600 ) ) ;
#1249 = DIRECTION ( 'NONE',  ( 1.000000000000000000, 0.0000000000000000000, 1.839926121052110700E-014 ) ) ;
#1250 = DIRECTION ( 'NONE',  ( 1.000000000000000000, 0.0000000000000000000, 9.006275849671552300E-017 ) ) ;
#1251 = CARTESIAN_POINT ( 'NONE',  ( -0.9970000000000069900, 0.3000000000000000400, 2.109999999999913700 ) ) ;
#1252 = CARTESIAN_POINT ( 'NONE',  ( 2.455000000000815400, 0.05000000000000000300, 2.454999999999278000 ) ) ;
#1253 = DIRECTION ( 'NONE',  ( 1.000000000000000000, 0.0000000000000000000, -7.199956750943201700E-015 ) ) ;
#1254 = VECTOR ( 'NONE', #4597, 1000.000000000000000 ) ;
#1255 = DIRECTION ( 'NONE',  ( -1.000000000000000000, 0.0000000000000000000, -3.491481338843133400E-015 ) ) ;
#1256 = AXIS2_PLACEMENT_3D ( 'NONE', #5952, #2511, #904 ) ;
#1257 = DIRECTION ( 'NONE',  ( -8.176558940121072500E-014, 0.0000000000000000000, 1.000000000000000000 ) ) ;
#1258 = EDGE_CURVE ( 'NONE', #2557, #5997, #2194, .T. ) ;
#1259 = CARTESIAN_POINT ( 'NONE',  ( -3.000000000000007100, 4.944146853836610200, 0.4299999999999895600 ) ) ;
#1260 = DIRECTION ( 'NONE',  ( 1.000000000000000000, 0.0000000000000000000, 3.491481338843133400E-015 ) ) ;
#1261 = CARTESIAN_POINT ( 'NONE',  ( 2.626895891117560400, 1.094165267273350800, -2.146090194630320800 ) ) ;
#1262 = FACE_OUTER_BOUND ( 'NONE', #3496, .T. ) ;
#1263 = CARTESIAN_POINT ( 'NONE',  ( 2.800000000000038900, 4.944146853836610200, 0.4299999999999817900 ) ) ;
#1264 = ORIENTED_EDGE ( 'NONE', *, *, #4808, .T. ) ;
#1265 = ORIENTED_EDGE ( 'NONE', *, *, #5943, .T. ) ;
#1266 = EDGE_CURVE ( 'NONE', #6217, #5741, #1890, .T. ) ;
#1267 = ORIENTED_EDGE ( 'NONE', *, *, #4557, .F. ) ;
#1268 = EDGE_CURVE ( 'NONE', #3542, #75, #1128, .T. ) ;
#1269 = CARTESIAN_POINT ( 'NONE',  ( -2.565815600713005700, 1.100000000000000100, 2.140815600712990400 ) ) ;
#1270 = CARTESIAN_POINT ( 'NONE',  ( -2.697483964634003000, 0.9147751289090543200, 2.354006324458573400 ) ) ;
#1271 = VECTOR ( 'NONE', #4893, 1000.000000000000000 ) ;
#1272 = FACE_OUTER_BOUND ( 'NONE', #325, .T. ) ;
#1273 = ADVANCED_FACE ( 'NONE', ( #5859 ), #3162, .T. ) ;
#1274 = CARTESIAN_POINT ( 'NONE',  ( -2.749999999999996400, 0.0000000000000000000, -0.3799999999999820200 ) ) ;
#1275 = CARTESIAN_POINT ( 'NONE',  ( 2.758290878373379900, 0.9950589195525034700, -2.217441674343900700 ) ) ;
#1276 = CARTESIAN_POINT ( 'NONE',  ( -1.090000000000007200, 0.3000000000000000400, 2.109999999999895500 ) ) ;
#1277 = EDGE_CURVE ( 'NONE', #2285, #7362, #861, .T. ) ;
#1278 = CARTESIAN_POINT ( 'NONE',  ( -2.390000000000010800, 0.05000000000000002400, 0.8899999999999640400 ) ) ;
#1279 = LINE ( 'NONE', #2645, #5172 ) ;
#1280 = ORIENTED_EDGE ( 'NONE', *, *, #4608, .T. ) ;
#1281 = DIRECTION ( 'NONE',  ( 1.000000000000000000, -0.0000000000000000000, -7.199956750943201700E-015 ) ) ;
#1282 = CARTESIAN_POINT ( 'NONE',  ( -2.874999999999991100, 0.05000000000000000300, -2.450000000000010400 ) ) ;
#1283 = CARTESIAN_POINT ( 'NONE',  ( 2.565815600712991100, 1.100000000000000100, 2.140815600713008600 ) ) ;
#1284 = CARTESIAN_POINT ( 'NONE',  ( -5.935518276033035600E-015, 0.05000000000000000300, 1.699999999999916700 ) ) ;
#1285 = CARTESIAN_POINT ( 'NONE',  ( 2.490000000000001500, 0.3000000000000000400, -0.2499999999999913400 ) ) ;
#1286 = ORIENTED_EDGE ( 'NONE', *, *, #1782, .F. ) ;
#1287 = VECTOR ( 'NONE', #5254, 1000.000000000000000 ) ;
#1288 = EDGE_LOOP ( 'NONE', ( #6431, #5338, #6621, #2537 ) ) ;
#1289 = CARTESIAN_POINT ( 'NONE',  ( -2.538084664280346700, 1.139974351693964200, -2.361715138122432400 ) ) ;
#1290 = PLANE ( 'NONE',  #7306 ) ;
#1291 = CARTESIAN_POINT ( 'NONE',  ( -2.749999999999996400, 0.3000000000000000400, -0.3799999999999820200 ) ) ;
#1292 = DIRECTION ( 'NONE',  ( 0.0000000000000000000, -1.000000000000000000, 0.0000000000000000000 ) ) ;
#1293 = EDGE_CURVE ( 'NONE', #6600, #3928, #5400, .T. ) ;
#1295 = ORIENTED_EDGE ( 'NONE', *, *, #2345, .T. ) ;
#1294 = VECTOR ( 'NONE', #2125, 999.9999999999998900 ) ;
#1296 = ORIENTED_EDGE ( 'NONE', *, *, #1982, .T. ) ;
#1297 = LINE ( 'NONE', #3271, #5096 ) ;
#1298 = ORIENTED_EDGE ( 'NONE', *, *, #4927, .F. ) ;
#1299 = CARTESIAN_POINT ( 'NONE',  ( -2.762529584587974300, 0.9155742305496630300, 2.296707326899359600 ) ) ;
#1300 = CARTESIAN_POINT ( 'NONE',  ( -0.9970000000000026600, 0.05000000000000000300, -4.752712266553349400E-015 ) ) ;
#1301 = VECTOR ( 'NONE', #3494, 1000.000000000000000 ) ;
#1302 = LINE ( 'NONE', #6449, #4591 ) ;
#1303 = ORIENTED_EDGE ( 'NONE', *, *, #6841, .T. ) ;
#1304 = CARTESIAN_POINT ( 'NONE',  ( -2.800000000000017600, 0.3000000000000000400, -1.699999999999927600 ) ) ;
#1305 = VECTOR ( 'NONE', #4973, 1000.000000000000000 ) ;
#1306 = DIRECTION ( 'NONE',  ( 0.7071067811865507900, 0.0000000000000000000, 0.7071067811865441300 ) ) ;
#1307 = EDGE_CURVE ( 'NONE', #6169, #267, #5673, .T. ) ;
#1308 = ORIENTED_EDGE ( 'NONE', *, *, #3891, .F. ) ;
#1309 = ORIENTED_EDGE ( 'NONE', *, *, #14, .F. ) ;
#1310 = DIRECTION ( 'NONE',  ( -0.7071067811866047500, 0.0000000000000000000, -0.7071067811864901700 ) ) ;
#1311 = CARTESIAN_POINT ( 'NONE',  ( -2.875000000000008400, 0.05000000000000000300, 2.449999999999990400 ) ) ;
#1312 = LINE ( 'NONE', #6437, #7185 ) ;
#1313 = ORIENTED_EDGE ( 'NONE', *, *, #7042, .T. ) ;
#1314 = PLANE ( 'NONE',  #2668 ) ;
#1315 = DIRECTION ( 'NONE',  ( 1.000000000000000000, 0.0000000000000000000, 7.968680068296319000E-014 ) ) ;
#1316 = ADVANCED_FACE ( 'NONE', ( #1324 ), #6087, .F. ) ;
#1317 = EDGE_CURVE ( 'NONE', #7192, #5917, #6027, .T. ) ;
#1318 = PLANE ( 'NONE',  #69 ) ;
#1319 = CARTESIAN_POINT ( 'NONE',  ( 2.565815600713005700, 1.100000000000000100, -2.140815600712990400 ) ) ;
#1320 = ORIENTED_EDGE ( 'NONE', *, *, #1589, .F. ) ;
#1321 = AXIS2_PLACEMENT_3D ( 'NONE', #3904, #517, #6791 ) ;
#1322 = CARTESIAN_POINT ( 'NONE',  ( -2.800000000000004700, 0.3000000000000000400, 1.699999999999908500 ) ) ;
#1323 = ORIENTED_EDGE ( 'NONE', *, *, #6453, .F. ) ;
#1324 = FACE_OUTER_BOUND ( 'NONE', #220, .T. ) ;
#1325 = EDGE_LOOP ( 'NONE', ( #5314, #2995, #5360, #2261 ) ) ;
#1326 = CARTESIAN_POINT ( 'NONE',  ( 2.750000000000020900, 0.2999999999999999300, 2.159999999999888700 ) ) ;
#1327 = DIRECTION ( 'NONE',  ( -3.491481338843133400E-015, -0.0000000000000000000, 1.000000000000000000 ) ) ;
#1328 = CARTESIAN_POINT ( 'NONE',  ( -2.811036165606920700, 0.9069355804458998400, 2.165648449825416500 ) ) ;
#1329 = LINE ( 'NONE', #4044, #2895 ) ;
#1330 = EDGE_CURVE ( 'NONE', #2279, #6991, #170, .T. ) ;
#1331 = CARTESIAN_POINT ( 'NONE',  ( -2.874999999999991100, 0.3000000000000000400, -2.450000000000010400 ) ) ;
#1332 = CARTESIAN_POINT ( 'NONE',  ( -2.390000000000006300, 0.05000000000000002400, 2.159999999999909100 ) ) ;
#1333 = ORIENTED_EDGE ( 'NONE', *, *, #946, .F. ) ;
#1334 = CARTESIAN_POINT ( 'NONE',  ( 2.576011395140728000, 1.072277086138961400, -2.258883852877780800 ) ) ;
#1335 = CARTESIAN_POINT ( 'NONE',  ( 2.874999999999993800, 0.3000000000000000400, 1.699999999999926500 ) ) ;
#1336 = B_SPLINE_CURVE_WITH_KNOTS ( 'NONE', 3,
 ( #6313, #5864, #2901, #4075 ),
 .UNSPECIFIED., .F., .F.,
 ( 4, 4 ),
 ( -0.0006060836562157269300, 0.0000000000000000000 ),
 .UNSPECIFIED. ) ;
#1337 = DIRECTION ( 'NONE',  ( 1.000000000000000000, 0.0000000000000000000, -2.909111085745247900E-013 ) ) ;
#1338 = CARTESIAN_POINT ( 'NONE',  ( 2.587286107418067500, 0.8761321158169135300, 2.389446074555077200 ) ) ;
#1339 = VERTEX_POINT ( 'NONE', #4903 ) ;
#1340 = PLANE ( 'NONE',  #6637 ) ;
#1341 = CARTESIAN_POINT ( 'NONE',  ( -1.089999999999998300, 0.0000000000000000000, -0.2500000000000033900 ) ) ;
#1342 = MECHANICAL_DESIGN_GEOMETRIC_PRESENTATION_REPRESENTATION (  '', ( #5377 ), #2462 ) ;
#1343 = CARTESIAN_POINT ( 'NONE',  ( -2.389999999999957500, 0.3000000000000000400, -1.649999999999929700 ) ) ;
#1344 = CARTESIAN_POINT ( 'NONE',  ( 2.591215425438047500, 1.100000000000000100, -2.155866473548474700 ) ) ;
#1345 = DIRECTION ( 'NONE',  ( 3.491481338843133400E-015, 0.0000000000000000000, -1.000000000000000000 ) ) ;
#1346 = EDGE_LOOP ( 'NONE', ( #6395, #6900, #5693, #1725 ) ) ;
#1347 = DIRECTION ( 'NONE',  ( -1.000000000000000000, 0.0000000000000000000, -3.491481338843133000E-015 ) ) ;
#1348 = LINE ( 'NONE', #873, #975 ) ;
#1349 = CARTESIAN_POINT ( 'NONE',  ( -2.800000000000006900, 0.3000000000000000400, 0.4299999999999900600 ) ) ;
#1350 = CARTESIAN_POINT ( 'NONE',  ( -2.813845114776145600, 0.8780125005808401300, 2.180777733155149900 ) ) ;
#1351 = AXIS2_PLACEMENT_3D ( 'NONE', #6259, #1681, #2283 ) ;
#1352 = ADVANCED_FACE ( 'NONE', ( #6928 ), #2614, .T. ) ;
#1353 = DIRECTION ( 'NONE',  ( -1.000000000000000000, 0.0000000000000000000, -3.491481338843133400E-015 ) ) ;
#1354 = VECTOR ( 'NONE', #4199, 1000.000000000000000 ) ;
#1355 = CARTESIAN_POINT ( 'NONE',  ( -2.750000000000000900, 0.2999999999999999300, 0.8899999999999627100 ) ) ;
#1356 = CARTESIAN_POINT ( 'NONE',  ( -2.390000000000004600, 0.05000000000000002400, 1.649999999999909300 ) ) ;
#1357 = DIRECTION ( 'NONE',  ( 1.000000000000000000, 0.0000000000000000000, 3.491481338843133400E-015 ) ) ;
#1358 = CARTESIAN_POINT ( 'NONE',  ( 2.874999999999991100, 0.3000000000000000400, 2.450000000000010400 ) ) ;
#1359 = LINE ( 'NONE', #182, #6963 ) ;
#1360 = DIRECTION ( 'NONE',  ( 1.000000000000000000, 0.0000000000000000000, 1.812821066739969000E-014 ) ) ;
#1361 = EDGE_CURVE ( 'NONE', #4010, #1934, #2451, .T. ) ;
#1362 = ORIENTED_EDGE ( 'NONE', *, *, #3581, .F. ) ;
#1363 = CARTESIAN_POINT ( 'NONE',  ( -2.389999999999955300, 0.3000000000000000400, -0.8899999999999824700 ) ) ;
#1364 = DIRECTION ( 'NONE',  ( 1.000000000000000000, -0.0000000000000000000, 9.006275849671631200E-017 ) ) ;
#1365 = CARTESIAN_POINT ( 'NONE',  ( -2.800000000000013600, 0.3000000000000000400, -0.8399999999999819800 ) ) ;
#1366 = EDGE_CURVE ( 'NONE', #5263, #5030, #949, .T. ) ;
#1367 = LINE ( 'NONE', #5293, #4192 ) ;
#1368 = LINE ( 'NONE', #135, #1972 ) ;
#1369 = EDGE_CURVE ( 'NONE', #2793, #1910, #6545, .T. ) ;
#1370 = CARTESIAN_POINT ( 'NONE',  ( -2.587987857884652700, 0.9364576177899196500, 2.377188879095452300 ) ) ;
#1371 = ORIENTED_EDGE ( 'NONE', *, *, #776, .F. ) ;
#1372 = ORIENTED_EDGE ( 'NONE', *, *, #6365, .T. ) ;
#1373 = CARTESIAN_POINT ( 'NONE',  ( -2.633390469515660500, 0.8805512677905663600, -2.385387134913414400 ) ) ;
#1374 = ORIENTED_EDGE ( 'NONE', *, *, #2623, .F. ) ;
#1375 = B_SPLINE_CURVE_WITH_KNOTS ( 'NONE', 3,
 ( #2404, #2986, #1261, #4108, #4649, #6939, #1218, #6377, #1188, #4082 ),
 .UNSPECIFIED., .F., .F.,
 ( 4, 2, 2, 2, 4 ),
 ( 0.0000000000000000000, 0.2500000000000000000, 0.5000000000000000000, 0.7500000000000000000, 1.000000000000000000 ),
 .UNSPECIFIED. ) ;
#1377 = ORIENTED_EDGE ( 'NONE', *, *, #3484, .T. ) ;
#1376 = FACE_OUTER_BOUND ( 'NONE', #7153, .T. ) ;
#1378 = ORIENTED_EDGE ( 'NONE', *, *, #6554, .T. ) ;
#1379 = CARTESIAN_POINT ( 'NONE',  ( 2.250000000000021300, 0.0000000000000000000, -2.159999999999913500 ) ) ;
#1380 = LINE ( 'NONE', #5682, #1197 ) ;
#1381 =( LENGTH_UNIT ( ) NAMED_UNIT ( * ) SI_UNIT ( .MILLI., .METRE. ) );
#1382 = CARTESIAN_POINT ( 'NONE',  ( -2.874999999999991100, 0.05000000000000000300, -2.450000000000010400 ) ) ;
#1383 = DIRECTION ( 'NONE',  ( -2.908576945033690800E-015, 0.0000000000000000000, 1.000000000000000000 ) ) ;
#1384 = ADVANCED_FACE ( 'NONE', ( #6634 ), #3781, .F. ) ;
#1385 = CARTESIAN_POINT ( 'NONE',  ( 2.750000000000064400, 0.2999999999999999300, -2.159999999999909500 ) ) ;
#1387 = ORIENTED_EDGE ( 'NONE', *, *, #5691, .T. ) ;
#1386 = LINE ( 'NONE', #2839, #4777 ) ;
#1388 = DIRECTION ( 'NONE',  ( -3.491481338843133400E-015, 0.0000000000000000000, 1.000000000000000000 ) ) ;
#1389 = LINE ( 'NONE', #4838, #5748 ) ;
#1390 = ORIENTED_EDGE ( 'NONE', *, *, #966, .F. ) ;
#1391 = CARTESIAN_POINT ( 'NONE',  ( -0.9970000000000069900, 0.3000000000000000400, 2.109999999999913700 ) ) ;
#1392 = LINE ( 'NONE', #971, #1112 ) ;
#1393 = ORIENTED_EDGE ( 'NONE', *, *, #6629, .T. ) ;
#1394 = EDGE_LOOP ( 'NONE', ( #3933, #5937, #6098, #805 ) ) ;
#1395 = LINE ( 'NONE', #2258, #7095 ) ;
#1396 = LINE ( 'NONE', #7054, #1997 ) ;
#1397 = ORIENTED_EDGE ( 'NONE', *, *, #706, .T. ) ;
#1398 = LINE ( 'NONE', #6667, #322 ) ;
#1399 = DIRECTION ( 'NONE',  ( 1.000000000000000000, 0.0000000000000000000, 8.695651766773109700E-015 ) ) ;
#1400 = CARTESIAN_POINT ( 'NONE',  ( -2.692347204128912700, 0.9439359755780771800, -2.344401804800351700 ) ) ;
#1401 = VERTEX_POINT ( 'NONE', #3172 ) ;
#1402 = FACE_OUTER_BOUND ( 'NONE', #4335, .T. ) ;
#1403 = VECTOR ( 'NONE', #6703, 1000.000000000000000 ) ;
#1404 = EDGE_LOOP ( 'NONE', ( #6022, #3856, #2137, #4030 ) ) ;
#1405 = EDGE_CURVE ( 'NONE', #2173, #4210, #5315, .T. ) ;
#1406 = AXIS2_PLACEMENT_3D ( 'NONE', #856, #360, #4868 ) ;
#1407 = CARTESIAN_POINT ( 'NONE',  ( 2.800000000000028200, 4.944146853836610200, 1.699999999999926500 ) ) ;
#1408 = VERTEX_POINT ( 'NONE', #7141 ) ;
#1409 = FACE_OUTER_BOUND ( 'NONE', #4072, .T. ) ;
#1410 = VECTOR ( 'NONE', #6867, 1000.000000000000000 ) ;
#1411 = CARTESIAN_POINT ( 'NONE',  ( -2.779826439422516100, 1.205515941740286500, 2.106195965580430300 ) ) ;
#1412 = EDGE_CURVE ( 'NONE', #3721, #2704, #4872, .T. ) ;
#1413 = EDGE_CURVE ( 'NONE', #3377, #3116, #337, .T. ) ;
#1414 = DIRECTION ( 'NONE',  ( -3.491481338843133400E-015, 0.0000000000000000000, 1.000000000000000000 ) ) ;
#1415 = DIRECTION ( 'NONE',  ( -0.7071067811863515100, 0.0000000000000000000, 0.7071067811867435300 ) ) ;
#1416 = LINE ( 'NONE', #4319, #794 ) ;
#1417 = AXIS2_PLACEMENT_3D ( 'NONE', #7307, #3866, #6831 ) ;
#1418 = CARTESIAN_POINT ( 'NONE',  ( -2.390000000000010800, 0.0000000000000000000, 0.8899999999999640400 ) ) ;
#1419 = EDGE_CURVE ( 'NONE', #6387, #1714, #3519, .T. ) ;
#1420 = ADVANCED_FACE ( 'NONE', ( #4149 ), #2226, .T. ) ;
#1421 = ORIENTED_EDGE ( 'NONE', *, *, #1943, .T. ) ;
#1422 = CARTESIAN_POINT ( 'NONE',  ( -2.801936795369961000, 0.9366113763705528100, -2.164792172562512100 ) ) ;
#1423 = ORIENTED_EDGE ( 'NONE', *, *, #7093, .T. ) ;
#1424 = CARTESIAN_POINT ( 'NONE',  ( 2.750000000000039500, 0.0000000000000000000, -1.649999999999908700 ) ) ;
#1425 = DIRECTION ( 'NONE',  ( -1.000000000000000000, 0.0000000000000000000, -7.828290028785149500E-015 ) ) ;
#1426 = CARTESIAN_POINT ( 'NONE',  ( 2.750000000000040400, 0.3000000000000000400, -0.3799999999999621500 ) ) ;
#1427 = AXIS2_PLACEMENT_3D ( 'NONE', #1577, #6696, #7295 ) ;
#1428 = UNCERTAINTY_MEASURE_WITH_UNIT (LENGTH_MEASURE( 1.000000000000000100E-005 ), #580, 'distance_accuracy_value', 'NONE');
#1429 =( NAMED_UNIT ( * ) PLANE_ANGLE_UNIT ( ) SI_UNIT ( $, .RADIAN. ) );
#1430 = EDGE_LOOP ( 'NONE', ( #5708, #7200, #3729, #1664 ) ) ;
#1431 = CARTESIAN_POINT ( 'NONE',  ( -2.800000000000017600, 0.0000000000000000000, -2.109999999999927500 ) ) ;
#1432 = LINE ( 'NONE', #1893, #5794 ) ;
#1433 = AXIS2_PLACEMENT_3D ( 'NONE', #4814, #6066, #5373 ) ;
#1434 = ORIENTED_EDGE ( 'NONE', *, *, #357, .T. ) ;
#1435 = CARTESIAN_POINT ( 'NONE',  ( -2.742135419289170300, 0.9966906513096320800, -2.249718273317650000 ) ) ;
#1436 = CARTESIAN_POINT ( 'NONE',  ( 2.663416568559652000, 1.020333860511327500, 2.299950102063968800 ) ) ;
#1437 = VECTOR ( 'NONE', #5228, 1000.000000000000000 ) ;
#1438 = VECTOR ( 'NONE', #2580, 1000.000000000000000 ) ;
#1439 = EDGE_LOOP ( 'NONE', ( #1977, #6436, #2583, #5990, #4855, #6026, #1498, #4467 ) ) ;
#1440 = ORIENTED_EDGE ( 'NONE', *, *, #81, .T. ) ;
#1441 = EDGE_CURVE ( 'NONE', #2173, #656, #7277, .T. ) ;
#1442 = CARTESIAN_POINT ( 'NONE',  ( 2.800000000000038900, 0.0000000000000000000, 0.4299999999999817900 ) ) ;
#1443 = AXIS2_PLACEMENT_3D ( 'NONE', #2593, #3713, #4866 ) ;
#1444 = CARTESIAN_POINT ( 'NONE',  ( -2.846972203929161200, 0.5666666666666667600, 2.421972203929143100 ) ) ;
#1445 = CARTESIAN_POINT ( 'NONE',  ( -2.800000000000009100, 4.944146853836610200, 0.8399999999999627800 ) ) ;
#1446 = ADVANCED_FACE ( 'NONE', ( #2786 ), #3853, .T. ) ;
#1447 = LINE ( 'NONE', #1969, #5991 ) ;
#1448 = FACE_OUTER_BOUND ( 'NONE', #3976, .T. ) ;
#1449 = AXIS2_PLACEMENT_3D ( 'NONE', #4999, #2138, #2701 ) ;
#1450 = DIRECTION ( 'NONE',  ( 0.7071067811871001300, 0.0000000000000000000, 0.7071067811859949000 ) ) ;
#1451 = CARTESIAN_POINT ( 'NONE',  ( 2.587286107418067500, 0.8761321158169135300, 2.389446074555077200 ) ) ;
#1452 = EDGE_CURVE ( 'NONE', #4210, #5754, #3948, .T. ) ;
#1453 = VERTEX_POINT ( 'NONE', #2182 ) ;
#1454 = VECTOR ( 'NONE', #3336, 1000.000000000000000 ) ;
#1455 = ORIENTED_EDGE ( 'NONE', *, *, #5848, .F. ) ;
#1456 = CARTESIAN_POINT ( 'NONE',  ( -2.390000000000010800, 0.3000000000000000400, 0.8899999999999640400 ) ) ;
#1457 = CARTESIAN_POINT ( 'NONE',  ( -2.587284338101301500, 0.8761377525753103500, -2.389445482107895600 ) ) ;
#1458 = DIRECTION ( 'NONE',  ( -0.7071067811867075600, 0.0000000000000000000, -0.7071067811863873700 ) ) ;
#1459 = CARTESIAN_POINT ( 'NONE',  ( -2.589792184009648500, 0.9366113776208916400, -2.376936795763373100 ) ) ;
#1460 = CARTESIAN_POINT ( 'NONE',  ( 2.774533543832313300, 0.9906556768458140100, 2.158839457273969300 ) ) ;
#1461 = LINE ( 'NONE', #2385, #5462 ) ;
#1462 = ORIENTED_EDGE ( 'NONE', *, *, #6771, .T. ) ;
#1463 = DIRECTION ( 'NONE',  ( -1.331179923943306900E-013, 0.0000000000000000000, -1.000000000000000000 ) ) ;
#1464 = VECTOR ( 'NONE', #5083, 1000.000000000000000 ) ;
#1465 = EDGE_CURVE ( 'NONE', #1124, #6053, #1225, .T. ) ;
#1466 = CARTESIAN_POINT ( 'NONE',  ( -2.633390429027121700, 0.8805512600180576100, 2.385387101451459800 ) ) ;
#1467 = DIRECTION ( 'NONE',  ( 1.000000000000000000, 0.0000000000000000000, 3.491481338843133400E-015 ) ) ;
#1468 = LINE ( 'NONE', #4040, #6705 ) ;
#1469 = VECTOR ( 'NONE', #881, 1000.000000000000000 ) ;
#1470 = ORIENTED_EDGE ( 'NONE', *, *, #2060, .T. ) ;
#1471 = VECTOR ( 'NONE', #6141, 1000.000000000000000 ) ;
#1472 = CARTESIAN_POINT ( 'NONE',  ( -2.777139214387636600, 1.231083180092644500, 2.352139214387618500 ) ) ;
#1473 = CARTESIAN_POINT ( 'NONE',  ( -1.090000000000000100, 0.3000000000000000400, 0.2499999999999967500 ) ) ;
#1474 = FACE_OUTER_BOUND ( 'NONE', #3481, .T. ) ;
#1475 = VECTOR ( 'NONE', #3364, 1000.000000000000000 ) ;
#1476 = ORIENTED_EDGE ( 'NONE', *, *, #4739, .F. ) ;
#1477 = CARTESIAN_POINT ( 'NONE',  ( -1.035130041533772700E-015, 0.05000000000000000300, 0.4299999999999967700 ) ) ;
#1478 = ORIENTED_EDGE ( 'NONE', *, *, #4306, .T. ) ;
#1479 = VECTOR ( 'NONE', #4856, 1000.000000000000000 ) ;
#1480 = VERTEX_POINT ( 'NONE', #2154 ) ;
#1481 = CARTESIAN_POINT ( 'NONE',  ( -2.584556969120333800, 0.9746086217762994800, -2.358084821015920900 ) ) ;
#1482 = DIRECTION ( 'NONE',  ( 3.841223975128798700E-015, 0.0000000000000000000, -1.000000000000000000 ) ) ;
#1483 = ADVANCED_FACE ( 'NONE', ( #4701 ), #2207, .F. ) ;
#1484 = CARTESIAN_POINT ( 'NONE',  ( -2.711957376582436700, 1.020784064027363100, -2.256178407782072800 ) ) ;
#1485 = CARTESIAN_POINT ( 'NONE',  ( 2.589136781173843300, 0.8763245041717716600, 2.389425853724165700 ) ) ;
#1486 = CARTESIAN_POINT ( 'NONE',  ( -2.800000000000017600, 0.0000000000000000000, -1.699999999999927600 ) ) ;
#1487 = VERTEX_POINT ( 'NONE', #5643 ) ;
#1488 = CARTESIAN_POINT ( 'NONE',  ( 2.615595327730138500, 1.017943610347003600, 2.323192411623452400 ) ) ;
#1489 = AXIS2_PLACEMENT_3D ( 'NONE', #4942, #976, #4961 ) ;
#1490 = VECTOR ( 'NONE', #6765, 1000.000000000000000 ) ;
#1491 = EDGE_CURVE ( 'NONE', #267, #2304, #681, .T. ) ;
#1492 = DIRECTION ( 'NONE',  ( -3.491481338843133400E-015, 0.0000000000000000000, 1.000000000000000000 ) ) ;
#1493 = CARTESIAN_POINT ( 'NONE',  ( 2.635302975958289600, 1.074261572501418600, 2.229730819496348500 ) ) ;
#1494 = ORIENTED_EDGE ( 'NONE', *, *, #6306, .T. ) ;
#1495 = EDGE_CURVE ( 'NONE', #4675, #2793, #2887, .T. ) ;
#1496 = CARTESIAN_POINT ( 'NONE',  ( -2.874999999999991100, 0.3000000000000000400, -2.450000000000010400 ) ) ;
#1497 = DIRECTION ( 'NONE',  ( 1.000000000000000000, -0.0000000000000000000, -1.331179923943306900E-013 ) ) ;
#1498 = ORIENTED_EDGE ( 'NONE', *, *, #333, .F. ) ;
#1499 = DIRECTION ( 'NONE',  ( 2.920848616482327200E-015, 0.0000000000000000000, -1.000000000000000000 ) ) ;
#1500 = CARTESIAN_POINT ( 'NONE',  ( 2.750000000000012900, 4.944146853836610200, -0.8899999999999244100 ) ) ;
#1501 = ORIENTED_EDGE ( 'NONE', *, *, #7379, .F. ) ;
#1502 = PLANE ( 'NONE',  #2684 ) ;
#1503 = CARTESIAN_POINT ( 'NONE',  ( -2.750000000000003100, 0.2999999999999999300, 1.649999999999907800 ) ) ;
#1504 = CARTESIAN_POINT ( 'NONE',  ( -2.571878253250803300, 1.094184019736974500, -2.201737699278716800 ) ) ;
#1505 = CARTESIAN_POINT ( 'NONE',  ( 2.621387496683916600, 0.9937833258816491900, 2.341839937395217200 ) ) ;
#1506 = CARTESIAN_POINT ( 'NONE',  ( 2.800000000000038900, 0.3000000000000000400, 0.4299999999999817900 ) ) ;
#1507 = CARTESIAN_POINT ( 'NONE',  ( 2.621374128785770800, 1.094455121290085700, 2.161732621947985800 ) ) ;
#1508 = LINE ( 'NONE', #705, #7127 ) ;
#1509 = DIRECTION ( 'NONE',  ( 0.0000000000000000000, -1.000000000000000000, 0.0000000000000000000 ) ) ;
#1510 = PLANE ( 'NONE',  #2007 ) ;
#1511 = ADVANCED_FACE ( 'NONE', ( #4141 ), #6734, .F. ) ;
#1512 = PLANE ( 'NONE',  #1962 ) ;
#1513 = LINE ( 'NONE', #2909, #4825 ) ;
#1514 = ORIENTED_EDGE ( 'NONE', *, *, #3187, .F. ) ;
#1515 = VERTEX_POINT ( 'NONE', #5059 ) ;
#1516 = ORIENTED_EDGE ( 'NONE', *, *, #2148, .T. ) ;
#1517 = CARTESIAN_POINT ( 'NONE',  ( 2.749999999999999100, 0.3000000000000000400, 1.649999999999850700 ) ) ;
#1518 = PLANE ( 'NONE',  #2247 ) ;
#1519 = LINE ( 'NONE', #3300, #5444 ) ;
#1520 = FACE_OUTER_BOUND ( 'NONE', #4809, .T. ) ;
#1521 = CARTESIAN_POINT ( 'NONE',  ( -2.602667125176090200, 1.057728553685848100, -2.279001161734056400 ) ) ;
#1522 = CARTESIAN_POINT ( 'NONE',  ( 2.721707326918092000, 0.9155742305482838000, 2.337529584565108700 ) ) ;
#1523 = EDGE_CURVE ( 'NONE', #5622, #2203, #6540, .T. ) ;
#1524 = EDGE_LOOP ( 'NONE', ( #4925, #1546, #5852, #7375, #7059, #5953, #2873, #5900 ) ) ;
#1525 = EDGE_CURVE ( 'NONE', #3616, #5556, #4241, .T. ) ;
#1526 = LINE ( 'NONE', #1066, #7145 ) ;
#1527 = ORIENTED_EDGE ( 'NONE', *, *, #5264, .F. ) ;
#1528 = EDGE_CURVE ( 'NONE', #7254, #5465, #5574, .T. ) ;
#1529 = EDGE_LOOP ( 'NONE', ( #2948, #1377, #442, #642 ) ) ;
#1530 = CARTESIAN_POINT ( 'NONE',  ( 2.749999999999999100, 0.0000000000000000000, 1.649999999999850700 ) ) ;
#1531 = CARTESIAN_POINT ( 'NONE',  ( 2.579262906990766900, 1.056305036834822600, 2.285280226426277500 ) ) ;
#1532 = PLANE ( 'NONE',  #3432 ) ;
#1533 = DIRECTION ( 'NONE',  ( 3.491481338843133400E-015, 0.0000000000000000000, -1.000000000000000000 ) ) ;
#1534 = AXIS2_PLACEMENT_3D ( 'NONE', #2548, #4198, #5964 ) ;
#1535 = ORIENTED_EDGE ( 'NONE', *, *, #2113, .F. ) ;
#1536 = CARTESIAN_POINT ( 'NONE',  ( 2.606163993592481600, 1.100000000000000100, 2.144299889772476300 ) ) ;
#1537 = VECTOR ( 'NONE', #3165, 1000.000000000000000 ) ;
#1538 = CARTESIAN_POINT ( 'NONE',  ( 2.875000000000008400, 0.05000000000000000300, -2.449999999999990400 ) ) ;
#1539 = VERTEX_POINT ( 'NONE', #2717 ) ;
#1540 = CARTESIAN_POINT ( 'NONE',  ( 2.875000000000007100, 0.3000000000000000400, -2.109999999999908400 ) ) ;
#1541 = VECTOR ( 'NONE', #4487, 1000.000000000000000 ) ;
#1542 = EDGE_CURVE ( 'NONE', #2325, #5378, #2977, .T. ) ;
#1543 = ORIENTED_EDGE ( 'NONE', *, *, #2589, .F. ) ;
#1544 = VECTOR ( 'NONE', #5820, 1000.000000000000000 ) ;
#1545 = FACE_OUTER_BOUND ( 'NONE', #5920, .T. ) ;
#1546 = ORIENTED_EDGE ( 'NONE', *, *, #3954, .F. ) ;
#1547 = LINE ( 'NONE', #6120, #2691 ) ;
#1548 = CARTESIAN_POINT ( 'NONE',  ( -2.800000000000004700, 0.2999999999999999300, 1.699999999999908500 ) ) ;
#1549 = PLANE ( 'NONE',  #5623 ) ;
#1550 = DIRECTION ( 'NONE',  ( 0.0000000000000000000, -1.000000000000000000, 0.0000000000000000000 ) ) ;
#1551 = ADVANCED_FACE ( 'NONE', ( #5664 ), #5544, .T. ) ;
#1552 = CARTESIAN_POINT ( 'NONE',  ( -2.595496241398789200, 1.073238682585618200, -2.253592704608912800 ) ) ;
#1553 = CARTESIAN_POINT ( 'NONE',  ( 2.750000000000012900, 4.944146853836610200, -0.8899999999999244100 ) ) ;
#1554 = VERTEX_POINT ( 'NONE', #1143 ) ;
#1555 = LINE ( 'NONE', #5961, #6624 ) ;
#1556 = ORIENTED_EDGE ( 'NONE', *, *, #7130, .F. ) ;
#1557 = VECTOR ( 'NONE', #7291, 1000.000000000000000 ) ;
#1558 = DIRECTION ( 'NONE',  ( -2.920848616482327200E-015, 0.0000000000000000000, 1.000000000000000000 ) ) ;
#1559 = CARTESIAN_POINT ( 'NONE',  ( 2.596357978109009600, 1.100000000000000100, 2.143849760719790600 ) ) ;
#1560 = ORIENTED_EDGE ( 'NONE', *, *, #2805, .T. ) ;
#1561 = LINE ( 'NONE', #4235, #7010 ) ;
#1562 = VECTOR ( 'NONE', #2252, 1000.000000000000000 ) ;
#1563 = ORIENTED_EDGE ( 'NONE', *, *, #7322, .T. ) ;
#1564 = CARTESIAN_POINT ( 'NONE',  ( 2.781342096956636000, 0.9923472535304720400, 2.159427696025926700 ) ) ;
#1565 = DIRECTION ( 'NONE',  ( 1.000000000000000000, 0.0000000000000000000, 3.491481338843133400E-015 ) ) ;
#1566 = DIRECTION ( 'NONE',  ( -1.000000000000000000, -0.0000000000000000000, -3.491481338843133400E-015 ) ) ;
#1567 = ORIENTED_EDGE ( 'NONE', *, *, #122, .T. ) ;
#1568 = EDGE_LOOP ( 'NONE', ( #274, #2978, #6972, #2472 ) ) ;
#1569 = ORIENTED_EDGE ( 'NONE', *, *, #226, .F. ) ;
#1570 = LINE ( 'NONE', #3543, #6471 ) ;
#1571 = DIRECTION ( 'NONE',  ( 4.062114061203939100E-015, 0.0000000000000000000, -1.000000000000000000 ) ) ;
#1572 = PLANE ( 'NONE',  #1489 ) ;
#1573 = CARTESIAN_POINT ( 'NONE',  ( -0.9970000000000069900, 0.3000000000000000400, 2.109999999999913700 ) ) ;
#1574 = DIRECTION ( 'NONE',  ( -1.000000000000000000, 0.0000000000000000000, 1.168734907595626100E-014 ) ) ;
#1575 = LINE ( 'NONE', #6584, #867 ) ;
#1576 = CARTESIAN_POINT ( 'NONE',  ( -2.578301215384521100, 1.056223637731298300, -2.285400185261180300 ) ) ;
#1577 = CARTESIAN_POINT ( 'NONE',  ( -0.7430000000000072100, 4.944146853836610200, 2.449999999999998400 ) ) ;
#1578 = EDGE_LOOP ( 'NONE', ( #597, #4727, #4147, #1556 ) ) ;
#1579 = EDGE_CURVE ( 'NONE', #7023, #1192, #2185, .T. ) ;
#1580 = ORIENTED_EDGE ( 'NONE', *, *, #2431, .T. ) ;
#1581 = VERTEX_POINT ( 'NONE', #5698 ) ;
#1582 = EDGE_CURVE ( 'NONE', #7076, #3592, #2610, .T. ) ;
#1583 = CARTESIAN_POINT ( 'NONE',  ( 1.375000000000000000, 1.060000000000000100, 4.800786840909308400E-015 ) ) ;
#1584 = CARTESIAN_POINT ( 'NONE',  ( 2.584928781462367800, 1.015578269442149600, 2.330350376276908900 ) ) ;
#1585 = PLANE ( 'NONE',  #1665 ) ;
#1586 = EDGE_CURVE ( 'NONE', #2030, #206, #7011, .T. ) ;
#1587 = CARTESIAN_POINT ( 'NONE',  ( -2.390000000000010800, 0.3000000000000000400, 0.8899999999999640400 ) ) ;
#1588 = ADVANCED_FACE ( 'NONE', ( #5394 ), #1707, .F. ) ;
#1589 = EDGE_CURVE ( 'NONE', #1934, #4161, #1026, .T. ) ;
#1590 = CARTESIAN_POINT ( 'NONE',  ( 2.724965356311507500, 1.042818289866141600, 2.154553778007745700 ) ) ;
#1591 = ORIENTED_EDGE ( 'NONE', *, *, #6732, .T. ) ;
#1592 = CARTESIAN_POINT ( 'NONE',  ( 2.800000000000028200, 0.3000000000000000400, 2.109999999999849800 ) ) ;
#1593 = LINE ( 'NONE', #2945, #6495 ) ;
#1594 = DIRECTION ( 'NONE',  ( -1.000000000000000000, 0.0000000000000000000, 4.236931729094537300E-016 ) ) ;
#1595 = CARTESIAN_POINT ( 'NONE',  ( -2.568849760970802100, 1.100000000000000100, -2.171357977997336900 ) ) ;
#1596 = CARTESIAN_POINT ( 'NONE',  ( -2.750000000000012400, 0.3000000000000000400, -0.8899999999999823600 ) ) ;
#1597 = EDGE_CURVE ( 'NONE', #5727, #7076, #6918, .T. ) ;
#1598 = LINE ( 'NONE', #6035, #365 ) ;
#1599 = CARTESIAN_POINT ( 'NONE',  ( -2.710013233456707700, 1.056357375895720100, 2.155268506244731000 ) ) ;
#1600 = ORIENTED_EDGE ( 'NONE', *, *, #5503, .F. ) ;
#1601 = VERTEX_POINT ( 'NONE', #88 ) ;
#1602 = DIRECTION ( 'NONE',  ( -1.000000000000000000, 0.0000000000000000000, 7.370371334212277500E-014 ) ) ;
#1603 = DIRECTION ( 'NONE',  ( 1.000000000000000000, -0.0000000000000000000, 9.894763254153616200E-016 ) ) ;
#1604 = CARTESIAN_POINT ( 'NONE',  ( -0.9969999999999926700, 4.944146853836610200, -2.109999999999901300 ) ) ;
#1605 = VECTOR ( 'NONE', #1189, 1000.000000000000000 ) ;
#1606 = VECTOR ( 'NONE', #2970, 1000.000000000000000 ) ;
#1607 = ORIENTED_EDGE ( 'NONE', *, *, #5408, .F. ) ;
#1608 = AXIS2_PLACEMENT_3D ( 'NONE', #6234, #871, #98 ) ;
#1609 = DIRECTION ( 'NONE',  ( -0.0000000000000000000, -1.000000000000000000, 0.0000000000000000000 ) ) ;
#1610 = CARTESIAN_POINT ( 'NONE',  ( -2.750000000000012400, 0.2999999999999999300, -0.8899999999999823600 ) ) ;
#1611 = ORIENTED_EDGE ( 'NONE', *, *, #261, .T. ) ;
#1612 = FACE_OUTER_BOUND ( 'NONE', #4308, .T. ) ;
#1613 = VECTOR ( 'NONE', #3749, 1000.000000000000000 ) ;
#1614 = CARTESIAN_POINT ( 'NONE',  ( -2.390000000000007200, 0.0000000000000000000, 0.3799999999999915700 ) ) ;
#1615 = CARTESIAN_POINT ( 'NONE',  ( -2.818944407858297500, 0.8333333333333331500, -2.393944407858315900 ) ) ;
#1616 = DIRECTION ( 'NONE',  ( 4.767013306472753900E-015, 0.0000000000000000000, -1.000000000000000000 ) ) ;
#1617 = PLANE ( 'NONE',  #870 ) ;
#1618 = ADVANCED_FACE ( 'NONE', ( #6191 ), #2196, .T. ) ;
#1620 = ORIENTED_EDGE ( 'NONE', *, *, #3151, .F. ) ;
#1619 = DIRECTION ( 'NONE',  ( 3.491481338843133400E-015, 0.0000000000000000000, -1.000000000000000000 ) ) ;
#1621 = CARTESIAN_POINT ( 'NONE',  ( 3.000000000000032000, 0.0000000000000000000, -1.699999999999904900 ) ) ;
#1622 = LINE ( 'NONE', #3950, #129 ) ;
#1623 = EDGE_CURVE ( 'NONE', #104, #6526, #2356, .T. ) ;
#1624 = VERTEX_POINT ( 'NONE', #6825 ) ;
#1625 = CARTESIAN_POINT ( 'NONE',  ( -2.710400185261177000, 1.056223637731298300, 2.153301215384520400 ) ) ;
#1626 = EDGE_CURVE ( 'NONE', #3721, #5575, #6371, .T. ) ;
#1627 = EDGE_CURVE ( 'NONE', #1807, #6936, #5206, .T. ) ;
#1628 = CARTESIAN_POINT ( 'NONE',  ( 0.7850000000000000300, 1.070000000000000100, 2.740812850991859600E-015 ) ) ;
#1629 = CARTESIAN_POINT ( 'NONE',  ( 2.750000000000038200, 4.944146853836610200, 0.3799999999999814100 ) ) ;
#1630 = VECTOR ( 'NONE', #5138, 1000.000000000000000 ) ;
#1631 = EDGE_LOOP ( 'NONE', ( #3769, #4352, #1102, #2660 ) ) ;
#1632 = SURFACE_STYLE_FILL_AREA ( #6373 ) ;
#1633 = DIRECTION ( 'NONE',  ( 1.000000000000000000, 0.0000000000000000000, -1.877011598306432700E-013 ) ) ;
#1634 = DIRECTION ( 'NONE',  ( 0.7071067811866017500, 0.0000000000000000000, -0.7071067811864932800 ) ) ;
#1635 = AXIS2_PLACEMENT_3D ( 'NONE', #5398, #2477, #1923 ) ;
#1636 = ORIENTED_EDGE ( 'NONE', *, *, #6209, .F. ) ;
#1637 = LINE ( 'NONE', #4414, #4691 ) ;
#1638 = VECTOR ( 'NONE', #2132, 1000.000000000000000 ) ;
#1639 = ORIENTED_EDGE ( 'NONE', *, *, #3860, .T. ) ;
#1640 = CIRCLE ( 'NONE', #1816, 0.5899999999999999700 ) ;
#1641 = EDGE_CURVE ( 'NONE', #5754, #37, #6721, .T. ) ;
#1642 = ADVANCED_FACE ( 'NONE', ( #4515 ), #3399, .F. ) ;
#1643 =( BOUNDED_CURVE ( )  B_SPLINE_CURVE ( 2, ( #2819, #5813, #4705 ),
 .UNSPECIFIED., .F., .F. ) 
 B_SPLINE_CURVE_WITH_KNOTS ( ( 3, 3 ),
 ( 0.0000000000000000000, 1.000000000000000000 ),
 .UNSPECIFIED. ) 
 CURVE ( )  GEOMETRIC_REPRESENTATION_ITEM ( )  RATIONAL_B_SPLINE_CURVE ( ( 1.000000000000000000, 0.7109592814054462900, 1.000000000000000000 ) ) 
 REPRESENTATION_ITEM ( '' )  );
#1644 = CARTESIAN_POINT ( 'NONE',  ( 2.489999999999991300, 0.0000000000000000000, 0.3799999999999428800 ) ) ;
#1646 = ORIENTED_EDGE ( 'NONE', *, *, #6880, .F. ) ;
#1645 = VECTOR ( 'NONE', #3995, 1000.000000000000000 ) ;
#1647 = CARTESIAN_POINT ( 'NONE',  ( 2.874999999999996900, 0.3000000000000000400, 0.8399999999999829800 ) ) ;
#1648 = LINE ( 'NONE', #1252, #6816 ) ;
#1649 = ORIENTED_EDGE ( 'NONE', *, *, #1191, .T. ) ;
#1650 = CARTESIAN_POINT ( 'NONE',  ( -2.565815600712991100, 1.100000000000000100, -2.140815600713008600 ) ) ;
#1651 = EDGE_LOOP ( 'NONE', ( #4431, #3578, #3727, #709 ) ) ;
#1652 = CARTESIAN_POINT ( 'NONE',  ( -2.583838249510864900, 1.072695803522093700, 2.257178367888271100 ) ) ;
#1653 = VERTEX_POINT ( 'NONE', #3992 ) ;
#1654 = VECTOR ( 'NONE', #6528, 1000.000000000000000 ) ;
#1655 = VERTEX_POINT ( 'NONE', #607 ) ;
#1656 = AXIS2_PLACEMENT_3D ( 'NONE', #1276, #5269, #674 ) ;
#1657 = DIRECTION ( 'NONE',  ( -9.006275849671631200E-017, 0.0000000000000000000, 1.000000000000000000 ) ) ;
#1658 = CARTESIAN_POINT ( 'NONE',  ( -2.800000000000013600, 0.3000000000000000400, -0.8399999999999819800 ) ) ;
#1659 = DIRECTION ( 'NONE',  ( 0.0000000000000000000, -1.000000000000000000, 0.0000000000000000000 ) ) ;
#1660 = DIRECTION ( 'NONE',  ( -8.154716489318411500E-015, 0.0000000000000000000, 1.000000000000000000 ) ) ;
#1661 = DIRECTION ( 'NONE',  ( 1.000000000000000000, 0.0000000000000000000, -9.518944730982916700E-015 ) ) ;
#1662 = ORIENTED_EDGE ( 'NONE', *, *, #3106, .T. ) ;
#1663 = CARTESIAN_POINT ( 'NONE',  ( 2.750000000000012900, 0.3000000000000000400, -0.8899999999999244100 ) ) ;
#1664 = ORIENTED_EDGE ( 'NONE', *, *, #6486, .T. ) ;
#1665 = AXIS2_PLACEMENT_3D ( 'NONE', #3367, #5576, #2156 ) ;
#1666 = DIRECTION ( 'NONE',  ( -3.491481338843133400E-015, 0.0000000000000000000, 1.000000000000000000 ) ) ;
#1667 = EDGE_CURVE ( 'NONE', #2325, #6851, #2442, .T. ) ;
#1668 = EDGE_LOOP ( 'NONE', ( #2760, #1423, #4242, #2202 ) ) ;
#1669 = CARTESIAN_POINT ( 'NONE',  ( -2.874999999999991600, 0.2999999999999999900, -2.450000000000009900 ) ) ;
#1670 = CARTESIAN_POINT ( 'NONE',  ( 2.626895891117759800, 1.094165267273311800, -2.146090194629086200 ) ) ;
#1671 = ORIENTED_EDGE ( 'NONE', *, *, #1918, .T. ) ;
#1672 = CARTESIAN_POINT ( 'NONE',  ( -1.184999999999538000, 0.05000000000000000300, 1.184999999999942300 ) ) ;
#1673 = CARTESIAN_POINT ( 'NONE',  ( -2.565815600712991100, 1.100000000000000100, -2.140815600713008600 ) ) ;
#1674 =( NAMED_UNIT ( * ) PLANE_ANGLE_UNIT ( ) SI_UNIT ( $, .RADIAN. ) );
#1675 = EDGE_CURVE ( 'NONE', #5922, #4827, #1838, .T. ) ;
#1676 = EDGE_CURVE ( 'NONE', #2285, #4743, #943, .T. ) ;
#1677 = ORIENTED_EDGE ( 'NONE', *, *, #972, .T. ) ;
#1678 = CARTESIAN_POINT ( 'NONE',  ( -2.580268501614853400, 1.056357375423593500, 2.285013233519953300 ) ) ;
#1679 = VERTEX_POINT ( 'NONE', #624 ) ;
#1680 = ADVANCED_FACE ( 'NONE', ( #1120 ), #2900, .F. ) ;
#1681 = DIRECTION ( 'NONE',  ( 0.0000000000000000000, -1.000000000000000000, 0.0000000000000000000 ) ) ;
#1682 = CARTESIAN_POINT ( 'NONE',  ( 2.565815600712991100, 1.100000000000000100, 2.140815600713008600 ) ) ;
#1683 = VECTOR ( 'NONE', #1964, 1000.000000000000000 ) ;
#1684 = CARTESIAN_POINT ( 'NONE',  ( -8.425853578257148500E-016, 0.05000000000000000300, 0.2500000000000004400 ) ) ;
#1685 = EDGE_CURVE ( 'NONE', #4230, #4023, #1648, .T. ) ;
#1686 = CARTESIAN_POINT ( 'NONE',  ( 2.490000000000000200, 0.0000000000000000000, 0.2500000000000087700 ) ) ;
#1687 = PLANE ( 'NONE',  #3852 ) ;
#1688 = CARTESIAN_POINT ( 'NONE',  ( 2.821631632893178800, 0.8077660949809756200, 2.148001159051127700 ) ) ;
#1689 = DIRECTION ( 'NONE',  ( -1.623157213851275900E-017, 0.0000000000000000000, -1.000000000000000000 ) ) ;
#1690 = LINE ( 'NONE', #3597, #3885 ) ;
#1691 = CARTESIAN_POINT ( 'NONE',  ( 2.750000000000040400, 0.3000000000000000400, -0.3799999999999621500 ) ) ;
#1692 = CARTESIAN_POINT ( 'NONE',  ( -2.389999999999962800, 0.0000000000000000000, -2.159999999999928600 ) ) ;
#1693 = DIRECTION ( 'NONE',  ( 1.000000000000000000, -0.0000000000000000000, -7.350540386010786100E-015 ) ) ;
#1694 = CARTESIAN_POINT ( 'NONE',  ( 2.577578472738212500, 1.072362714127458500, -2.258565458974175000 ) ) ;
#1695 = DIRECTION ( 'NONE',  ( -5.265536208154871600E-015, 0.0000000000000000000, -1.000000000000000000 ) ) ;
#1696 = FACE_OUTER_BOUND ( 'NONE', #2437, .T. ) ;
#1697 = VERTEX_POINT ( 'NONE', #4725 ) ;
#1698 = DIRECTION ( 'NONE',  ( 0.0000000000000000000, -1.000000000000000000, 0.0000000000000000000 ) ) ;
#1699 = ORIENTED_EDGE ( 'NONE', *, *, #400, .F. ) ;
#1700 = PLANE ( 'NONE',  #3315 ) ;
#1701 = AXIS2_PLACEMENT_3D ( 'NONE', #3818, #7238, #5568 ) ;
#1702 = ORIENTED_EDGE ( 'NONE', *, *, #1004, .F. ) ;
#1703 = CARTESIAN_POINT ( 'NONE',  ( -2.654730819516359900, 1.074261572502622300, 2.210302975941897100 ) ) ;
#1704 = LINE ( 'NONE', #2899, #2054 ) ;
#1705 = LINE ( 'NONE', #164, #6424 ) ;
#1706 = VERTEX_POINT ( 'NONE', #5764 ) ;
#1707 = PLANE ( 'NONE',  #1608 ) ;
#1708 = ORIENTED_EDGE ( 'NONE', *, *, #3656, .F. ) ;
#1709 = CARTESIAN_POINT ( 'NONE',  ( 2.768036907158861300, 0.8858386930824476700, -2.301047188521633500 ) ) ;
#1710 = CARTESIAN_POINT ( 'NONE',  ( -2.750000000000000900, 0.3000000000000000400, 0.8899999999999627100 ) ) ;
#1711 = ORIENTED_EDGE ( 'NONE', *, *, #5697, .F. ) ;
#1712 = DIRECTION ( 'NONE',  ( -1.623157213851275600E-017, 0.0000000000000000000, -1.000000000000000000 ) ) ;
#1713 = FACE_OUTER_BOUND ( 'NONE', #1097, .T. ) ;
#1714 = VERTEX_POINT ( 'NONE', #3589 ) ;
#1715 = ORIENTED_EDGE ( 'NONE', *, *, #4455, .T. ) ;
#1716 = ORIENTED_EDGE ( 'NONE', *, *, #7270, .F. ) ;
#1717 = CARTESIAN_POINT ( 'NONE',  ( -2.874999999999998700, 0.05000000000000000300, -0.4299999999999814000 ) ) ;
#1718 = CARTESIAN_POINT ( 'NONE',  ( 7.367025624958723000E-015, 0.05000000000000000300, -2.109999999999917700 ) ) ;
#1719 = ADVANCED_FACE ( 'NONE', ( #6021 ), #748, .T. ) ;
#1720 = CARTESIAN_POINT ( 'NONE',  ( -2.390000000000006300, 0.3000000000000000400, 2.159999999999909100 ) ) ;
#1721 = EDGE_LOOP ( 'NONE', ( #1514, #4105, #4389, #2509 ) ) ;
#1722 = VECTOR ( 'NONE', #2141, 1000.000000000000000 ) ;
#1723 = ORIENTED_EDGE ( 'NONE', *, *, #5551, .F. ) ;
#1724 = LINE ( 'NONE', #102, #36 ) ;
#1725 = ORIENTED_EDGE ( 'NONE', *, *, #4706, .F. ) ;
#1726 = DIRECTION ( 'NONE',  ( -1.000000000000000000, 0.0000000000000000000, -1.373532255474061200E-014 ) ) ;
#1727 = CARTESIAN_POINT ( 'NONE',  ( 2.580268501614853400, 1.056357375423593500, -2.285013233519953300 ) ) ;
#1728 = AXIS2_PLACEMENT_3D ( 'NONE', #1101, #6832, #1133 ) ;
#1729 = CARTESIAN_POINT ( 'NONE',  ( 2.489999999999995800, 0.05000000000000002400, 1.649999999999926200 ) ) ;
#1730 = CARTESIAN_POINT ( 'NONE',  ( -2.565815600712991100, 1.100000000000000100, -2.140815600713008600 ) ) ;
#1731 = CARTESIAN_POINT ( 'NONE',  ( -0.6500000000000054600, 0.0000000000000000000, 1.904999999999900600 ) ) ;
#1732 = EDGE_CURVE ( 'NONE', #3704, #791, #3680, .T. ) ;
#1733 = LINE ( 'NONE', #4014, #4133 ) ;
#1734 = FACE_OUTER_BOUND ( 'NONE', #185, .T. ) ;
#1735 = ORIENTED_EDGE ( 'NONE', *, *, #634, .T. ) ;
#1736 = VECTOR ( 'NONE', #6737, 1000.000000000000000 ) ;
#1737 = CARTESIAN_POINT ( 'NONE',  ( -0.9970000000000074400, 4.944146853836610200, 2.449999999999998000 ) ) ;
#1738 = EDGE_CURVE ( 'NONE', #5756, #4592, #1312, .T. ) ;
#1739 = EDGE_CURVE ( 'NONE', #614, #2884, #4327, .T. ) ;
#1740 = CARTESIAN_POINT ( 'NONE',  ( -0.7429999999999907800, 0.3000000000000000400, -2.450000000000002800 ) ) ;
#1741 = EDGE_LOOP ( 'NONE', ( #4077, #2547, #363, #1600 ) ) ;
#1742 = EDGE_LOOP ( 'NONE', ( #4188, #5679, #682 ) ) ;
#1743 = LINE ( 'NONE', #5044, #1996 ) ;
#1744 = LINE ( 'NONE', #432, #6011 ) ;
#1745 = EDGE_LOOP ( 'NONE', ( #2164, #1039, #1965, #659 ) ) ;
#1746 = PLANE ( 'NONE',  #2650 ) ;
#1747 = VECTOR ( 'NONE', #2528, 1000.000000000000000 ) ;
#1748 = CARTESIAN_POINT ( 'NONE',  ( -2.389999999999952200, 0.05000000000000000300, 7.914140414221950800E-015 ) ) ;
#1749 = DIRECTION ( 'NONE',  ( 1.000000000000000000, 0.0000000000000000000, -4.236931729094537300E-016 ) ) ;
#1750 = ORIENTED_EDGE ( 'NONE', *, *, #3798, .T. ) ;
#1751 = CARTESIAN_POINT ( 'NONE',  ( -0.6499999999999926900, 4.944146853836610200, -1.904999999999903900 ) ) ;
#1752 = DIRECTION ( 'NONE',  ( -1.000000000000000000, 0.0000000000000000000, -3.491481338843133400E-015 ) ) ;
#1753 = ORIENTED_EDGE ( 'NONE', *, *, #2757, .F. ) ;
#1754 = LINE ( 'NONE', #7121, #6379 ) ;
#1755 = ORIENTED_EDGE ( 'NONE', *, *, #12, .F. ) ;
#1756 = FILL_AREA_STYLE ('',( #2402 ) ) ;
#1757 = CARTESIAN_POINT ( 'NONE',  ( 2.588118692273557300, 1.056877882530286700, -2.283330161250159800 ) ) ;
#1758 = DIRECTION ( 'NONE',  ( -1.000000000000000000, 0.0000000000000000000, 1.168734907595626100E-014 ) ) ;
#1759 = ORIENTED_EDGE ( 'NONE', *, *, #4206, .T. ) ;
#1760 = LINE ( 'NONE', #5125, #7372 ) ;
#1761 = VECTOR ( 'NONE', #5644, 1000.000000000000000 ) ;
#1762 = CARTESIAN_POINT ( 'NONE',  ( -2.755796319344249400, 1.015348775007399300, -2.157221402585061600 ) ) ;
#1763 = ADVANCED_FACE ( 'NONE', ( #62 ), #2393, .T. ) ;
#1764 = LINE ( 'NONE', #2234, #3971 ) ;
#1765 = SURFACE_STYLE_USAGE ( .BOTH. , #6921 ) ;
#1766 = ORIENTED_EDGE ( 'NONE', *, *, #1307, .F. ) ;
#1767 = ORIENTED_EDGE ( 'NONE', *, *, #187, .T. ) ;
#1768 = CARTESIAN_POINT ( 'NONE',  ( 2.590648438241612200, 0.9069355791857962600, -2.386036165194301600 ) ) ;
#1769 = ORIENTED_EDGE ( 'NONE', *, *, #787, .T. ) ;
#1770 = CARTESIAN_POINT ( 'NONE',  ( 2.786715138122430900, 1.139974351693964200, -2.113084664280345600 ) ) ;
#1771 = DIRECTION ( 'NONE',  ( -1.000000000000000000, 0.0000000000000000000, -3.491481338843133400E-015 ) ) ;
#1772 = CARTESIAN_POINT ( 'NONE',  ( 2.750000000000064400, 0.0000000000000000000, -2.159999999999909500 ) ) ;
#1773 = VERTEX_POINT ( 'NONE', #6368 ) ;
#1774 = CARTESIAN_POINT ( 'NONE',  ( -0.6500000000000070200, 0.2999999999999999300, 2.109999999999897300 ) ) ;
#1775 = DIRECTION ( 'NONE',  ( -1.000000000000000000, 0.0000000000000000000, 2.531864063853212500E-015 ) ) ;
#1776 = EDGE_CURVE ( 'NONE', #4237, #7000, #4425, .T. ) ;
#1777 =( NAMED_UNIT ( * ) SI_UNIT ( $, .STERADIAN. ) SOLID_ANGLE_UNIT ( ) );
#1778 = LINE ( 'NONE', #3149, #6761 ) ;
#1779 = CARTESIAN_POINT ( 'NONE',  ( 2.724950102078373100, 1.020333860509963200, -2.238416568512144000 ) ) ;
#1780 = DIRECTION ( 'NONE',  ( 0.7071067811866681400, 0.0000000000000000000, 0.7071067811864268900 ) ) ;
#1781 = CARTESIAN_POINT ( 'NONE',  ( -2.390000000000007200, 0.3000000000000000400, 0.3799999999999915700 ) ) ;
#1782 = EDGE_CURVE ( 'NONE', #1601, #5949, #2089, .T. ) ;
#1783 = EDGE_CURVE ( 'NONE', #4731, #6419, #320, .T. ) ;
#1784 = VERTEX_POINT ( 'NONE', #1356 ) ;
#1785 = VECTOR ( 'NONE', #1069, 1000.000000000000000 ) ;
#1786 = DIRECTION ( 'NONE',  ( -0.0000000000000000000, -1.000000000000000000, 0.0000000000000000000 ) ) ;
#1787 = CARTESIAN_POINT ( 'NONE',  ( 2.750000000000020900, 4.944146853836610200, 2.159999999999888700 ) ) ;
#1788 = CARTESIAN_POINT ( 'NONE',  ( 2.589792172563153200, 0.9366113763706397400, -2.376936795370647300 ) ) ;
#1789 = CARTESIAN_POINT ( 'NONE',  ( -0.6499999999999928100, 0.2999999999999999300, -2.109999999999900400 ) ) ;
#1790 = CARTESIAN_POINT ( 'NONE',  ( 2.573001159051125700, 0.8077660949809754000, -2.396631632893176700 ) ) ;
#1791 = EDGE_CURVE ( 'NONE', #3332, #6211, #3238, .T. ) ;
#1792 = CARTESIAN_POINT ( 'NONE',  ( 2.250000000000007500, 0.05000000000000002400, 2.159999999999925500 ) ) ;
#1793 = ORIENTED_EDGE ( 'NONE', *, *, #2731, .T. ) ;
#1794 = DIRECTION ( 'NONE',  ( 0.7071067811867075600, 0.0000000000000000000, 0.7071067811863873700 ) ) ;
#1795 = CARTESIAN_POINT ( 'NONE',  ( 2.576011395140712900, 1.072277086138961000, 2.258883852877799500 ) ) ;
#1796 = CARTESIAN_POINT ( 'NONE',  ( 2.800000000000065500, 0.0000000000000000000, -2.109999999999908400 ) ) ;
#1797 = ADVANCED_FACE ( 'NONE', ( #6359 ), #679, .F. ) ;
#1798 = FACE_OUTER_BOUND ( 'NONE', #7244, .T. ) ;
#1799 = FACE_OUTER_BOUND ( 'NONE', #6790, .T. ) ;
#1801 = EDGE_LOOP ( 'NONE', ( #3129, #142, #1027, #2763 ) ) ;
#1800 = CARTESIAN_POINT ( 'NONE',  ( -2.874999999999996900, 0.3000000000000000400, -0.8399999999999823200 ) ) ;
#1802 = VERTEX_POINT ( 'NONE', #4669 ) ;
#1803 = DIRECTION ( 'NONE',  ( 2.908576945033690500E-015, 0.0000000000000000000, -1.000000000000000000 ) ) ;
#1804 = CARTESIAN_POINT ( 'NONE',  ( 2.565815600713006600, 1.100000000000000100, -2.140815600712989500 ) ) ;
#1805 = CARTESIAN_POINT ( 'NONE',  ( -3.000000000000017800, 0.2999999999999999300, -2.109999999999927900 ) ) ;
#1806 = VECTOR ( 'NONE', #2059, 1000.000000000000000 ) ;
#1807 = VERTEX_POINT ( 'NONE', #3522 ) ;
#1808 = CARTESIAN_POINT ( 'NONE',  ( -2.565815600713005700, 1.100000000000000100, 2.140815600712990400 ) ) ;
#1809 = ORIENTED_EDGE ( 'NONE', *, *, #400, .T. ) ;
#1810 = FACE_OUTER_BOUND ( 'NONE', #6159, .T. ) ;
#1811 = ORIENTED_EDGE ( 'NONE', *, *, #366, .T. ) ;
#1812 = ORIENTED_EDGE ( 'NONE', *, *, #4402, .T. ) ;
#1813 = CARTESIAN_POINT ( 'NONE',  ( 2.811246612405026800, 0.9065729647699591900, -2.162009817579238800 ) ) ;
#1814 = PLANE ( 'NONE',  #2320 ) ;
#1815 = CARTESIAN_POINT ( 'NONE',  ( 2.489999999999994000, 0.3000000000000000400, -0.3799999999999254500 ) ) ;
#1816 = AXIS2_PLACEMENT_3D ( 'NONE', #5630, #3868, #2198 ) ;
#1817 = CARTESIAN_POINT ( 'NONE',  ( 2.875000000000008400, 0.05000000000000000300, -2.449999999999990400 ) ) ;
#1818 = ORIENTED_EDGE ( 'NONE', *, *, #3560, .F. ) ;
#1819 = DIRECTION ( 'NONE',  ( 0.7071067811865507900, 0.0000000000000000000, 0.7071067811865441300 ) ) ;
#1820 = LINE ( 'NONE', #2651, #4681 ) ;
#1821 = EDGE_LOOP ( 'NONE', ( #2186, #343, #4759, #3896, #6025, #155, #2881, #3180 ) ) ;
#1822 = CARTESIAN_POINT ( 'NONE',  ( -2.800000000000004700, 0.05000000000000002400, 2.109999999999907500 ) ) ;
#1823 = LINE ( 'NONE', #4438, #3929 ) ;
#1824 = ORIENTED_EDGE ( 'NONE', *, *, #5250, .T. ) ;
#1825 = CARTESIAN_POINT ( 'NONE',  ( -2.874999999999992500, 0.05000000000000000300, -2.109999999999927500 ) ) ;
#1826 = CARTESIAN_POINT ( 'NONE',  ( 2.750000000000020900, 0.3000000000000000400, 2.159999999999888700 ) ) ;
#1827 = SURFACE_STYLE_USAGE ( .BOTH. , #6956 ) ;
#1828 = FACE_OUTER_BOUND ( 'NONE', #6345, .T. ) ;
#1829 = CARTESIAN_POINT ( 'NONE',  ( -1.089999999999998100, 0.2999999999999999300, -0.2500000000000033900 ) ) ;
#1830 = LINE ( 'NONE', #3247, #2523 ) ;
#1831 = ORIENTED_EDGE ( 'NONE', *, *, #2720, .F. ) ;
#1832 = CARTESIAN_POINT ( 'NONE',  ( -2.390000000000006300, 0.2999999999999999300, 2.159999999999909100 ) ) ;
#1833 = LINE ( 'NONE', #584, #156 ) ;
#1834 = CARTESIAN_POINT ( 'NONE',  ( 1.375000000000000000, 1.090000000000000100, 4.800786840909308400E-015 ) ) ;
#1835 = ORIENTED_EDGE ( 'NONE', *, *, #1579, .T. ) ;
#1836 = STYLED_ITEM ( 'NONE', ( #6407 ), #6597 ) ;
#1837 = CARTESIAN_POINT ( 'NONE',  ( 2.800000000000049600, 0.3000000000000000400, -0.4299999999999634700 ) ) ;
#1838 = LINE ( 'NONE', #4543, #330 ) ;
#1839 = ORIENTED_EDGE ( 'NONE', *, *, #2302, .T. ) ;
#1840 = CARTESIAN_POINT ( 'NONE',  ( -2.585333628570356500, 0.9908156901948972400, 2.349425092825442100 ) ) ;
#1841 = EDGE_CURVE ( 'NONE', #6130, #1784, #1921, .T. ) ;
#1842 = DIRECTION ( 'NONE',  ( -0.7071067811870299600, 0.0000000000000000000, 0.7071067811860651800 ) ) ;
#1843 = VERTEX_POINT ( 'NONE', #5831 ) ;
#1844 = CARTESIAN_POINT ( 'NONE',  ( 2.774425092471883000, 0.9908156907146672400, -2.160333633185691000 ) ) ;
#1845 = CARTESIAN_POINT ( 'NONE',  ( 2.800000000000028200, 0.0000000000000000000, 2.109999999999849800 ) ) ;
#1846 = VECTOR ( 'NONE', #3267, 1000.000000000000000 ) ;
#1847 = VERTEX_POINT ( 'NONE', #6974 ) ;
#1848 = DIRECTION ( 'NONE',  ( 0.0000000000000000000, 1.000000000000000000, 0.0000000000000000000 ) ) ;
#1849 = CARTESIAN_POINT ( 'NONE',  ( 2.750000000000038200, 0.3000000000000000400, 0.3799999999999814100 ) ) ;
#1850 = DIRECTION ( 'NONE',  ( 1.623157213851275600E-017, 0.0000000000000000000, 1.000000000000000000 ) ) ;
#1851 = CARTESIAN_POINT ( 'NONE',  ( 2.814446074555074800, 0.8761321158169127500, -2.162286107418065900 ) ) ;
#1852 = DIRECTION ( 'NONE',  ( 0.7071067811865536800, 0.0000000000000000000, -0.7071067811865413600 ) ) ;
#1853 = FACE_OUTER_BOUND ( 'NONE', #3299, .T. ) ;
#1854 = CARTESIAN_POINT ( 'NONE',  ( -2.390000000000007200, 0.05000000000000002400, 0.3799999999999915700 ) ) ;
#1855 = CARTESIAN_POINT ( 'NONE',  ( 0.0000000000000000000, 0.3000000000000000400, 0.0000000000000000000 ) ) ;
#1856 = EDGE_CURVE ( 'NONE', #5546, #6239, #2177, .T. ) ;
#1857 = CARTESIAN_POINT ( 'NONE',  ( -0.6499999999999926900, 0.2999999999999999300, -1.904999999999903900 ) ) ;
#1858 = CARTESIAN_POINT ( 'NONE',  ( -2.579920160734470600, 1.039276679522547400, 2.304161479763846600 ) ) ;
#1859 = DIRECTION ( 'NONE',  ( -4.062114061203939100E-015, 0.0000000000000000000, 1.000000000000000000 ) ) ;
#1860 = CARTESIAN_POINT ( 'NONE',  ( -2.586891725156189800, 0.9909316074637625200, 2.349096924047326500 ) ) ;
#1861 = ORIENTED_EDGE ( 'NONE', *, *, #2487, .T. ) ;
#1862 = AXIS2_PLACEMENT_3D ( 'NONE', #3874, #6186, #7272 ) ;
#1863 = ADVANCED_FACE ( 'NONE', ( #3848 ), #7008, .F. ) ;
#1864 = ORIENTED_EDGE ( 'NONE', *, *, #5884, .F. ) ;
#1865 = CARTESIAN_POINT ( 'NONE',  ( -1.384785242160268000E-015, 0.05000000000000000300, 0.4299999999999727900 ) ) ;
#1866 = CARTESIAN_POINT ( 'NONE',  ( -0.7429999999999907800, 0.3000000000000000400, -2.450000000000002800 ) ) ;
#1867 = ORIENTED_EDGE ( 'NONE', *, *, #3142, .T. ) ;
#1868 = CARTESIAN_POINT ( 'NONE',  ( -2.750000000000016900, 0.2999999999999999300, -2.159999999999927800 ) ) ;
#1869 = DIRECTION ( 'NONE',  ( -1.000000000000000000, 0.0000000000000000000, 1.623157213851275600E-017 ) ) ;
#1870 = CARTESIAN_POINT ( 'NONE',  ( 2.874999999999991100, 0.3000000000000000400, 2.450000000000010400 ) ) ;
#1871 = LINE ( 'NONE', #6509, #3274 ) ;
#1872 = DIRECTION ( 'NONE',  ( -1.000000000000000000, 0.0000000000000000000, -3.491481338843133400E-015 ) ) ;
#1873 = CARTESIAN_POINT ( 'NONE',  ( 2.490000000000001500, 0.3000000000000000400, -0.2499999999999913400 ) ) ;
#1874 = DIRECTION ( 'NONE',  ( -7.478262672352445800E-014, 0.0000000000000000000, -1.000000000000000000 ) ) ;
#1875 = EDGE_CURVE ( 'NONE', #4783, #2987, #766, .T. ) ;
#1876 = CARTESIAN_POINT ( 'NONE',  ( 2.565815600713005700, 1.100000000000000100, -2.140815600712990400 ) ) ;
#1877 = LINE ( 'NONE', #2647, #6958 ) ;
#1878 = DIRECTION ( 'NONE',  ( 1.171753811632145600E-015, 0.0000000000000000000, 1.000000000000000000 ) ) ;
#1879 = EDGE_CURVE ( 'NONE', #804, #4475, #586, .T. ) ;
#1880 = EDGE_CURVE ( 'NONE', #4737, #4232, #671, .T. ) ;
#1881 = CARTESIAN_POINT ( 'NONE',  ( -2.615595289114836400, 1.017943471251314700, 2.323192020585950000 ) ) ;
#1882 = FACE_OUTER_BOUND ( 'NONE', #7310, .T. ) ;
#1883 = ORIENTED_EDGE ( 'NONE', *, *, #6789, .T. ) ;
#1884 = ORIENTED_EDGE ( 'NONE', *, *, #5137, .T. ) ;
#1885 = ORIENTED_EDGE ( 'NONE', *, *, #6888, .T. ) ;
#1886 = CARTESIAN_POINT ( 'NONE',  ( 2.565815600713005700, 1.100000000000000100, -2.117286137945381300 ) ) ;
#1887 = DIRECTION ( 'NONE',  ( 1.000000000000000000, 0.0000000000000000000, -7.350540386010786100E-015 ) ) ;
#1888 = FACE_OUTER_BOUND ( 'NONE', #6172, .T. ) ;
#1889 = FACE_OUTER_BOUND ( 'NONE', #6860, .T. ) ;
#1890 = B_SPLINE_CURVE_WITH_KNOTS ( 'NONE', 3,
 ( #6573, #5517, #377, #5441 ),
 .UNSPECIFIED., .F., .F.,
 ( 4, 4 ),
 ( -0.0006060836562157256300, 0.0000000000000000000 ),
 .UNSPECIFIED. ) ;
#1891 = EDGE_LOOP ( 'NONE', ( #6707, #3076, #1824, #1992 ) ) ;
#1892 = PLANE ( 'NONE',  #7209 ) ;
#1893 = CARTESIAN_POINT ( 'NONE',  ( 2.542286137945398500, 0.8761321158169134100, -2.389446074555058500 ) ) ;
#1894 = VERTEX_POINT ( 'NONE', #5497 ) ;
#1895 = ADVANCED_FACE ( 'NONE', ( #3326 ), #7223, .F. ) ;
#1896 = FACE_OUTER_BOUND ( 'NONE', #1651, .T. ) ;
#1897 = ORIENTED_EDGE ( 'NONE', *, *, #1675, .T. ) ;
#1898 = CARTESIAN_POINT ( 'NONE',  ( -0.9969999999999926700, 0.2999999999999999300, -2.109999999999901300 ) ) ;
#1899 = CARTESIAN_POINT ( 'NONE',  ( -0.6499999999999926900, 4.944146853836610200, -1.904999999999903900 ) ) ;
#1900 = DIRECTION ( 'NONE',  ( -1.000000000000000000, 0.0000000000000000000, -3.220430795721757200E-015 ) ) ;
#1901 = DIRECTION ( 'NONE',  ( 1.000000000000000000, 0.0000000000000000000, -1.171753811632145600E-015 ) ) ;
#1902 = LINE ( 'NONE', #6455, #313 ) ;
#1903 = VERTEX_POINT ( 'NONE', #1379 ) ;
#1904 = LINE ( 'NONE', #6925, #4770 ) ;
#1905 = CARTESIAN_POINT ( 'NONE',  ( 0.0000000000000000000, 0.3000000000000000400, 0.0000000000000000000 ) ) ;
#1906 = CARTESIAN_POINT ( 'NONE',  ( -2.802258690362710700, 0.9362677717270930800, 2.161233664771047300 ) ) ;
#1908 = ORIENTED_EDGE ( 'NONE', *, *, #2345, .F. ) ;
#1907 = CARTESIAN_POINT ( 'NONE',  ( 2.932844324628135100E-015, 0.05000000000000000300, -0.8399999999999723200 ) ) ;
#1910 = VERTEX_POINT ( 'NONE', #3783 ) ;
#1909 = VECTOR ( 'NONE', #1492, 1000.000000000000000 ) ;
#1911 = VECTOR ( 'NONE', #5098, 1000.000000000000000 ) ;
#1912 = VERTEX_POINT ( 'NONE', #2081 ) ;
#1913 = DIRECTION ( 'NONE',  ( 1.000000000000000000, 0.0000000000000000000, -1.171753811632144800E-015 ) ) ;
#1914 = LINE ( 'NONE', #5619, #408 ) ;
#1915 = AXIS2_PLACEMENT_3D ( 'NONE', #4794, #241, #847 ) ;
#1916 = CARTESIAN_POINT ( 'NONE',  ( 2.749999999999999100, 0.05000000000000002400, 1.649999999999850700 ) ) ;
#1917 = VERTEX_POINT ( 'NONE', #7245 ) ;
#1918 = EDGE_CURVE ( 'NONE', #1210, #4403, #1830, .T. ) ;
#1919 = CARTESIAN_POINT ( 'NONE',  ( 0.0000000000000000000, 0.3000000000000000400, 0.0000000000000000000 ) ) ;
#1920 = VECTOR ( 'NONE', #4994, 1000.000000000000000 ) ;
#1921 = LINE ( 'NONE', #5910, #4231 ) ;
#1922 = VERTEX_POINT ( 'NONE', #3043 ) ;
#1923 = DIRECTION ( 'NONE',  ( -1.000000000000000000, 0.0000000000000000000, -1.839926121052111000E-014 ) ) ;
#1924 = LINE ( 'NONE', #1538, #5571 ) ;
#1925 = CARTESIAN_POINT ( 'NONE',  ( 3.000000000000028400, 0.0000000000000000000, 1.699999999999927100 ) ) ;
#1926 = EDGE_CURVE ( 'NONE', #2030, #7023, #6097, .T. ) ;
#1927 = CARTESIAN_POINT ( 'NONE',  ( 2.490000000000001500, 0.3000000000000000400, -0.2499999999999913400 ) ) ;
#1928 = ORIENTED_EDGE ( 'NONE', *, *, #928, .T. ) ;
#1929 = EDGE_CURVE ( 'NONE', #6991, #1697, #1555, .T. ) ;
#1930 = DIRECTION ( 'NONE',  ( -7.350540386010789200E-015, 0.0000000000000000000, -1.000000000000000000 ) ) ;
#1931 = CARTESIAN_POINT ( 'NONE',  ( -2.874999999999991100, 0.3000000000000000400, -2.450000000000010400 ) ) ;
#1932 = ORIENTED_EDGE ( 'NONE', *, *, #2655, .F. ) ;
#1933 = CARTESIAN_POINT ( 'NONE',  ( 2.874999999999998700, 0.3000000000000000400, 0.4299999999999820600 ) ) ;
#1934 = VERTEX_POINT ( 'NONE', #3659 ) ;
#1935 = FACE_OUTER_BOUND ( 'NONE', #5161, .T. ) ;
#1936 = VERTEX_POINT ( 'NONE', #5347 ) ;
#1937 = DIRECTION ( 'NONE',  ( -0.0000000000000000000, -1.000000000000000000, -0.0000000000000000000 ) ) ;
#1938 = PRODUCT_DEFINITION ( 'UNKNOWN', '', #2762, #3147 ) ;
#1939 = ORIENTED_EDGE ( 'NONE', *, *, #2982, .T. ) ;
#1940 = CARTESIAN_POINT ( 'NONE',  ( -2.583544911844508600, 1.015484006987633900, 2.330675684897116600 ) ) ;
#1941 = EDGE_LOOP ( 'NONE', ( #5573, #581, #587, #6852 ) ) ;
#1942 = VECTOR ( 'NONE', #5699, 1000.000000000000000 ) ;
#1943 = EDGE_CURVE ( 'NONE', #6315, #4329, #1744, .T. ) ;
#1944 = ADVANCED_FACE ( 'NONE', ( #7096 ), #1532, .T. ) ;
#1945 = CARTESIAN_POINT ( 'NONE',  ( -2.805576096922604000, 0.9107341199514518100, -2.207132579911458100 ) ) ;
#1946 = LINE ( 'NONE', #5584, #5959 ) ;
#1947 = VERTEX_POINT ( 'NONE', #6487 ) ;
#1948 = CARTESIAN_POINT ( 'NONE',  ( 2.875000000000008400, 0.3000000000000000400, -2.449999999999990400 ) ) ;
#1949 = ORIENTED_EDGE ( 'NONE', *, *, #4806, .T. ) ;
#1950 = AXIS2_PLACEMENT_3D ( 'NONE', #5369, #3089, #1913 ) ;
#1951 = CARTESIAN_POINT ( 'NONE',  ( -2.587284338101318000, 0.8761377525753096800, 2.389445482107877900 ) ) ;
#1952 = DIRECTION ( 'NONE',  ( 1.000000000000000000, 0.0000000000000000000, 8.695651766773109700E-015 ) ) ;
#1953 = VECTOR ( 'NONE', #265, 1000.000000000000000 ) ;
#1954 = CARTESIAN_POINT ( 'NONE',  ( 2.875000000000008400, 0.3000000000000000400, -2.449999999999990400 ) ) ;
#1955 = CARTESIAN_POINT ( 'NONE',  ( -2.774533543832313800, 0.9906556768458135700, -2.158839457273969300 ) ) ;
#1956 = DIRECTION ( 'NONE',  ( -0.0000000000000000000, -1.000000000000000000, 0.0000000000000000000 ) ) ;
#1957 = FACE_OUTER_BOUND ( 'NONE', #335, .T. ) ;
#1958 = VERTEX_POINT ( 'NONE', #2112 ) ;
#1959 = EDGE_CURVE ( 'NONE', #4609, #6783, #3146, .T. ) ;
#1960 = CARTESIAN_POINT ( 'NONE',  ( 2.800000000000036700, 0.3000000000000000400, 0.8399999999999816500 ) ) ;
#1961 = DIRECTION ( 'NONE',  ( 0.7071067811867125500, 0.0000000000000000000, -0.7071067811863825900 ) ) ;
#1962 = AXIS2_PLACEMENT_3D ( 'NONE', #3763, #3691, #3155 ) ;
#1963 = FACE_OUTER_BOUND ( 'NONE', #5301, .T. ) ;
#1964 = DIRECTION ( 'NONE',  ( 1.000000000000000000, 0.0000000000000000000, 4.093815879112860300E-015 ) ) ;
#1965 = ORIENTED_EDGE ( 'NONE', *, *, #3569, .T. ) ;
#1966 = CARTESIAN_POINT ( 'NONE',  ( -2.800000000000017600, 0.05000000000000002400, -2.109999999999927500 ) ) ;
#1967 = ADVANCED_FACE ( 'NONE', ( #154 ), #3092, .T. ) ;
#1968 = CARTESIAN_POINT ( 'NONE',  ( -2.874999999999991100, 0.05000000000000000300, -2.450000000000010400 ) ) ;
#1969 = CARTESIAN_POINT ( 'NONE',  ( -5.025560102661366200E-015, 0.05000000000000000300, -0.4300000000000149800 ) ) ;
#1970 = EDGE_CURVE ( 'NONE', #6940, #5290, #1396, .T. ) ;
#1971 = LINE ( 'NONE', #139, #5078 ) ;
#1972 = VECTOR ( 'NONE', #3492, 1000.000000000000000 ) ;
#1973 = EDGE_CURVE ( 'NONE', #1912, #4237, #5115, .T. ) ;
#1974 = ORIENTED_EDGE ( 'NONE', *, *, #3752, .T. ) ;
#1975 = DIRECTION ( 'NONE',  ( -1.000000000000000000, 0.0000000000000000000, -3.370341431302853500E-015 ) ) ;
#1976 = LINE ( 'NONE', #5384, #2328 ) ;
#1977 = ORIENTED_EDGE ( 'NONE', *, *, #3622, .F. ) ;
#1978 = CARTESIAN_POINT ( 'NONE',  ( -2.587987863700634200, 0.9364576184234131300, -2.377188878861427900 ) ) ;
#1979 = ORIENTED_EDGE ( 'NONE', *, *, #4674, .F. ) ;
#1980 = ORIENTED_EDGE ( 'NONE', *, *, #5018, .T. ) ;
#1981 = LINE ( 'NONE', #2199, #5005 ) ;
#1982 = EDGE_CURVE ( 'NONE', #4987, #802, #4946, .T. ) ;
#1983 = ORIENTED_EDGE ( 'NONE', *, *, #1412, .F. ) ;
#1984 = PLANE ( 'NONE',  #4541 ) ;
#1985 = DIRECTION ( 'NONE',  ( 2.920848616482327200E-015, 0.0000000000000000000, -1.000000000000000000 ) ) ;
#1986 = PLANE ( 'NONE',  #2421 ) ;
#1987 = ORIENTED_EDGE ( 'NONE', *, *, #4256, .F. ) ;
#1988 = CARTESIAN_POINT ( 'NONE',  ( -1.090000000000007200, 4.944146853836610200, 2.109999999999895500 ) ) ;
#1990 = ORIENTED_EDGE ( 'NONE', *, *, #4806, .F. ) ;
#1989 = FACE_OUTER_BOUND ( 'NONE', #4571, .T. ) ;
#1991 = PLANE ( 'NONE',  #7030 ) ;
#1992 = ORIENTED_EDGE ( 'NONE', *, *, #5982, .T. ) ;
#1993 =( NAMED_UNIT ( * ) SI_UNIT ( $, .STERADIAN. ) SOLID_ANGLE_UNIT ( ) );
#1994 = FACE_OUTER_BOUND ( 'NONE', #3212, .T. ) ;
#1995 = ORIENTED_EDGE ( 'NONE', *, *, #6733, .F. ) ;
#1996 = VECTOR ( 'NONE', #6122, 1000.000000000000000 ) ;
#1997 = VECTOR ( 'NONE', #825, 1000.000000000000000 ) ;
#1998 = VERTEX_POINT ( 'NONE', #4257 ) ;
#1999 = FACE_OUTER_BOUND ( 'NONE', #5144, .T. ) ;
#2000 = CARTESIAN_POINT ( 'NONE',  ( 2.800000000000036700, 0.2999999999999999300, 0.8399999999999816500 ) ) ;
#2001 = ADVANCED_FACE ( 'NONE', ( #3422 ), #4227, .T. ) ;
#2002 = CARTESIAN_POINT ( 'NONE',  ( -2.599049330282888100, 0.9920075539419199700, -2.347156995542469400 ) ) ;
#2003 = CARTESIAN_POINT ( 'NONE',  ( 2.809931937153739200, 0.9083540693247470500, 2.180173112971231400 ) ) ;
#2004 = VECTOR ( 'NONE', #4207, 1000.000000000000000 ) ;
#2005 = VECTOR ( 'NONE', #5728, 1000.000000000000000 ) ;
#2006 = ORIENTED_EDGE ( 'NONE', *, *, #4748, .T. ) ;
#2007 = AXIS2_PLACEMENT_3D ( 'NONE', #4283, #1533, #2083 ) ;
#2008 = EDGE_CURVE ( 'NONE', #3928, #7274, #2348, .T. ) ;
#2009 = AXIS2_PLACEMENT_3D ( 'NONE', #6427, #4166, #1458 ) ;
#2010 = DIRECTION ( 'NONE',  ( -0.7071067811862200600, 0.0000000000000000000, -0.7071067811868749800 ) ) ;
#2011 = FILL_AREA_STYLE_COLOUR ( '', #2646 ) ;
#2012 = ORIENTED_EDGE ( 'NONE', *, *, #5974, .F. ) ;
#2013 = LINE ( 'NONE', #3682, #1654 ) ;
#2014 = LINE ( 'NONE', #469, #6641 ) ;
#2015 = CARTESIAN_POINT ( 'NONE',  ( -2.793603836822346100, 1.074432761647642100, 2.119973362980260800 ) ) ;
#2016 = EDGE_CURVE ( 'NONE', #4578, #2032, #5755, .T. ) ;
#2017 = CARTESIAN_POINT ( 'NONE',  ( 3.000000000000052400, 0.0000000000000000000, -0.8399999999999625500 ) ) ;
#2018 = EDGE_CURVE ( 'NONE', #1515, #2449, #5304, .T. ) ;
#2019 = CARTESIAN_POINT ( 'NONE',  ( -2.814446074555074800, 0.8761321158169127500, 2.162286107418065900 ) ) ;
#2020 = DIRECTION ( 'NONE',  ( 8.176558940121068700E-014, 0.0000000000000000000, -1.000000000000000000 ) ) ;
#2021 = CARTESIAN_POINT ( 'NONE',  ( -2.750000000000000900, 4.944146853836610200, 0.8899999999999627100 ) ) ;
#2022 = VECTOR ( 'NONE', #3232, 1000.000000000000000 ) ;
#2023 =( GEOMETRIC_REPRESENTATION_CONTEXT ( 3 ) GLOBAL_UNCERTAINTY_ASSIGNED_CONTEXT ( ( #5058 ) ) GLOBAL_UNIT_ASSIGNED_CONTEXT ( ( #1381, #307, #4279 ) ) REPRESENTATION_CONTEXT ( 'NONE', 'WORKASPACE' ) );
#2024 = PLANE ( 'NONE',  #721 ) ;
#2025 = EDGE_CURVE ( 'NONE', #3592, #2943, #7267, .T. ) ;
#2026 = CARTESIAN_POINT ( 'NONE',  ( 2.874999999999998700, 0.3000000000000000400, 0.4299999999999821200 ) ) ;
#2027 = CARTESIAN_POINT ( 'NONE',  ( -2.809931937154089600, 0.9083540693248349800, -2.180173112974578100 ) ) ;
#2028 = CARTESIAN_POINT ( 'NONE',  ( 2.786688985853599500, 0.9418288295457789600, 2.229685100837022600 ) ) ;
#2029 = CARTESIAN_POINT ( 'NONE',  ( 2.490000000000003300, 0.05000000000000002400, -0.8899999999999274000 ) ) ;
#2030 = VERTEX_POINT ( 'NONE', #6787 ) ;
#2031 = DIRECTION ( 'NONE',  ( 0.0000000000000000000, -1.000000000000000000, 0.0000000000000000000 ) ) ;
#2032 = VERTEX_POINT ( 'NONE', #5061 ) ;
#2033 = DIRECTION ( 'NONE',  ( -1.481907712820748700E-013, 0.0000000000000000000, 1.000000000000000000 ) ) ;
#2034 = ADVANCED_FACE ( 'NONE', ( #4417 ), #1585, .T. ) ;
#2035 = AXIS2_PLACEMENT_3D ( 'NONE', #4811, #5363, #7131 ) ;
#2036 = CARTESIAN_POINT ( 'NONE',  ( 2.875000000000006200, 0.3000000000000000400, -1.699999999999907400 ) ) ;
#2037 = CARTESIAN_POINT ( 'NONE',  ( -2.811990905077335500, 0.8994914930250135200, 2.386990905077317500 ) ) ;
#2038 = LINE ( 'NONE', #3843, #2823 ) ;
#2039 = CARTESIAN_POINT ( 'NONE',  ( -2.389999999999955300, 4.944146853836610200, -0.8899999999999824700 ) ) ;
#2040 = CARTESIAN_POINT ( 'NONE',  ( -1.089999999999998300, 0.05000000000000002400, -0.2500000000000033900 ) ) ;
#2041 = LINE ( 'NONE', #1326, #2740 ) ;
#2042 = DIRECTION ( 'NONE',  ( -1.000000000000000000, 0.0000000000000000000, -9.894763254153616200E-016 ) ) ;
#2043 = CARTESIAN_POINT ( 'NONE',  ( -2.583838262294309000, 1.072695804772646500, -2.257178367950428000 ) ) ;
#2044 = CARTESIAN_POINT ( 'NONE',  ( 2.811206656301940700, 0.9067667398023989700, 2.163812083679425200 ) ) ;
#2045 = EDGE_CURVE ( 'NONE', #5949, #6854, #1216, .T. ) ;
#2046 = LINE ( 'NONE', #4762, #205 ) ;
#2047 = EDGE_CURVE ( 'NONE', #2032, #3704, #3062, .T. ) ;
#2048 = EDGE_LOOP ( 'NONE', ( #3518, #4340, #7323, #3448 ) ) ;
#2049 = EDGE_CURVE ( 'NONE', #4662, #1554, #243, .T. ) ;
#2050 = CARTESIAN_POINT ( 'NONE',  ( 1.375000000000000000, 1.090000000000000100, 4.800786840909308400E-015 ) ) ;
#2051 = CARTESIAN_POINT ( 'NONE',  ( 2.583780931762363700, 1.100000000000000100, 2.163955405330923600 ) ) ;
#2052 = STYLED_ITEM ( 'NONE', ( #5196 ), #4190 ) ;
#2053 = CARTESIAN_POINT ( 'NONE',  ( -0.6499999999999926900, 0.0000000000000000000, -1.904999999999903900 ) ) ;
#2054 = VECTOR ( 'NONE', #1794, 1000.000000000000100 ) ;
#2055 = LINE ( 'NONE', #2026, #4380 ) ;
#2056 = AXIS2_PLACEMENT_3D ( 'NONE', #7252, #3808, #2135 ) ;
#2057 = CARTESIAN_POINT ( 'NONE',  ( -2.811454250724655600, 0.9045974181223408500, 2.162027748204817400 ) ) ;
#2058 = ORIENTED_EDGE ( 'NONE', *, *, #1165, .F. ) ;
#2059 = DIRECTION ( 'NONE',  ( -1.000000000000000000, 0.0000000000000000000, 2.909111085745247400E-013 ) ) ;
#2060 = EDGE_CURVE ( 'NONE', #1934, #350, #51, .T. ) ;
#2061 = LINE ( 'NONE', #3644, #6697 ) ;
#2062 = CLOSED_SHELL ( 'NONE', ( #2582, #4846, #5017, #6004, #6069, #5110, #3182, #4062, #5640, #3385 ) ) ;
#2063 = SURFACE_STYLE_USAGE ( .BOTH. , #3740 ) ;
#2064 = PLANE ( 'NONE',  #7146 ) ;
#2065 = ADVANCED_FACE ( 'NONE', ( #2697 ), #6140, .F. ) ;
#2066 = CARTESIAN_POINT ( 'NONE',  ( -2.624207328089207500, 1.094374309863813900, -2.155942613653965900 ) ) ;
#2067 = CARTESIAN_POINT ( 'NONE',  ( 2.692347204169144500, 0.9439359755753150600, 2.344401804771858000 ) ) ;
#2069 = VERTEX_POINT ( 'NONE', #5598 ) ;
#2068 = LINE ( 'NONE', #127, #6081 ) ;
#2070 = ORIENTED_EDGE ( 'NONE', *, *, #5760, .T. ) ;
#2071 = DIRECTION ( 'NONE',  ( 4.767013306472753900E-015, 0.0000000000000000000, -1.000000000000000000 ) ) ;
#2072 = VECTOR ( 'NONE', #3931, 1000.000000000000000 ) ;
#2073 = VERTEX_POINT ( 'NONE', #3876 ) ;
#2074 = DIRECTION ( 'NONE',  ( 1.000000000000000000, 0.0000000000000000000, -9.518944730982915100E-015 ) ) ;
#2075 = CARTESIAN_POINT ( 'NONE',  ( 2.626043423708832100, 1.094256829282939300, 2.150030863775412200 ) ) ;
#2077 = ORIENTED_EDGE ( 'NONE', *, *, #824, .F. ) ;
#2076 = LINE ( 'NONE', #571, #3666 ) ;
#2078 = VECTOR ( 'NONE', #1388, 1000.000000000000000 ) ;
#2079 = ORIENTED_EDGE ( 'NONE', *, *, #6298, .F. ) ;
#2080 = VECTOR ( 'NONE', #5308, 1000.000000000000000 ) ;
#2081 = CARTESIAN_POINT ( 'NONE',  ( -0.9969999999999911200, 0.3000000000000000400, -2.450000000000003700 ) ) ;
#2082 = B_SPLINE_SURFACE_WITH_KNOTS ( 'NONE', 3, 3, ( 
 ( #2834, #5117, #4586, #6263, #6923, #1170, #5721, #5780, #1709, #5158, #3491, #4038, #84, #1230, #2309, #2866 ),
 ( #6868, #3962, #1768, #621, #3447, #3988, #6329, #2810, #4560, #2915, #645, #5757, #53, #4011, #6310, #1813 ),
 ( #2891, #5183, #1788, #5799, #100, #4067, #5701, #673, #5211, #6818, #6236, #3392, #569, #6850, #20, #697 ),
 ( #6945, #3515, #4694, #6968, #134, #2388, #5827, #6361, #167, #4089, #1275, #3540, #6386, #5235, #1844, #2969 ),
 ( #4120, #2367, #2936, #563, #18, #531, #2907, #3456, #8, #1779, #3373, #3996, #1215, #2799, #5169, #2879 ),
 ( #4053, #6801, #1727, #1757, #5151, #1160, #3477, #3975, #6882, #7384, #3947, #5771, #4601, #4026, #553, #4550 ),
 ( #6862, #68, #1694, #5739, #2824, #1134, #585, #3435, #5663, #612, #2850, #2316, #5099, #630, #6299, #1187 ),
 ( #6907, #2239, #5687, #5711, #2298, #4630, #2336, #6318, #6277, #93, #4526, #2271, #1103, #5072, #6251, #1670 ),
 ( #38, #6229, #6833, #5131, #3407, #4573, #6421, #6347, #2927, #1344, #728, #199, #6938, #3505, #5283, #2984 ),
 ( #5226, #1319, #6376, #4081, #153, #6986, #1804, #4134, #6398, #1876, #120, #3010, #5872, #4730, #5790, #3548 ) ),
 .UNSPECIFIED., .F., .F., .F.,
 ( 4, 2, 2, 2, 4 ),
 ( 4, 2, 1, 2, 2, 2, 1, 2, 4 ),
 ( 0.0000000000000000000, 0.2500000000000000000, 0.5000000000000000000, 0.7500000000000000000, 1.000000000000000000 ),
 ( 0.0000000000000000000, 0.01562500000000000000, 0.1250000000000000000, 0.2500000000000000000, 0.5000000000000000000, 0.7500000000000000000, 0.8750000000000000000, 0.9843750000000000000, 1.000000000000000000 ),
 .UNSPECIFIED. ) ;
#2083 = DIRECTION ( 'NONE',  ( -1.000000000000000000, 0.0000000000000000000, -3.491481338843133400E-015 ) ) ;
#2084 = CARTESIAN_POINT ( 'NONE',  ( -2.717692928972966100, 1.049657221799174600, 2.153931072108338500 ) ) ;
#2086 = ORIENTED_EDGE ( 'NONE', *, *, #4706, .T. ) ;
#2085 = CARTESIAN_POINT ( 'NONE',  ( -2.749999999999995100, 0.3000000000000000400, -1.649999999999927100 ) ) ;
#2087 = DIRECTION ( 'NONE',  ( -1.168734907595625700E-014, 0.0000000000000000000, -1.000000000000000000 ) ) ;
#2088 = FACE_OUTER_BOUND ( 'NONE', #4524, .T. ) ;
#2089 = LINE ( 'NONE', #6932, #2272 ) ;
#2090 = ORIENTED_EDGE ( 'NONE', *, *, #730, .T. ) ;
#2091 = LINE ( 'NONE', #1341, #4234 ) ;
#2092 = AXIS2_PLACEMENT_3D ( 'NONE', #1787, #536, #1602 ) ;
#2093 = ORIENTED_EDGE ( 'NONE', *, *, #6746, .T. ) ;
#2094 = DIRECTION ( 'NONE',  ( -1.000000000000000000, 0.0000000000000000000, -3.370341431302853500E-015 ) ) ;
#2095 = ORIENTED_EDGE ( 'NONE', *, *, #3066, .F. ) ;
#2096 = CARTESIAN_POINT ( 'NONE',  ( -2.389999999999962800, 0.3000000000000000400, -2.159999999999928600 ) ) ;
#2097 = VECTOR ( 'NONE', #5418, 1000.000000000000000 ) ;
#2098 = ORIENTED_EDGE ( 'NONE', *, *, #2813, .F. ) ;
#2099 = DIRECTION ( 'NONE',  ( 1.000000000000000000, -0.0000000000000000000, -7.350540386010786100E-015 ) ) ;
#2100 = CARTESIAN_POINT ( 'NONE',  ( -2.389999999999955300, 0.0000000000000000000, -0.8899999999999824700 ) ) ;
#2101 = CARTESIAN_POINT ( 'NONE',  ( -2.708330161254164400, 1.056877882530795600, -2.163118692277310500 ) ) ;
#2102 = CARTESIAN_POINT ( 'NONE',  ( 2.769401616985762700, 0.9439359774622758700, 2.267347414150389100 ) ) ;
#2103 = EDGE_CURVE ( 'NONE', #6834, #4583, #5197, .T. ) ;
#2104 = ORIENTED_EDGE ( 'NONE', *, *, #4158, .T. ) ;
#2105 = AXIS2_PLACEMENT_3D ( 'NONE', #5629, #1051, #7 ) ;
#2106 = ORIENTED_EDGE ( 'NONE', *, *, #2949, .T. ) ;
#2107 = LINE ( 'NONE', #1, #603 ) ;
#2108 = VECTOR ( 'NONE', #1038, 1000.000000000000000 ) ;
#2109 = EDGE_CURVE ( 'NONE', #5777, #6256, #6714, .T. ) ;
#2110 = MECHANICAL_DESIGN_GEOMETRIC_PRESENTATION_REPRESENTATION (  '', ( #6446 ), #4452 ) ;
#2111 = CARTESIAN_POINT ( 'NONE',  ( 2.602667125182196500, 1.057728553684928400, 2.279001161726473600 ) ) ;
#2112 = CARTESIAN_POINT ( 'NONE',  ( -1.090000000000007200, 0.2999999999999999300, 2.109999999999895500 ) ) ;
#2113 = EDGE_CURVE ( 'NONE', #6960, #2793, #493, .T. ) ;
#2114 = DIRECTION ( 'NONE',  ( 0.7071067811865530100, 0.0000000000000000000, -0.7071067811865421300 ) ) ;
#2115 = ADVANCED_FACE ( 'NONE', ( #945 ), #7302, .F. ) ;
#2116 = VECTOR ( 'NONE', #254, 1000.000000000000000 ) ;
#2117 = EDGE_CURVE ( 'NONE', #7000, #7169, #934, .T. ) ;
#2118 = CARTESIAN_POINT ( 'NONE',  ( -2.800000000000004700, 0.3000000000000000400, 1.699999999999908500 ) ) ;
#2119 = DIRECTION ( 'NONE',  ( 3.491481338843133400E-015, -0.0000000000000000000, -1.000000000000000000 ) ) ;
#2120 = CARTESIAN_POINT ( 'NONE',  ( 2.250000000000007500, 4.944146853836610200, 2.159999999999925500 ) ) ;
#2121 = ORIENTED_EDGE ( 'NONE', *, *, #2047, .F. ) ;
#2122 = CARTESIAN_POINT ( 'NONE',  ( -2.875000000000006200, 0.3000000000000000400, 1.699999999999908300 ) ) ;
#2123 = ORIENTED_EDGE ( 'NONE', *, *, #684, .F. ) ;
#2124 = CARTESIAN_POINT ( 'NONE',  ( 2.875000000000003100, 0.05000000000000000300, -0.8399999999999628900 ) ) ;
#2125 = DIRECTION ( 'NONE',  ( 0.7071067811865515700, 0.0000000000000000000, -0.7071067811865435800 ) ) ;
#2126 = VERTEX_POINT ( 'NONE', #2228 ) ;
#2127 = CARTESIAN_POINT ( 'NONE',  ( -2.638229348804922700, 1.059090530521768600, -2.260426541495103200 ) ) ;
#2128 = FACE_OUTER_BOUND ( 'NONE', #916, .T. ) ;
#2129 = DIRECTION ( 'NONE',  ( 1.000000000000000000, 0.0000000000000000000, 1.867031175364252400E-014 ) ) ;
#2130 = CARTESIAN_POINT ( 'NONE',  ( 2.588118712277546400, 1.056877884652312800, 2.283330161874156600 ) ) ;
#2131 = VECTOR ( 'NONE', #5888, 1000.000000000000000 ) ;
#2132 = DIRECTION ( 'NONE',  ( 0.0000000000000000000, -1.000000000000000000, 0.0000000000000000000 ) ) ;
#2133 = CARTESIAN_POINT ( 'NONE',  ( 2.750000000000064400, 0.3000000000000000400, -2.159999999999909500 ) ) ;
#2134 = PLANE ( 'NONE',  #5239 ) ;
#2135 = DIRECTION ( 'NONE',  ( 1.000000000000000000, 0.0000000000000000000, 3.491481338843133400E-015 ) ) ;
#2136 = VECTOR ( 'NONE', #2167, 1000.000000000000000 ) ;
#2137 = ORIENTED_EDGE ( 'NONE', *, *, #5594, .T. ) ;
#2138 = DIRECTION ( 'NONE',  ( -0.7071067811859949000, 0.0000000000000000000, 0.7071067811871001300 ) ) ;
#2139 = DIRECTION ( 'NONE',  ( -0.0000000000000000000, -1.000000000000000000, 0.0000000000000000000 ) ) ;
#2140 = DIRECTION ( 'NONE',  ( 1.000000000000000000, 0.0000000000000000000, -7.478262672352445800E-014 ) ) ;
#2141 = DIRECTION ( 'NONE',  ( 1.000000000000000000, 0.0000000000000000000, 3.491481338843133400E-015 ) ) ;
#2142 = ADVANCED_FACE ( 'NONE', ( #4778 ), #2187, .F. ) ;
#2143 = FACE_OUTER_BOUND ( 'NONE', #2165, .T. ) ;
#2144 = VECTOR ( 'NONE', #4664, 1000.000000000000000 ) ;
#2145 = CARTESIAN_POINT ( 'NONE',  ( -2.389999999999955300, 0.05000000000000002400, -0.8899999999999824700 ) ) ;
#2146 = ORIENTED_EDGE ( 'NONE', *, *, #5067, .T. ) ;
#2147 = CARTESIAN_POINT ( 'NONE',  ( 1.015890252108112300E-014, 0.05000000000000000300, -0.8899999999999558300 ) ) ;
#2148 = EDGE_CURVE ( 'NONE', #4883, #224, #3951, .T. ) ;
#2149 = ORIENTED_EDGE ( 'NONE', *, *, #1525, .T. ) ;
#2150 = AXIS2_PLACEMENT_3D ( 'NONE', #5320, #184, #5260 ) ;
#2151 = EDGE_CURVE ( 'NONE', #738, #2557, #4408, .T. ) ;
#2152 = LINE ( 'NONE', #4922, #124 ) ;
#2153 = EDGE_CURVE ( 'NONE', #1912, #1401, #1205, .T. ) ;
#2154 = CARTESIAN_POINT ( 'NONE',  ( -2.749999999999996400, 0.3000000000000000400, -0.3799999999999820200 ) ) ;
#2155 = CARTESIAN_POINT ( 'NONE',  ( 2.571479642831525900, 1.094177520935351700, 2.201832952004469000 ) ) ;
#2156 = DIRECTION ( 'NONE',  ( 1.000000000000000000, 0.0000000000000000000, 3.491481338843133400E-015 ) ) ;
#2157 = CARTESIAN_POINT ( 'NONE',  ( -0.9969999999999911200, 0.3000000000000000400, -2.450000000000003700 ) ) ;
#2158 = AXIS2_PLACEMENT_3D ( 'NONE', #6316, #6342, #1257 ) ;
#2159 = ORIENTED_EDGE ( 'NONE', *, *, #1268, .F. ) ;
#2160 = CARTESIAN_POINT ( 'NONE',  ( -0.7430000000000072100, 0.05000000000000000300, 1.206005809891502700E-017 ) ) ;
#2162 = EDGE_LOOP ( 'NONE', ( #3789, #1979, #4065, #338 ) ) ;
#2161 = FACE_OUTER_BOUND ( 'NONE', #148, .T. ) ;
#2163 = DIRECTION ( 'NONE',  ( 1.000000000000000000, 0.0000000000000000000, 3.491481338843133400E-015 ) ) ;
#2164 = ORIENTED_EDGE ( 'NONE', *, *, #2541, .F. ) ;
#2165 = EDGE_LOOP ( 'NONE', ( #6188, #6840, #6440, #1221, #703, #2811, #2079, #439, #4225, #1309, #1139, #3475, #2077, #4396, #1708, #1049, #6711, #756, #2713, #6465, #5840, #4853, #3819, #423, #29, #7207 ) ) ;
#2166 = EDGE_CURVE ( 'NONE', #6041, #6609, #5307, .T. ) ;
#2167 = DIRECTION ( 'NONE',  ( -9.006275849671631200E-017, 0.0000000000000000000, 1.000000000000000000 ) ) ;
#2168 = FACE_OUTER_BOUND ( 'NONE', #4652, .T. ) ;
#2169 = EDGE_LOOP ( 'NONE', ( #5273, #4068, #6500, #4274, #5411, #6767, #7241, #5925 ) ) ;
#2170 = VECTOR ( 'NONE', #6312, 1000.000000000000000 ) ;
#2171 = CARTESIAN_POINT ( 'NONE',  ( -0.9969999999999911200, 4.944146853836610200, -2.450000000000003700 ) ) ;
#2172 = DIRECTION ( 'NONE',  ( -1.000000000000000000, 0.0000000000000000000, -3.491481338843133400E-015 ) ) ;
#2173 = VERTEX_POINT ( 'NONE', #6894 ) ;
#2174 = CARTESIAN_POINT ( 'NONE',  ( -2.588955409432434100, 1.100000000000000100, -2.158780927090119900 ) ) ;
#2175 = CARTESIAN_POINT ( 'NONE',  ( 2.800000000000028200, 0.0000000000000000000, 2.109999999999849800 ) ) ;
#2176 = VECTOR ( 'NONE', #6049, 1000.000000000000000 ) ;
#2177 = LINE ( 'NONE', #5244, #4859 ) ;
#2178 = ORIENTED_EDGE ( 'NONE', *, *, #6302, .T. ) ;
#2179 = VECTOR ( 'NONE', #528, 1000.000000000000000 ) ;
#2180 = CARTESIAN_POINT ( 'NONE',  ( -2.601493867578209300, 1.094589964273577500, 2.186670085749400800 ) ) ;
#2181 = AXIS2_PLACEMENT_3D ( 'NONE', #1658, #2227, #2783 ) ;
#2182 = CARTESIAN_POINT ( 'NONE',  ( 2.800000000000052200, 0.2999999999999999300, -0.8399999999999632200 ) ) ;
#2183 = CARTESIAN_POINT ( 'NONE',  ( 2.565815600712991100, 1.100000000000000100, 2.140815600713008600 ) ) ;
#2184 = FACE_OUTER_BOUND ( 'NONE', #5860, .T. ) ;
#2185 = LINE ( 'NONE', #2733, #3158 ) ;
#2186 = ORIENTED_EDGE ( 'NONE', *, *, #66, .F. ) ;
#2187 = PLANE ( 'NONE',  #1154 ) ;
#2188 = PLANE ( 'NONE',  #6106 ) ;
#2189 = ADVANCED_FACE ( 'NONE', ( #5106 ), #1746, .T. ) ;
#2190 = CARTESIAN_POINT ( 'NONE',  ( 2.814445482107879000, 0.8761377525753105700, 2.162284338101319900 ) ) ;
#2191 = CARTESIAN_POINT ( 'NONE',  ( -2.800000000000017600, 0.2999999999999999300, -2.109999999999927500 ) ) ;
#2192 = ORIENTED_EDGE ( 'NONE', *, *, #3627, .F. ) ;
#2193 = VERTEX_POINT ( 'NONE', #3462 ) ;
#2194 = LINE ( 'NONE', #4355, #7365 ) ;
#2195 = LINE ( 'NONE', #1553, #73 ) ;
#2196 =( BOUNDED_SURFACE ( )  B_SPLINE_SURFACE ( 2, 3, ( 
 ( #2874, #3938, #2262, #1151, #1688, #653, #3369 ),
 ( #7376, #5124, #6337, #577, #6858, #30, #2293 ),
 ( #5680, #6294, #3470, #5088, #4642, #5162, #6241 ) ),
 .UNSPECIFIED., .F., .F., .F. ) 
 B_SPLINE_SURFACE_WITH_KNOTS ( ( 3, 3 ),
 ( 4, 3, 4 ),
 ( 0.0000000000000000000, 1.000000000000000000 ),
 ( -0.001007574236164228400, -0.0008087892385205195000, 0.0000000000000000000 ),
 .UNSPECIFIED. ) 
 GEOMETRIC_REPRESENTATION_ITEM ( )  RATIONAL_B_SPLINE_SURFACE ( (
 ( 1.000000000000000000, 1.000000000000000000, 1.000000000000000000, 1.000000000000000000, 1.000000000000000000, 1.000000000000000000, 1.000000000000000000),
 ( 0.7109592814054462900, 0.7109592814054462900, 0.7109592814054462900, 0.7109592814054462900, 0.7109592814054462900, 0.7109592814054462900, 0.7109592814054462900),
 ( 1.000000000000000000, 1.000000000000000000, 1.000000000000000000, 1.000000000000000000, 1.000000000000000000, 1.000000000000000000, 1.000000000000000000) ) ) 
 REPRESENTATION_ITEM ( '' )  SURFACE ( )  );
#2197 = CARTESIAN_POINT ( 'NONE',  ( -2.750000000000000900, 0.3000000000000000400, 0.8899999999999627100 ) ) ;
#2198 = DIRECTION ( 'NONE',  ( -1.000000000000000000, 0.0000000000000000000, -3.491481338843133000E-015 ) ) ;
#2199 = CARTESIAN_POINT ( 'NONE',  ( -2.800000000000006900, 4.944146853836610200, 0.4299999999999900600 ) ) ;
#2200 = FACE_OUTER_BOUND ( 'NONE', #3778, .T. ) ;
#2201 = CARTESIAN_POINT ( 'NONE',  ( -2.596424261741086400, 1.100000000000000100, -2.143458814361286300 ) ) ;
#2202 = ORIENTED_EDGE ( 'NONE', *, *, #7084, .F. ) ;
#2203 = VERTEX_POINT ( 'NONE', #1198 ) ;
#2204 = AXIS2_PLACEMENT_3D ( 'NONE', #3599, #5966, #2463 ) ;
#2205 = CARTESIAN_POINT ( 'NONE',  ( -2.624207381834639600, 1.094374329098164700, 2.155942616057439800 ) ) ;
#2206 = ADVANCED_FACE ( 'NONE', ( #2516 ), #2082, .T. ) ;
#2207 = PLANE ( 'NONE',  #6291 ) ;
#2208 = CARTESIAN_POINT ( 'NONE',  ( 2.565815600712991100, 1.100000000000000100, 2.140815600713008600 ) ) ;
#2209 = EDGE_LOOP ( 'NONE', ( #5646, #865, #3230, #5749, #2423, #71, #3038, #1090, #896, #6126, #6426, #3877, #4822, #1195, #2225, #5174, #4564, #4685, #1050, #4394, #4785, #27, #2587, #1308, #650, #4843 ) ) ;
#2210 = CARTESIAN_POINT ( 'NONE',  ( 2.800000000000028200, 0.0000000000000000000, 1.699999999999926500 ) ) ;
#2211 = CARTESIAN_POINT ( 'NONE',  ( 0.0000000000000000000, 0.05000000000000000300, 0.0000000000000000000 ) ) ;
#2212 = EDGE_CURVE ( 'NONE', #4047, #1408, #5469, .T. ) ;
#2213 = CARTESIAN_POINT ( 'NONE',  ( -2.800000000000014000, 0.05000000000000002400, -0.4299999999999822900 ) ) ;
#2214 = VERTEX_POINT ( 'NONE', #179 ) ;
#2215 = DIRECTION ( 'NONE',  ( -3.491481338843133400E-015, 0.0000000000000000000, 1.000000000000000000 ) ) ;
#2216 = CARTESIAN_POINT ( 'NONE',  ( -2.874999999999991600, 0.3000000000000000400, -2.450000000000010400 ) ) ;
#2217 = LINE ( 'NONE', #3001, #4900 ) ;
#2218 = DIRECTION ( 'NONE',  ( -6.687560834572014400E-014, 0.0000000000000000000, 1.000000000000000000 ) ) ;
#2219 = DIRECTION ( 'NONE',  ( 0.0000000000000000000, -1.000000000000000000, 0.0000000000000000000 ) ) ;
#2220 = CARTESIAN_POINT ( 'NONE',  ( 2.489999999999994000, 0.05000000000000002400, -0.3799999999999254500 ) ) ;
#2221 = DIRECTION ( 'NONE',  ( 1.000000000000000000, 0.0000000000000000000, 2.908576945033690500E-015 ) ) ;
#2222 = EDGE_CURVE ( 'NONE', #6419, #4126, #1302, .T. ) ;
#2223 = VECTOR ( 'NONE', #3256, 1000.000000000000000 ) ;
#2224 = CARTESIAN_POINT ( 'NONE',  ( -2.579262904760915000, 1.056305036604360900, 2.285280226771525300 ) ) ;
#2225 = ORIENTED_EDGE ( 'NONE', *, *, #3484, .F. ) ;
#2226 = PLANE ( 'NONE',  #1862 ) ;
#2227 = DIRECTION ( 'NONE',  ( -3.491481338843133400E-015, 0.0000000000000000000, 1.000000000000000000 ) ) ;
#2228 = CARTESIAN_POINT ( 'NONE',  ( 2.490000000000001500, 0.2999999999999999300, -0.2499999999999913400 ) ) ;
#2229 = CARTESIAN_POINT ( 'NONE',  ( -2.874999999999991100, 0.3000000000000000400, -2.450000000000010400 ) ) ;
#2230 = VECTOR ( 'NONE', #4751, 1000.000000000000000 ) ;
#2231 = EDGE_LOOP ( 'NONE', ( #2123, #4223, #2864, #1767 ) ) ;
#2232 = VERTEX_POINT ( 'NONE', #1829 ) ;
#2233 = DIRECTION ( 'NONE',  ( 0.0000000000000000000, -1.000000000000000000, 0.0000000000000000000 ) ) ;
#2234 = CARTESIAN_POINT ( 'NONE',  ( -2.874999999999991100, 0.3000000000000000400, -2.450000000000010400 ) ) ;
#2235 = ADVANCED_FACE ( 'NONE', ( #6090 ), #4160, .F. ) ;
#2236 = LINE ( 'NONE', #6391, #5906 ) ;
#2237 = VECTOR ( 'NONE', #3137, 1000.000000000000000 ) ;
#2238 = CARTESIAN_POINT ( 'NONE',  ( -2.524307266880516200, 1.271057531786608900, -2.347937740722601900 ) ) ;
#2239 = CARTESIAN_POINT ( 'NONE',  ( 2.571479642561175900, 1.094177520915676800, -2.201832952129349600 ) ) ;
#2240 = PLANE ( 'NONE',  #3753 ) ;
#2241 = EDGE_LOOP ( 'NONE', ( #3067, #7278, #7133, #4880 ) ) ;
#2242 = CARTESIAN_POINT ( 'NONE',  ( 2.768036621828477100, 0.8858387019321915000, 2.301047558051712900 ) ) ;
#2243 = VECTOR ( 'NONE', #2361, 1000.000000000000000 ) ;
#2244 = EDGE_CURVE ( 'NONE', #1111, #6041, #2967, .T. ) ;
#2245 = ORIENTED_EDGE ( 'NONE', *, *, #4354, .T. ) ;
#2246 = VERTEX_POINT ( 'NONE', #2360 ) ;
#2247 = AXIS2_PLACEMENT_3D ( 'NONE', #2677, #6107, #4915 ) ;
#2248 = CARTESIAN_POINT ( 'NONE',  ( -2.595496226409147700, 1.073238614187641100, 2.253592512819687900 ) ) ;
#2249 = EDGE_CURVE ( 'NONE', #1998, #304, #3757, .T. ) ;
#2250 = EDGE_CURVE ( 'NONE', #5021, #1802, #2689, .T. ) ;
#2251 = VERTEX_POINT ( 'NONE', #708 ) ;
#2252 = DIRECTION ( 'NONE',  ( -0.0000000000000000000, -1.000000000000000000, 0.0000000000000000000 ) ) ;
#2253 = CARTESIAN_POINT ( 'NONE',  ( 2.565815600712991100, 1.100000000000000100, 2.140815600713008600 ) ) ;
#2254 = LINE ( 'NONE', #4139, #4765 ) ;
#2255 = ORIENTED_EDGE ( 'NONE', *, *, #4060, .T. ) ;
#2256 = LINE ( 'NONE', #2812, #4936 ) ;
#2257 = CARTESIAN_POINT ( 'NONE',  ( -0.7429999999999930000, 0.0000000000000000000, -2.109999999999900400 ) ) ;
#2258 = CARTESIAN_POINT ( 'NONE',  ( -2.800000000000013600, 0.0000000000000000000, -0.8399999999999819800 ) ) ;
#2259 = DIRECTION ( 'NONE',  ( -1.000000000000000000, 0.0000000000000000000, -6.892899919189998100E-015 ) ) ;
#2260 = VECTOR ( 'NONE', #2952, 1000.000000000000100 ) ;
#2261 = ORIENTED_EDGE ( 'NONE', *, *, #3566, .F. ) ;
#2262 = CARTESIAN_POINT ( 'NONE',  ( 2.786715138122416200, 1.139974351693964400, 2.113084664280365100 ) ) ;
#2263 = DIRECTION ( 'NONE',  ( -1.000000000000000000, 0.0000000000000000000, 3.311355821850255300E-015 ) ) ;
#2264 = LINE ( 'NONE', #4358, #5298 ) ;
#2265 = DIRECTION ( 'NONE',  ( 3.311355821850256900E-015, 0.0000000000000000000, 1.000000000000000000 ) ) ;
#2266 = DIRECTION ( 'NONE',  ( -3.491481338843133400E-015, -0.0000000000000000000, 1.000000000000000000 ) ) ;
#2267 = ORIENTED_EDGE ( 'NONE', *, *, #449, .F. ) ;
#2268 = ORIENTED_EDGE ( 'NONE', *, *, #6454, .F. ) ;
#2269 = CARTESIAN_POINT ( 'NONE',  ( -0.7430000000000072100, 0.3000000000000000400, 2.449999999999998400 ) ) ;
#2270 = FACE_OUTER_BOUND ( 'NONE', #2619, .T. ) ;
#2271 = CARTESIAN_POINT ( 'NONE',  ( 2.624207381834639600, 1.094374329098164700, -2.155942616057439800 ) ) ;
#2272 = VECTOR ( 'NONE', #5302, 1000.000000000000000 ) ;
#2273 = ORIENTED_EDGE ( 'NONE', *, *, #5979, .F. ) ;
#2274 = PLANE ( 'NONE',  #5053 ) ;
#2275 = LINE ( 'NONE', #6691, #4419 ) ;
#2276 = DIRECTION ( 'NONE',  ( 1.000000000000000000, 0.0000000000000000000, -7.370371334212277500E-014 ) ) ;
#2277 = ORIENTED_EDGE ( 'NONE', *, *, #6989, .F. ) ;
#2278 = CARTESIAN_POINT ( 'NONE',  ( -2.571878252661937500, 1.094184019693825300, 2.201737699402937000 ) ) ;
#2279 = VERTEX_POINT ( 'NONE', #3531 ) ;
#2280 = VECTOR ( 'NONE', #2010, 1000.000000000000000 ) ;
#2281 = ORIENTED_EDGE ( 'NONE', *, *, #540, .F. ) ;
#2282 = ADVANCED_FACE ( 'NONE', ( #3229 ), #1290, .F. ) ;
#2283 = DIRECTION ( 'NONE',  ( 1.000000000000000000, 0.0000000000000000000, 3.491481338843133400E-015 ) ) ;
#2284 = CARTESIAN_POINT ( 'NONE',  ( -2.800000000000004700, 0.3000000000000000400, 1.699999999999908500 ) ) ;
#2285 = VERTEX_POINT ( 'NONE', #2464 ) ;
#2286 = EDGE_LOOP ( 'NONE', ( #273, #5114, #2765, #484 ) ) ;
#2287 = CARTESIAN_POINT ( 'NONE',  ( 2.821631632893193400, 0.8077660949809756200, -2.148001159051107200 ) ) ;
#2288 = VERTEX_POINT ( 'NONE', #7044 ) ;
#2289 = LINE ( 'NONE', #578, #2993 ) ;
#2290 = FACE_OUTER_BOUND ( 'NONE', #2814, .T. ) ;
#2291 = CARTESIAN_POINT ( 'NONE',  ( 3.000000000000065700, 0.0000000000000000000, -2.109999999999907900 ) ) ;
#2292 = DIRECTION ( 'NONE',  ( -0.7071067811863260800, 0.0000000000000000000, 0.7071067811867689500 ) ) ;
#2293 = CARTESIAN_POINT ( 'NONE',  ( 2.874999999999991600, 0.2999999999999999900, 2.450000000000009900 ) ) ;
#2294 = AXIS2_PLACEMENT_3D ( 'NONE', #1919, #5885, #2454 ) ;
#2295 = VECTOR ( 'NONE', #294, 1000.000000000000000 ) ;
#2296 = EDGE_CURVE ( 'NONE', #6256, #282, #7257, .T. ) ;
#2297 = CLOSED_SHELL ( 'NONE', ( #3033, #5683, #3984, #3153, #269, #523, #5249, #2782, #3775, #4955, #2728, #5365, #3016, #2374, #6273, #5472, #4169, #2858, #5176, #3005, #1797, #1642, #7367, #6618, #4982, #1895, #818, #46 ) ) ;
#2298 = CARTESIAN_POINT ( 'NONE',  ( 2.580942613654784600, 1.094374309863961300, -2.199207328089636700 ) ) ;
#2299 = CARTESIAN_POINT ( 'NONE',  ( -2.814445482107879000, 0.8761377525753089000, -2.162284338101319500 ) ) ;
#2300 = DIRECTION ( 'NONE',  ( -0.7071067811865469100, 0.0000000000000000000, 0.7071067811865482400 ) ) ;
#2301 = EDGE_CURVE ( 'NONE', #6526, #5622, #6269, .T. ) ;
#2302 = EDGE_CURVE ( 'NONE', #1922, #5763, #2872, .T. ) ;
#2303 = ORIENTED_EDGE ( 'NONE', *, *, #2433, .F. ) ;
#2304 = VERTEX_POINT ( 'NONE', #4287 ) ;
#2305 = DIRECTION ( 'NONE',  ( 1.000000000000000000, 0.0000000000000000000, 3.491481338843133400E-015 ) ) ;
#2306 = AXIS2_PLACEMENT_3D ( 'NONE', #6747, #1096, #2215 ) ;
#2307 =( NAMED_UNIT ( * ) PLANE_ANGLE_UNIT ( ) SI_UNIT ( $, .RADIAN. ) );
#2308 = FACE_OUTER_BOUND ( 'NONE', #6695, .T. ) ;
#2309 = CARTESIAN_POINT ( 'NONE',  ( 2.814425853724163300, 0.8763245041717717700, -2.164136781173843900 ) ) ;
#2310 = EDGE_CURVE ( 'NONE', #5238, #797, #2453, .T. ) ;
#2311 = CARTESIAN_POINT ( 'NONE',  ( 2.750000000000020900, 0.3000000000000000400, 2.159999999999888700 ) ) ;
#2312 = DIRECTION ( 'NONE',  ( -1.000000000000000000, 0.0000000000000000000, -3.491481338843133400E-015 ) ) ;
#2313 = LINE ( 'NONE', #5604, #6139 ) ;
#2314 = ADVANCED_FACE ( 'NONE', ( #236 ), #314, .T. ) ;
#2315 = DIRECTION ( 'NONE',  ( -0.0000000000000000000, -1.000000000000000000, 0.0000000000000000000 ) ) ;
#2316 = CARTESIAN_POINT ( 'NONE',  ( 2.678592704607386700, 1.073238682585076800, -2.170496241399510600 ) ) ;
#2317 = VECTOR ( 'NONE', #5453, 1000.000000000000000 ) ;
#2318 = PLANE ( 'NONE',  #6160 ) ;
#2319 = ORIENTED_EDGE ( 'NONE', *, *, #4398, .T. ) ;
#2320 = AXIS2_PLACEMENT_3D ( 'NONE', #2937, #2892, #3463 ) ;
#2321 = CARTESIAN_POINT ( 'NONE',  ( 2.542286137945382500, 1.100000000000000100, 2.140815600713008100 ) ) ;
#2322 = LINE ( 'NONE', #974, #5531 ) ;
#2323 = VECTOR ( 'NONE', #6725, 1000.000000000000000 ) ;
#2324 = DIRECTION ( 'NONE',  ( -0.7071067811865482400, 0.0000000000000000000, -0.7071067811865469100 ) ) ;
#2325 = VERTEX_POINT ( 'NONE', #1857 ) ;
#2326 = AXIS2_PLACEMENT_3D ( 'NONE', #6794, #544, #4567 ) ;
#2327 = CARTESIAN_POINT ( 'NONE',  ( 2.750000000000006700, 0.3000000000000000400, 0.8899999999999437300 ) ) ;
#2328 = VECTOR ( 'NONE', #3103, 1000.000000000000000 ) ;
#2329 = EDGE_LOOP ( 'NONE', ( #2106, #2822, #1990, #6581 ) ) ;
#2330 = DIRECTION ( 'NONE',  ( -7.193635098549795200E-015, 0.0000000000000000000, 1.000000000000000000 ) ) ;
#2331 = EDGE_LOOP ( 'NONE', ( #5367, #2273, #4871, #5858, #7292, #5463, #4537, #2268 ) ) ;
#2333 = VERTEX_POINT ( 'NONE', #6007 ) ;
#2332 = VECTOR ( 'NONE', #3057, 1000.000000000000000 ) ;
#2334 = ORIENTED_EDGE ( 'NONE', *, *, #3534, .T. ) ;
#2335 = PLANE ( 'NONE',  #3096 ) ;
#2336 = CARTESIAN_POINT ( 'NONE',  ( 2.595770341187475100, 1.094557071096918600, -2.191123704738911400 ) ) ;
#2337 = AXIS2_PLACEMENT_3D ( 'NONE', #6800, #3331, #3884 ) ;
#2338 = PLANE ( 'NONE',  #3892 ) ;
#2339 = AXIS2_PLACEMENT_3D ( 'NONE', #502, #4464, #6145 ) ;
#2340 = VECTOR ( 'NONE', #3171, 1000.000000000000000 ) ;
#2341 = ORIENTED_EDGE ( 'NONE', *, *, #4505, .T. ) ;
#2342 = VECTOR ( 'NONE', #310, 1000.000000000000000 ) ;
#2343 = CARTESIAN_POINT ( 'NONE',  ( 2.250000000000008400, 0.3000000000000000400, 1.904999999999940100 ) ) ;
#2344 = ADVANCED_FACE ( 'NONE', ( #1734 ), #6475, .T. ) ;
#2345 = EDGE_CURVE ( 'NONE', #405, #4409, #6807, .T. ) ;
#2346 = EDGE_CURVE ( 'NONE', #1910, #4161, #4507, .T. ) ;
#2347 = SURFACE_STYLE_FILL_AREA ( #358 ) ;
#2348 = LINE ( 'NONE', #6507, #3593 ) ;
#2349 = ORIENTED_EDGE ( 'NONE', *, *, #1738, .F. ) ;
#2350 = DIRECTION ( 'NONE',  ( 1.867031175364252400E-014, 0.0000000000000000000, -1.000000000000000000 ) ) ;
#2351 = DIRECTION ( 'NONE',  ( -1.412078086043886200E-013, 0.0000000000000000000, -1.000000000000000000 ) ) ;
#2352 = CARTESIAN_POINT ( 'NONE',  ( 2.750000000000038200, 0.2999999999999999300, 0.3799999999999814100 ) ) ;
#2353 = ORIENTED_EDGE ( 'NONE', *, *, #3872, .T. ) ;
#2354 = DIRECTION ( 'NONE',  ( -1.000000000000000000, 0.0000000000000000000, -3.491481338843133400E-015 ) ) ;
#2355 = CARTESIAN_POINT ( 'NONE',  ( 2.582221402585043600, 1.015348775007399300, 2.330796319344267300 ) ) ;
#2356 = LINE ( 'NONE', #1237, #500 ) ;
#2357 = VERTEX_POINT ( 'NONE', #4820 ) ;
#2358 = CARTESIAN_POINT ( 'NONE',  ( 2.750000000000039500, 0.0000000000000000000, -1.649999999999908700 ) ) ;
#2359 = EDGE_CURVE ( 'NONE', #1714, #311, #2599, .T. ) ;
#2360 = CARTESIAN_POINT ( 'NONE',  ( -2.390000000000006300, 0.0000000000000000000, 2.159999999999909100 ) ) ;
#2361 = DIRECTION ( 'NONE',  ( 0.0000000000000000000, -1.000000000000000000, 0.0000000000000000000 ) ) ;
#2362 = ORIENTED_EDGE ( 'NONE', *, *, #7003, .T. ) ;
#2363 = LINE ( 'NONE', #3074, #6730 ) ;
#2364 = DIRECTION ( 'NONE',  ( 0.7071067811866017500, 0.0000000000000000000, -0.7071067811864932800 ) ) ;
#2365 = VECTOR ( 'NONE', #7260, 1000.000000000000000 ) ;
#2366 = ADVANCED_FACE ( 'NONE', ( #6612 ), #7149, .T. ) ;
#2367 = CARTESIAN_POINT ( 'NONE',  ( 2.583544911844508600, 1.015484006987633900, -2.330675684897116600 ) ) ;
#2368 = CARTESIAN_POINT ( 'NONE',  ( 2.800000000000038900, 0.05000000000000002400, 0.4299999999999817900 ) ) ;
#2369 = DIRECTION ( 'NONE',  ( 0.0000000000000000000, -1.000000000000000000, 0.0000000000000000000 ) ) ;
#2370 = DIRECTION ( 'NONE',  ( -0.7071067811863825900, 0.0000000000000000000, -0.7071067811867125500 ) ) ;
#2371 = DIRECTION ( 'NONE',  ( -1.000000000000000000, 0.0000000000000000000, -3.491481338843133400E-015 ) ) ;
#2372 = DIRECTION ( 'NONE',  ( 1.000000000000000000, 0.0000000000000000000, 3.491481338843133400E-015 ) ) ;
#2373 = VERTEX_POINT ( 'NONE', #2573 ) ;
#2374 = ADVANCED_FACE ( 'NONE', ( #1545 ), #6558, .F. ) ;
#2375 = AXIS2_PLACEMENT_3D ( 'NONE', #538, #1250, #5212 ) ;
#2376 = CARTESIAN_POINT ( 'NONE',  ( -0.6499999999999928100, 0.0000000000000000000, -2.109999999999900400 ) ) ;
#2377 = ORIENTED_EDGE ( 'NONE', *, *, #5052, .T. ) ;
#2378 = EDGE_CURVE ( 'NONE', #6521, #3681, #3055, .T. ) ;
#2379 = AXIS2_PLACEMENT_3D ( 'NONE', #5905, #6466, #3587 ) ;
#2380 = DIRECTION ( 'NONE',  ( 1.000000000000000000, 0.0000000000000000000, 3.491481338843133400E-015 ) ) ;
#2381 = CARTESIAN_POINT ( 'NONE',  ( -3.000000000000007100, 0.0000000000000000000, 0.4299999999999895600 ) ) ;
#2382 = EDGE_CURVE ( 'NONE', #3570, #4851, #1389, .T. ) ;
#2383 = EDGE_CURVE ( 'NONE', #2890, #2742, #5929, .T. ) ;
#2384 = LINE ( 'NONE', #1239, #448 ) ;
#2385 = CARTESIAN_POINT ( 'NONE',  ( -2.800000000000006900, 0.3000000000000000400, 0.4299999999999900600 ) ) ;
#2386 = CARTESIAN_POINT ( 'NONE',  ( -2.742135566424859700, 0.9966906504970747300, 2.249718111086024900 ) ) ;
#2387 = AXIS2_PLACEMENT_3D ( 'NONE', #4628, #5165, #4101 ) ;
#2388 = CARTESIAN_POINT ( 'NONE',  ( 2.642441707378672800, 0.9950589152386579700, -2.333290809077233100 ) ) ;
#2389 = CARTESIAN_POINT ( 'NONE',  ( 2.587009817579256900, 0.9065729647699590800, -2.386246612405010600 ) ) ;
#2390 = EDGE_CURVE ( 'NONE', #5540, #804, #5296, .T. ) ;
#2391 = CARTESIAN_POINT ( 'NONE',  ( 2.875000000000008400, 0.3000000000000000400, -2.449999999999990400 ) ) ;
#2392 = ORIENTED_EDGE ( 'NONE', *, *, #5456, .F. ) ;
#2393 = PLANE ( 'NONE',  #5291 ) ;
#2394 = CARTESIAN_POINT ( 'NONE',  ( 2.568458814361268800, 1.100000000000000100, 2.171424261741104400 ) ) ;
#2395 = CARTESIAN_POINT ( 'NONE',  ( 2.490000000000003300, 0.3000000000000000400, -0.8899999999999274000 ) ) ;
#2396 = LINE ( 'NONE', #761, #7319 ) ;
#2398 = ORIENTED_EDGE ( 'NONE', *, *, #5951, .F. ) ;
#2397 = CARTESIAN_POINT ( 'NONE',  ( 2.875000000000008400, 0.05000000000000000300, -2.449999999999990400 ) ) ;
#2399 = ORIENTED_EDGE ( 'NONE', *, *, #3051, .T. ) ;
#2400 = DIRECTION ( 'NONE',  ( -1.000000000000000000, 0.0000000000000000000, 3.311355821850256900E-015 ) ) ;
#2401 = VERTEX_POINT ( 'NONE', #5382 ) ;
#2402 = FILL_AREA_STYLE_COLOUR ( '', #4514 ) ;
#2403 = DIRECTION ( 'NONE',  ( -3.491481338843133400E-015, 0.0000000000000000000, 1.000000000000000000 ) ) ;
#2404 = CARTESIAN_POINT ( 'NONE',  ( 2.565815600713005700, 1.100000000000000100, -2.140815600712990400 ) ) ;
#2406 = ORIENTED_EDGE ( 'NONE', *, *, #137, .F. ) ;
#2405 = CARTESIAN_POINT ( 'NONE',  ( 1.375000000000000000, 1.070000000000000100, 4.800786840909308400E-015 ) ) ;
#2407 = VECTOR ( 'NONE', #606, 1000.000000000000100 ) ;
#2408 = EDGE_CURVE ( 'NONE', #4329, #405, #7349, .T. ) ;
#2409 = EDGE_LOOP ( 'NONE', ( #4034, #3428, #6927, #3695 ) ) ;
#2410 =( BOUNDED_SURFACE ( )  B_SPLINE_SURFACE ( 2, 3, ( 
 ( #6003, #5402, #5977, #4884, #2568, #4863, #2549 ),
 ( #285, #1472, #4817, #3097, #6533, #1444, #6557 ),
 ( #5420, #1411, #7109, #2015, #7143, #3709, #339 ) ),
 .UNSPECIFIED., .F., .F., .F. ) 
 B_SPLINE_SURFACE_WITH_KNOTS ( ( 3, 3 ),
 ( 4, 3, 4 ),
 ( 0.0000000000000000000, 1.000000000000000000 ),
 ( -0.001007574236164228600, -0.0008087892385205195000, 0.0000000000000000000 ),
 .UNSPECIFIED. ) 
 GEOMETRIC_REPRESENTATION_ITEM ( )  RATIONAL_B_SPLINE_SURFACE ( (
 ( 1.000000000000000000, 1.000000000000000000, 1.000000000000000000, 1.000000000000000000, 1.000000000000000000, 1.000000000000000000, 1.000000000000000000),
 ( 0.7109592814054462900, 0.7109592814054462900, 0.7109592814054462900, 0.7109592814054462900, 0.7109592814054462900, 0.7109592814054462900, 0.7109592814054462900),
 ( 1.000000000000000000, 1.000000000000000000, 1.000000000000000000, 1.000000000000000000, 1.000000000000000000, 1.000000000000000000, 1.000000000000000000) ) ) 
 REPRESENTATION_ITEM ( '' )  SURFACE ( )  );
#2411 = EDGE_LOOP ( 'NONE', ( #2640, #5581, #5614, #5481 ) ) ;
#2412 = CARTESIAN_POINT ( 'NONE',  ( -2.800000000000017600, 0.05000000000000002400, -1.699999999999927600 ) ) ;
#2413 = ADVANCED_FACE ( 'NONE', ( #3414 ), #1991, .T. ) ;
#2414 = CARTESIAN_POINT ( 'NONE',  ( -2.674718273331034200, 0.9966906513126543300, 2.317135419288172100 ) ) ;
#2415 = DIRECTION ( 'NONE',  ( -0.7071067811867075600, 0.0000000000000000000, -0.7071067811863873700 ) ) ;
#2416 = ORIENTED_EDGE ( 'NONE', *, *, #447, .T. ) ;
#2417 = FACE_OUTER_BOUND ( 'NONE', #1529, .T. ) ;
#2418 = ORIENTED_EDGE ( 'NONE', *, *, #158, .F. ) ;
#2419 = ORIENTED_EDGE ( 'NONE', *, *, #454, .T. ) ;
#2420 = CARTESIAN_POINT ( 'NONE',  ( 2.571090194629101600, 1.094165267273312200, -2.201895891117744000 ) ) ;
#2421 = AXIS2_PLACEMENT_3D ( 'NONE', #4202, #2501, #5376 ) ;
#2423 = ORIENTED_EDGE ( 'NONE', *, *, #3249, .F. ) ;
#2422 = LINE ( 'NONE', #6016, #394 ) ;
#2424 = EDGE_CURVE ( 'NONE', #6526, #6698, #2444, .T. ) ;
#2425 = VERTEX_POINT ( 'NONE', #5448 ) ;
#2426 = DIRECTION ( 'NONE',  ( -0.0000000000000000000, -1.000000000000000000, 0.0000000000000000000 ) ) ;
#2427 = CARTESIAN_POINT ( 'NONE',  ( 2.750000000000064400, 0.3000000000000000400, -2.159999999999909500 ) ) ;
#2428 = FACE_OUTER_BOUND ( 'NONE', #941, .T. ) ;
#2429 = CARTESIAN_POINT ( 'NONE',  ( -2.750000000000012400, 4.944146853836610200, -0.8899999999999823600 ) ) ;
#2430 = DIRECTION ( 'NONE',  ( 3.649591788769628400E-016, 0.9945218953682734000, -0.1045284632676537100 ) ) ;
#2431 = EDGE_CURVE ( 'NONE', #1847, #5383, #2778, .T. ) ;
#2432 = CARTESIAN_POINT ( 'NONE',  ( -2.800000000000006900, 0.2999999999999999300, 0.4299999999999900600 ) ) ;
#2433 = EDGE_CURVE ( 'NONE', #2032, #2847, #2436, .T. ) ;
#2434 = FACE_OUTER_BOUND ( 'NONE', #2048, .T. ) ;
#2435 = DIRECTION ( 'NONE',  ( -1.000000000000000000, 0.0000000000000000000, 1.331179923943306900E-013 ) ) ;
#2436 = LINE ( 'NONE', #3807, #4939 ) ;
#2437 = EDGE_LOOP ( 'NONE', ( #5095, #126, #5842, #3069, #3958, #6128, #2406, #3693, #7371, #3748, #3650, #6135, #4521, #6649, #4226, #2121, #6893, #2991, #5805, #1711, #2281, #7019, #6124, #5695, #2657, #6286 ) ) ;
#2438 = VECTOR ( 'NONE', #1360, 1000.000000000000000 ) ;
#2439 = CARTESIAN_POINT ( 'NONE',  ( 3.000000000000039100, 4.944146853836610200, 0.4299999999999824500 ) ) ;
#2440 = ORIENTED_EDGE ( 'NONE', *, *, #5243, .T. ) ;
#2441 = FACE_OUTER_BOUND ( 'NONE', #1801, .T. ) ;
#2442 = LINE ( 'NONE', #1751, #3334 ) ;
#2443 = ORIENTED_EDGE ( 'NONE', *, *, #447, .F. ) ;
#2444 = LINE ( 'NONE', #4361, #4316 ) ;
#2445 = CARTESIAN_POINT ( 'NONE',  ( -2.728085108289644500, 0.9972429759531320500, 2.269356198395125400 ) ) ;
#2446 = EDGE_CURVE ( 'NONE', #5378, #4934, #406, .T. ) ;
#2447 = ADVANCED_FACE ( 'NONE', ( #7098 ), #6684, .F. ) ;
#2448 = DIRECTION ( 'NONE',  ( -3.491481338843133400E-015, 0.0000000000000000000, 1.000000000000000000 ) ) ;
#2449 = VERTEX_POINT ( 'NONE', #436 ) ;
#2450 = ORIENTED_EDGE ( 'NONE', *, *, #3535, .F. ) ;
#2451 = LINE ( 'NONE', #4376, #5483 ) ;
#2452 = EDGE_LOOP ( 'NONE', ( #6685, #4683, #1949, #4620 ) ) ;
#2453 = B_SPLINE_CURVE_WITH_KNOTS ( 'NONE', 3,
 ( #1951, #3101, #248, #2483 ),
 .UNSPECIFIED., .F., .F.,
 ( 4, 4 ),
 ( -0.0006060836562157262800, 0.0000000000000000000 ),
 .UNSPECIFIED. ) ;
#2454 = DIRECTION ( 'NONE',  ( -1.000000000000000000, 0.0000000000000000000, -3.491481338843133400E-015 ) ) ;
#2455 = DIRECTION ( 'NONE',  ( -1.000000000000000000, 0.0000000000000000000, -8.154716489318411500E-015 ) ) ;
#2456 = ORIENTED_EDGE ( 'NONE', *, *, #4364, .T. ) ;
#2457 = CARTESIAN_POINT ( 'NONE',  ( 2.489999999999998000, 0.0000000000000000000, 0.8899999999999449500 ) ) ;
#2458 = VECTOR ( 'NONE', #6859, 1000.000000000000000 ) ;
#2459 = VECTOR ( 'NONE', #3953, 1000.000000000000000 ) ;
#2460 = CARTESIAN_POINT ( 'NONE',  ( -2.389999999999953500, 0.2999999999999999300, -0.3799999999999847400 ) ) ;
#2461 = VERTEX_POINT ( 'NONE', #4933 ) ;
#2462 =( GEOMETRIC_REPRESENTATION_CONTEXT ( 3 ) GLOBAL_UNCERTAINTY_ASSIGNED_CONTEXT ( ( #2856 ) ) GLOBAL_UNIT_ASSIGNED_CONTEXT ( ( #5690, #1674, #3360 ) ) REPRESENTATION_CONTEXT ( 'NONE', 'WORKASPACE' ) );
#2463 = DIRECTION ( 'NONE',  ( 1.000000000000000000, 0.0000000000000000000, 3.491481338843127000E-015 ) ) ;
#2464 = CARTESIAN_POINT ( 'NONE',  ( -0.6500000000000054600, 0.2999999999999999300, 1.904999999999900600 ) ) ;
#2465 = DIRECTION ( 'NONE',  ( -7.965007296709267300E-014, 0.0000000000000000000, 1.000000000000000000 ) ) ;
#2466 = CARTESIAN_POINT ( 'NONE',  ( -2.800000000000009100, 0.3000000000000016500, 0.8399999999999627800 ) ) ;
#2467 = VECTOR ( 'NONE', #5390, 1000.000000000000000 ) ;
#2468 = ORIENTED_EDGE ( 'NONE', *, *, #3051, .F. ) ;
#2469 = CARTESIAN_POINT ( 'NONE',  ( -2.389999999999955300, 0.3000000000000000400, -0.8899999999999824700 ) ) ;
#2470 = CARTESIAN_POINT ( 'NONE',  ( -2.772156995532810300, 0.9920075539407815500, 2.174049330299034000 ) ) ;
#2471 = CARTESIAN_POINT ( 'NONE',  ( -2.632132624743334800, 0.9107342042671329200, -2.380576344959856700 ) ) ;
#2472 = ORIENTED_EDGE ( 'NONE', *, *, #5884, .T. ) ;
#2473 = ORIENTED_EDGE ( 'NONE', *, *, #2672, .T. ) ;
#2474 = EDGE_CURVE ( 'NONE', #5238, #1539, #879, .T. ) ;
#2475 = CARTESIAN_POINT ( 'NONE',  ( -0.6500000000000070200, 0.3000000000000000400, 2.109999999999897300 ) ) ;
#2476 = VECTOR ( 'NONE', #1255, 1000.000000000000000 ) ;
#2477 = DIRECTION ( 'NONE',  ( 1.839926121052111000E-014, 0.0000000000000000000, -1.000000000000000000 ) ) ;
#2478 = CARTESIAN_POINT ( 'NONE',  ( 2.490000000000006400, 0.3000000000000000400, -1.649999999999908900 ) ) ;
#2479 = CARTESIAN_POINT ( 'NONE',  ( -2.800000000000017600, 0.2999999999999999300, -1.699999999999927600 ) ) ;
#2480 = ADVANCED_FACE ( 'NONE', ( #588 ), #2134, .T. ) ;
#2481 = EDGE_CURVE ( 'NONE', #6521, #6774, #5939, .T. ) ;
#2482 = DIRECTION ( 'NONE',  ( -3.491481338843133400E-015, 0.0000000000000000000, 1.000000000000000000 ) ) ;
#2483 = CARTESIAN_POINT ( 'NONE',  ( -2.875000000000008400, 0.3000000000000000400, 2.449999999999990400 ) ) ;
#2484 = DIRECTION ( 'NONE',  ( -1.000000000000000000, 0.0000000000000000000, -3.491481338843133400E-015 ) ) ;
#2485 = LINE ( 'NONE', #1692, #281 ) ;
#2486 = PLANE ( 'NONE',  #3482 ) ;
#2487 = EDGE_CURVE ( 'NONE', #5479, #2279, #1018, .T. ) ;
#2488 = EDGE_CURVE ( 'NONE', #2510, #6827, #5758, .T. ) ;
#2489 = CARTESIAN_POINT ( 'NONE',  ( -2.779006530100736100, 0.9147751259822745100, 2.272483728685927400 ) ) ;
#2490 = VECTOR ( 'NONE', #6226, 1000.000000000000000 ) ;
#2491 = ORIENTED_EDGE ( 'NONE', *, *, #287, .T. ) ;
#2492 = VERTEX_POINT ( 'NONE', #3764 ) ;
#2493 = CARTESIAN_POINT ( 'NONE',  ( -2.774096924046467500, 0.9909316074636536100, -2.161891725155386200 ) ) ;
#2494 = LINE ( 'NONE', #2920, #3472 ) ;
#2495 = LINE ( 'NONE', #4429, #822 ) ;
#2496 = ORIENTED_EDGE ( 'NONE', *, *, #3483, .F. ) ;
#2497 = DIRECTION ( 'NONE',  ( -0.0000000000000000000, -1.000000000000000000, 0.0000000000000000000 ) ) ;
#2498 = CARTESIAN_POINT ( 'NONE',  ( 0.5499999999994233900, 0.05000000000000000300, 0.5499999999996801900 ) ) ;
#2499 = PRODUCT_CONTEXT ( 'NONE', #5419, 'mechanical' ) ;
#2500 = CARTESIAN_POINT ( 'NONE',  ( -2.800000000000014000, 0.3000000000000016500, -0.4299999999999822900 ) ) ;
#2501 = DIRECTION ( 'NONE',  ( -0.7071067811860651800, 0.0000000000000000000, -0.7071067811870299600 ) ) ;
#2502 = SURFACE_STYLE_FILL_AREA ( #2625 ) ;
#2503 = ORIENTED_EDGE ( 'NONE', *, *, #6265, .T. ) ;
#2504 = PLANE ( 'NONE',  #7177 ) ;
#2505 = CARTESIAN_POINT ( 'NONE',  ( 2.750000000000012900, 0.3000000000000000400, -0.8899999999999244100 ) ) ;
#2506 = CARTESIAN_POINT ( 'NONE',  ( 2.490000000000001500, 0.2999999999999999300, -0.2499999999999913400 ) ) ;
#2507 = ORIENTED_EDGE ( 'NONE', *, *, #706, .F. ) ;
#2508 = LINE ( 'NONE', #5170, #1089 ) ;
#2509 = ORIENTED_EDGE ( 'NONE', *, *, #3476, .F. ) ;
#2510 = VERTEX_POINT ( 'NONE', #4888 ) ;
#2511 = DIRECTION ( 'NONE',  ( -3.491481338843133400E-015, 0.0000000000000000000, 1.000000000000000000 ) ) ;
#2512 = CARTESIAN_POINT ( 'NONE',  ( -2.586313168728654200, 0.9335502147068504000, -2.378412428281341500 ) ) ;
#2513 = ADVANCED_FACE ( 'NONE', ( #4696 ), #3222, .F. ) ;
#2514 = CARTESIAN_POINT ( 'NONE',  ( -2.654685053800879000, 0.9418288341796966500, -2.361689075092939100 ) ) ;
#2515 = FACE_OUTER_BOUND ( 'NONE', #6778, .T. ) ;
#2516 = FACE_OUTER_BOUND ( 'NONE', #7035, .T. ) ;
#2517 = VERTEX_POINT ( 'NONE', #4381 ) ;
#2518 = LINE ( 'NONE', #4928, #7002 ) ;
#2519 = AXIS2_PLACEMENT_3D ( 'NONE', #6037, #2579, #887 ) ;
#2520 = EDGE_CURVE ( 'NONE', #1480, #5963, #3150, .T. ) ;
#2521 = CARTESIAN_POINT ( 'NONE',  ( 2.750000000000020900, 4.944146853836610200, 2.159999999999888700 ) ) ;
#2522 = LINE ( 'NONE', #6985, #3237 ) ;
#2523 = VECTOR ( 'NONE', #409, 1000.000000000000000 ) ;
#2524 = ORIENTED_EDGE ( 'NONE', *, *, #2752, .F. ) ;
#2525 = DIRECTION ( 'NONE',  ( 0.7071067811864902900, 0.0000000000000000000, -0.7071067811866048600 ) ) ;
#2526 = VECTOR ( 'NONE', #3355, 1000.000000000000000 ) ;
#2527 = EDGE_CURVE ( 'NONE', #4210, #5575, #852, .T. ) ;
#2528 = DIRECTION ( 'NONE',  ( -3.491481338843133400E-015, 0.0000000000000000000, 1.000000000000000000 ) ) ;
#2529 = EDGE_CURVE ( 'NONE', #2425, #7023, #1924, .T. ) ;
#2530 = CARTESIAN_POINT ( 'NONE',  ( -0.9969999999999926700, 0.2999999999999999300, -2.109999999999901300 ) ) ;
#2531 = CARTESIAN_POINT ( 'NONE',  ( -2.800000000000014000, 0.0000000000000000000, -0.4299999999999822900 ) ) ;
#2532 = ORIENTED_EDGE ( 'NONE', *, *, #2860, .T. ) ;
#2533 = PLANE ( 'NONE',  #5311 ) ;
#2535 = ORIENTED_EDGE ( 'NONE', *, *, #4532, .F. ) ;
#2534 = LINE ( 'NONE', #1898, #499 ) ;
#2536 = VECTOR ( 'NONE', #6759, 1000.000000000000000 ) ;
#2537 = ORIENTED_EDGE ( 'NONE', *, *, #4553, .T. ) ;
#2538 = ORIENTED_EDGE ( 'NONE', *, *, #6629, .F. ) ;
#2539 = VECTOR ( 'NONE', #1253, 1000.000000000000000 ) ;
#2540 = LINE ( 'NONE', #3980, #4873 ) ;
#2541 = EDGE_CURVE ( 'NONE', #5107, #4583, #5118, .T. ) ;
#2542 = EDGE_LOOP ( 'NONE', ( #6673, #1084, #212, #7276 ) ) ;
#2543 = CARTESIAN_POINT ( 'NONE',  ( -2.590648449826642000, 0.9069355804458126800, -2.386036165606187300 ) ) ;
#2544 = LINE ( 'NONE', #2648, #2365 ) ;
#2545 = ORIENTED_EDGE ( 'NONE', *, *, #2659, .F. ) ;
#2546 = DIRECTION ( 'NONE',  ( -1.000000000000000000, 0.0000000000000000000, 7.199956750943201700E-015 ) ) ;
#2547 = ORIENTED_EDGE ( 'NONE', *, *, #3012, .T. ) ;
#2548 = CARTESIAN_POINT ( 'NONE',  ( 1.375000000000000000, 1.060000000000000100, 4.800786840909308400E-015 ) ) ;
#2549 = CARTESIAN_POINT ( 'NONE',  ( -2.875000000000008900, 0.3000000000000000400, 2.449999999999990400 ) ) ;
#2550 = DIRECTION ( 'NONE',  ( -1.000000000000000000, 0.0000000000000000000, -3.491481338843133400E-015 ) ) ;
#2551 = ADVANCED_FACE ( 'NONE', ( #6716 ), #413, .T. ) ;
#2552 = PRESENTATION_LAYER_ASSIGNMENT (  '', '', ( #6381 ) ) ;
#2553 = CARTESIAN_POINT ( 'NONE',  ( -2.606172217250122700, 1.100000000000000300, 2.144300599927144700 ) ) ;
#2554 = CARTESIAN_POINT ( 'NONE',  ( 2.750000000000038200, 4.944146853836610200, 0.3799999999999814100 ) ) ;
#2555 = VERTEX_POINT ( 'NONE', #5020 ) ;
#2556 = ORIENTED_EDGE ( 'NONE', *, *, #2757, .T. ) ;
#2557 = VERTEX_POINT ( 'NONE', #474 ) ;
#2558 = CARTESIAN_POINT ( 'NONE',  ( -1.986849342912517200E-014, 0.05000000000000000300, -1.699999999999960200 ) ) ;
#2559 = CARTESIAN_POINT ( 'NONE',  ( -2.768036621828478400, 0.8858387019321908300, -2.301047558051711600 ) ) ;
#2560 = CARTESIAN_POINT ( 'NONE',  ( 2.605777733155132400, 0.8780125005808374600, 2.388845114776150200 ) ) ;
#2561 = PLANE ( 'NONE',  #4865 ) ;
#2562 = LINE ( 'NONE', #1800, #7052 ) ;
#2563 = EDGE_CURVE ( 'NONE', #6991, #2831, #6363, .T. ) ;
#2564 = DIRECTION ( 'NONE',  ( 0.0000000000000000000, -1.000000000000000000, 0.0000000000000000000 ) ) ;
#2565 = SURFACE_STYLE_USAGE ( .BOTH. , #6002 ) ;
#2566 = AXIS2_PLACEMENT_3D ( 'NONE', #5651, #3991, #4565 ) ;
#2567 = LINE ( 'NONE', #5684, #6231 ) ;
#2568 = CARTESIAN_POINT ( 'NONE',  ( -2.573001159051125700, 0.8077660949809754000, 2.396631632893176700 ) ) ;
#2569 = CARTESIAN_POINT ( 'NONE',  ( 2.489999999999995800, 4.944146853836610200, 1.649999999999926200 ) ) ;
#2570 = ORIENTED_EDGE ( 'NONE', *, *, #3386, .T. ) ;
#2571 = MECHANICAL_DESIGN_GEOMETRIC_PRESENTATION_REPRESENTATION (  '', ( #1836 ), #7046 ) ;
#2572 = CARTESIAN_POINT ( 'NONE',  ( -2.696807789843095500, 1.065113777417914500, 2.152062144647467700 ) ) ;
#2573 = CARTESIAN_POINT ( 'NONE',  ( -2.389999999999962800, 0.0000000000000000000, -2.159999999999928600 ) ) ;
#2574 = LINE ( 'NONE', #2914, #3376 ) ;
#2575 = LINE ( 'NONE', #5051, #5620 ) ;
#2576 = EDGE_CURVE ( 'NONE', #5432, #7208, #2699, .T. ) ;
#2577 = ORIENTED_EDGE ( 'NONE', *, *, #7314, .F. ) ;
#2578 = VERTEX_POINT ( 'NONE', #1610 ) ;
#2579 = DIRECTION ( 'NONE',  ( -3.491481338843133400E-015, 0.0000000000000000000, 1.000000000000000000 ) ) ;
#2580 = DIRECTION ( 'NONE',  ( 0.0000000000000000000, 1.000000000000000000, 0.0000000000000000000 ) ) ;
#2581 = PLANE ( 'NONE',  #4831 ) ;
#2582 = ADVANCED_FACE ( 'NONE', ( #768 ), #3298, .T. ) ;
#2583 = ORIENTED_EDGE ( 'NONE', *, *, #5515, .F. ) ;
#2584 = CARTESIAN_POINT ( 'NONE',  ( -2.654730755358414700, 1.074261574274779900, -2.210303057799688300 ) ) ;
#2585 = CARTESIAN_POINT ( 'NONE',  ( 2.630072234572117000, 0.9401913197691802400, 2.370544423821776100 ) ) ;
#2586 = CARTESIAN_POINT ( 'NONE',  ( 2.749999999999999100, 0.3000000000000000400, 1.649999999999850700 ) ) ;
#2587 = ORIENTED_EDGE ( 'NONE', *, *, #1676, .F. ) ;
#2588 = FACE_OUTER_BOUND ( 'NONE', #6062, .T. ) ;
#2589 = EDGE_CURVE ( 'NONE', #282, #4317, #2883, .T. ) ;
#2590 = ORIENTED_EDGE ( 'NONE', *, *, #5217, .F. ) ;
#2591 = DIRECTION ( 'NONE',  ( 1.000000000000000000, 0.0000000000000000000, 1.481907712820748700E-013 ) ) ;
#2592 = ORIENTED_EDGE ( 'NONE', *, *, #928, .F. ) ;
#2593 = CARTESIAN_POINT ( 'NONE',  ( -1.090000000000007200, 0.3000000000000000400, 2.109999999999895500 ) ) ;
#2594 = LINE ( 'NONE', #3792, #2771 ) ;
#2595 = DIRECTION ( 'NONE',  ( 0.0000000000000000000, -1.000000000000000000, 0.0000000000000000000 ) ) ;
#2596 = VERTEX_POINT ( 'NONE', #6772 ) ;
#2597 = DIRECTION ( 'NONE',  ( 1.867031175364252700E-014, 0.0000000000000000000, -1.000000000000000000 ) ) ;
#2598 = FACE_OUTER_BOUND ( 'NONE', #4459, .T. ) ;
#2599 = LINE ( 'NONE', #2531, #1469 ) ;
#2600 = EDGE_LOOP ( 'NONE', ( #1793, #7037 ) ) ;
#2601 = LINE ( 'NONE', #7016, #7092 ) ;
#2602 = CARTESIAN_POINT ( 'NONE',  ( -0.6500000000000070200, 0.3000000000000000400, 2.109999999999897300 ) ) ;
#2603 = DIRECTION ( 'NONE',  ( 1.000000000000000000, 0.0000000000000000000, 3.841223975128798700E-015 ) ) ;
#2604 = CARTESIAN_POINT ( 'NONE',  ( -2.697477367130782800, 1.058328151577152300, -2.191626568816049200 ) ) ;
#2605 = CARTESIAN_POINT ( 'NONE',  ( 2.587009817579240900, 0.9065729647699593000, 2.386246612405028800 ) ) ;
#2606 = ORIENTED_EDGE ( 'NONE', *, *, #5594, .F. ) ;
#2607 = ORIENTED_EDGE ( 'NONE', *, *, #1369, .F. ) ;
#2608 = CARTESIAN_POINT ( 'NONE',  ( -0.9969999999999926700, 4.944146853836610200, -2.109999999999901300 ) ) ;
#2609 = VECTOR ( 'NONE', #4707, 1000.000000000000000 ) ;
#2610 = LINE ( 'NONE', #2832, #1562 ) ;
#2611 = ORIENTED_EDGE ( 'NONE', *, *, #2911, .T. ) ;
#2612 = EDGE_CURVE ( 'NONE', #3845, #819, #3674, .T. ) ;
#2613 = DIRECTION ( 'NONE',  ( 0.0000000000000000000, 1.000000000000000000, 0.0000000000000000000 ) ) ;
#2614 = PLANE ( 'NONE',  #2838 ) ;
#2615 = CARTESIAN_POINT ( 'NONE',  ( 2.576011395140712900, 1.072277086138961000, 2.258883852877799500 ) ) ;
#2616 = EDGE_LOOP ( 'NONE', ( #1303, #7396, #7298, #7021 ) ) ;
#2617 = ORIENTED_EDGE ( 'NONE', *, *, #4347, .T. ) ;
#2618 = LINE ( 'NONE', #3590, #772 ) ;
#2619 = EDGE_LOOP ( 'NONE', ( #5297, #3626, #2638, #3619 ) ) ;
#2620 = EDGE_CURVE ( 'NONE', #299, #1706, #6281, .T. ) ;
#2621 = PLANE ( 'NONE',  #3374 ) ;
#2622 = ADVANCED_FACE ( 'NONE', ( #6013 ), #4962, .F. ) ;
#2623 = EDGE_CURVE ( 'NONE', #4779, #1894, #3328, .T. ) ;
#2624 = DIRECTION ( 'NONE',  ( 9.006275849671552300E-017, 0.0000000000000000000, -1.000000000000000000 ) ) ;
#2625 = FILL_AREA_STYLE ('',( #5424 ) ) ;
#2626 = LINE ( 'NONE', #1311, #4958 ) ;
#2627 = LINE ( 'NONE', #1629, #3520 ) ;
#2628 = PLANE ( 'NONE',  #691 ) ;
#2629 = ORIENTED_EDGE ( 'NONE', *, *, #5669, .F. ) ;
#2630 = CARTESIAN_POINT ( 'NONE',  ( 2.750000000000039500, 0.3000000000000000400, -1.649999999999908700 ) ) ;
#2631 = DIRECTION ( 'NONE',  ( -1.000000000000000000, 0.0000000000000000000, 9.518944730982916700E-015 ) ) ;
#2632 = CARTESIAN_POINT ( 'NONE',  ( -2.584928781463300000, 1.015578269441923100, -2.330350376275121400 ) ) ;
#2633 = CARTESIAN_POINT ( 'NONE',  ( 2.586891734489384500, 0.9909316085069037600, 2.349096924319679300 ) ) ;
#2634 = VERTEX_POINT ( 'NONE', #3813 ) ;
#2635 = CARTESIAN_POINT ( 'NONE',  ( -0.7429999999999907800, 4.944146853836610200, -2.450000000000002800 ) ) ;
#2636 = CARTESIAN_POINT ( 'NONE',  ( 2.710280226771526000, 1.056305036604360000, 2.154262904760917900 ) ) ;
#2637 = APPLICATION_CONTEXT ( 'automotive_design' ) ;
#2638 = ORIENTED_EDGE ( 'NONE', *, *, #4968, .T. ) ;
#2639 = CARTESIAN_POINT ( 'NONE',  ( -2.750000000000000900, 0.3000000000000000400, 0.8899999999999627100 ) ) ;
#2640 = ORIENTED_EDGE ( 'NONE', *, *, #6136, .F. ) ;
#2641 = CARTESIAN_POINT ( 'NONE',  ( -1.089999999999993000, 4.944146853836610200, -2.109999999999902200 ) ) ;
#2642 = ORIENTED_EDGE ( 'NONE', *, *, #5837, .T. ) ;
#2643 = CARTESIAN_POINT ( 'NONE',  ( -2.774942997335993600, 0.9878907358489461600, 2.158857514185287000 ) ) ;
#2644 = DIRECTION ( 'NONE',  ( 1.000000000000000000, -0.0000000000000000000, -1.412078086043886200E-013 ) ) ;
#2645 = CARTESIAN_POINT ( 'NONE',  ( -2.800000000000004700, 0.3000000000000000400, 2.109999999999907500 ) ) ;
#2646 = COLOUR_RGB ( '',0.7921568627450980000, 0.8196078431372548800, 0.9333333333333333500 ) ;
#2647 = CARTESIAN_POINT ( 'NONE',  ( 2.489999999999994000, 0.0000000000000000000, -0.3799999999999254500 ) ) ;
#2648 = CARTESIAN_POINT ( 'NONE',  ( 2.750000000000039500, 4.944146853836610200, -1.649999999999908700 ) ) ;
#2649 = EDGE_LOOP ( 'NONE', ( #1932, #1939, #2941, #1759 ) ) ;
#2650 = AXIS2_PLACEMENT_3D ( 'NONE', #3424, #2350, #4618 ) ;
#2651 = CARTESIAN_POINT ( 'NONE',  ( -2.749999999999996400, 4.944146853836610200, -0.3799999999999820200 ) ) ;
#2652 = ADVANCED_FACE ( 'NONE', ( #5025 ), #7355, .F. ) ;
#2653 = CARTESIAN_POINT ( 'NONE',  ( -2.583544915649620400, 1.015484007411787000, -2.330675684515377100 ) ) ;
#2654 = CARTESIAN_POINT ( 'NONE',  ( 2.654685053780768900, 0.9418288341810787700, 2.361689075107186800 ) ) ;
#2655 = EDGE_CURVE ( 'NONE', #7156, #4491, #4786, .T. ) ;
#2656 = CIRCLE ( 'NONE', #5010, 0.5999999999999999800 ) ;
#2657 = ORIENTED_EDGE ( 'NONE', *, *, #2487, .F. ) ;
#2658 = ORIENTED_EDGE ( 'NONE', *, *, #4454, .T. ) ;
#2659 = EDGE_CURVE ( 'NONE', #4747, #4210, #1398, .T. ) ;
#2660 = ORIENTED_EDGE ( 'NONE', *, *, #3529, .T. ) ;
#2661 = EDGE_CURVE ( 'NONE', #4516, #1024, #2275, .T. ) ;
#2662 = DIRECTION ( 'NONE',  ( -7.478262672352445800E-014, 0.0000000000000000000, -1.000000000000000000 ) ) ;
#2663 = CARTESIAN_POINT ( 'NONE',  ( 2.596424261741088200, 1.100000000000000100, 2.143458814361286700 ) ) ;
#2664 = DIRECTION ( 'NONE',  ( 3.182066876654327600E-016, 0.0000000000000000000, -1.000000000000000000 ) ) ;
#2665 = LINE ( 'NONE', #6712, #547 ) ;
#2666 = VECTOR ( 'NONE', #7158, 1000.000000000000000 ) ;
#2667 = ORIENTED_EDGE ( 'NONE', *, *, #4305, .T. ) ;
#2668 = AXIS2_PLACEMENT_3D ( 'NONE', #4728, #174, #4178 ) ;
#2669 = CARTESIAN_POINT ( 'NONE',  ( -2.587284338101318000, 0.8761377525753096800, 2.389445482107877900 ) ) ;
#2670 = ORIENTED_EDGE ( 'NONE', *, *, #636, .F. ) ;
#2671 = DIRECTION ( 'NONE',  ( 0.0000000000000000000, -1.000000000000000000, 0.0000000000000000000 ) ) ;
#2672 = EDGE_CURVE ( 'NONE', #767, #3826, #54, .T. ) ;
#2673 = VECTOR ( 'NONE', #415, 1000.000000000000000 ) ;
#2674 = LINE ( 'NONE', #4121, #6071 ) ;
#2675 = ORIENTED_EDGE ( 'NONE', *, *, #2222, .T. ) ;
#2676 = CARTESIAN_POINT ( 'NONE',  ( 2.750000000000006700, 4.944146853836610200, 0.8899999999999437300 ) ) ;
#2677 = CARTESIAN_POINT ( 'NONE',  ( 0.0000000000000000000, 0.0000000000000000000, 0.0000000000000000000 ) ) ;
#2678 = CARTESIAN_POINT ( 'NONE',  ( -2.710013233519381600, 1.056357375423520900, -2.155268501614320700 ) ) ;
#2679 = DIRECTION ( 'NONE',  ( 0.7071067811865536800, 0.0000000000000000000, -0.7071067811865412400 ) ) ;
#2681 = ORIENTED_EDGE ( 'NONE', *, *, #2431, .F. ) ;
#2680 = VECTOR ( 'NONE', #1952, 1000.000000000000000 ) ;
#2682 = VERTEX_POINT ( 'NONE', #1647 ) ;
#2683 = LINE ( 'NONE', #5223, #4214 ) ;
#2684 = AXIS2_PLACEMENT_3D ( 'NONE', #2630, #388, #2042 ) ;
#2685 = ORIENTED_EDGE ( 'NONE', *, *, #3809, .F. ) ;
#2686 = CARTESIAN_POINT ( 'NONE',  ( 2.477479412184235800E-015, 0.05000000000000000300, -0.8399999999999714400 ) ) ;
#2687 = CARTESIAN_POINT ( 'NONE',  ( 2.678592512818064100, 1.073238614187254300, 2.170496226407840500 ) ) ;
#2688 = VECTOR ( 'NONE', #6333, 1000.000000000000000 ) ;
#2689 = LINE ( 'NONE', #223, #4135 ) ;
#2690 = ORIENTED_EDGE ( 'NONE', *, *, #497, .F. ) ;
#2691 = VECTOR ( 'NONE', #1634, 1000.000000000000000 ) ;
#2692 = DIRECTION ( 'NONE',  ( 2.531864063853214100E-015, 0.0000000000000000000, 1.000000000000000000 ) ) ;
#2693 = ADVANCED_FACE ( 'NONE', ( #1999 ), #6750, .T. ) ;
#2694 = DIRECTION ( 'NONE',  ( -0.7071067811865531200, 0.0000000000000000000, 0.7071067811865420200 ) ) ;
#2695 = ORIENTED_EDGE ( 'NONE', *, *, #1675, .F. ) ;
#2696 = LINE ( 'NONE', #2118, #1920 ) ;
#2697 = FACE_OUTER_BOUND ( 'NONE', #2649, .T. ) ;
#2698 = ORIENTED_EDGE ( 'NONE', *, *, #558, .T. ) ;
#2699 = LINE ( 'NONE', #6710, #4862 ) ;
#2700 = AXIS2_PLACEMENT_3D ( 'NONE', #3561, #4074, #5331 ) ;
#2701 = DIRECTION ( 'NONE',  ( 0.7071067811871001300, 0.0000000000000000000, 0.7071067811859949000 ) ) ;
#2702 = ORIENTED_EDGE ( 'NONE', *, *, #1004, .T. ) ;
#2704 = VERTEX_POINT ( 'NONE', #3277 ) ;
#2703 = LINE ( 'NONE', #2983, #7354 ) ;
#2705 = DIRECTION ( 'NONE',  ( -0.7071067811867125500, 0.0000000000000000000, 0.7071067811863825900 ) ) ;
#2706 = VECTOR ( 'NONE', #1657, 1000.000000000000000 ) ;
#2707 = ORIENTED_EDGE ( 'NONE', *, *, #4829, .F. ) ;
#2708 = CARTESIAN_POINT ( 'NONE',  ( 2.750000000000006700, 0.0000000000000000000, 0.8899999999999437300 ) ) ;
#2709 = DIRECTION ( 'NONE',  ( -1.000000000000000000, 0.0000000000000000000, -2.920848616482327200E-015 ) ) ;
#2710 = ORIENTED_EDGE ( 'NONE', *, *, #3105, .F. ) ;
#2711 = AXIS2_PLACEMENT_3D ( 'NONE', #172, #1848, #677 ) ;
#2712 = ORIENTED_EDGE ( 'NONE', *, *, #4969, .F. ) ;
#2713 = ORIENTED_EDGE ( 'NONE', *, *, #4217, .F. ) ;
#2714 = FACE_OUTER_BOUND ( 'NONE', #6784, .T. ) ;
#2715 = VECTOR ( 'NONE', #3899, 1000.000000000000000 ) ;
#2716 = AXIS2_PLACEMENT_3D ( 'NONE', #1149, #5087, #6293 ) ;
#2717 = CARTESIAN_POINT ( 'NONE',  ( -2.814446074555074800, 0.8761321158169127500, 2.162286107418065900 ) ) ;
#2718 = CARTESIAN_POINT ( 'NONE',  ( 2.596392511324871100, 1.100000000000000100, 2.143654174339865400 ) ) ;
#2719 = DIRECTION ( 'NONE',  ( 0.7071067811865530100, 0.0000000000000000000, -0.7071067811865421300 ) ) ;
#2720 = EDGE_CURVE ( 'NONE', #5224, #4747, #5389, .T. ) ;
#2721 = LINE ( 'NONE', #546, #7114 ) ;
#2722 = EDGE_CURVE ( 'NONE', #1480, #2357, #3509, .T. ) ;
#2723 = CARTESIAN_POINT ( 'NONE',  ( 2.749999999999999100, 0.3000000000000000400, 1.649999999999850700 ) ) ;
#2724 = UNCERTAINTY_MEASURE_WITH_UNIT (LENGTH_MEASURE( 1.000000000000000100E-005 ), #3766, 'distance_accuracy_value', 'NONE');
#2725 = CARTESIAN_POINT ( 'NONE',  ( -2.749999999999981800, 4.944146853836610200, 2.159999999999908200 ) ) ;
#2726 = ORIENTED_EDGE ( 'NONE', *, *, #1019, .T. ) ;
#2727 = DIRECTION ( 'NONE',  ( 1.000000000000000000, -0.0000000000000000000, -1.331179923943306900E-013 ) ) ;
#2728 = ADVANCED_FACE ( 'NONE', ( #1219 ), #978, .F. ) ;
#2729 = DIRECTION ( 'NONE',  ( 0.7071067811867076700, 0.0000000000000000000, 0.7071067811863873700 ) ) ;
#2730 = CARTESIAN_POINT ( 'NONE',  ( -2.814446074555074800, 0.8761321158169127500, 2.162286107418065900 ) ) ;
#2731 = EDGE_CURVE ( 'NONE', #1124, #1211, #1640, .T. ) ;
#2732 = CARTESIAN_POINT ( 'NONE',  ( -2.621374133132676300, 1.094455121249999800, 2.161732617521012300 ) ) ;
#2733 = CARTESIAN_POINT ( 'NONE',  ( -2.874999999999991100, 0.05000000000000000300, -2.450000000000010400 ) ) ;
#2734 = CARTESIAN_POINT ( 'NONE',  ( 2.565815600712991100, 1.100000000000000100, 2.140815600713008600 ) ) ;
#2735 = VERTEX_POINT ( 'NONE', #5001 ) ;
#2736 = FACE_OUTER_BOUND ( 'NONE', #3427, .T. ) ;
#2737 = CARTESIAN_POINT ( 'NONE',  ( -0.9969999999999926700, 0.3000000000000000400, -2.109999999999901300 ) ) ;
#2738 = CARTESIAN_POINT ( 'NONE',  ( -0.6499999999999928100, 0.2999999999999999300, -2.109999999999900400 ) ) ;
#2739 = CARTESIAN_POINT ( 'NONE',  ( -2.390000000000006300, 4.944146853836610200, 2.159999999999909100 ) ) ;
#2740 = VECTOR ( 'NONE', #793, 1000.000000000000000 ) ;
#2741 = ADVANCED_FACE ( 'NONE', ( #7269 ), #1549, .T. ) ;
#2742 = VERTEX_POINT ( 'NONE', #5607 ) ;
#2743 = ORIENTED_EDGE ( 'NONE', *, *, #4837, .F. ) ;
#2744 = DIRECTION ( 'NONE',  ( -1.000000000000000000, 0.0000000000000000000, 9.518944730982916700E-015 ) ) ;
#2745 = DIRECTION ( 'NONE',  ( -1.000000000000000000, 0.0000000000000000000, 7.395515293930508900E-016 ) ) ;
#2746 = CARTESIAN_POINT ( 'NONE',  ( 2.750000000000038200, 0.2999999999999999300, 0.3799999999999814100 ) ) ;
#2747 = AXIS2_PLACEMENT_3D ( 'NONE', #3689, #897, #3173 ) ;
#2748 = DIRECTION ( 'NONE',  ( -1.481907712820748700E-013, 0.0000000000000000000, 1.000000000000000000 ) ) ;
#2749 = LINE ( 'NONE', #5032, #5775 ) ;
#2750 = ORIENTED_EDGE ( 'NONE', *, *, #2918, .F. ) ;
#2751 = DIRECTION ( 'NONE',  ( 0.0000000000000000000, -1.000000000000000000, 0.0000000000000000000 ) ) ;
#2752 = EDGE_CURVE ( 'NONE', #5741, #1232, #3241, .T. ) ;
#2753 = ORIENTED_EDGE ( 'NONE', *, *, #3955, .F. ) ;
#2754 = CARTESIAN_POINT ( 'NONE',  ( -2.595770341187475100, 1.094557071096918600, 2.191123704738911400 ) ) ;
#2755 = EDGE_CURVE ( 'NONE', #511, #874, #2091, .T. ) ;
#2756 = VECTOR ( 'NONE', #4908, 1000.000000000000000 ) ;
#2757 = EDGE_CURVE ( 'NONE', #350, #1910, #495, .T. ) ;
#2758 = DIRECTION ( 'NONE',  ( 0.7071067811864268900, 0.0000000000000000000, -0.7071067811866681400 ) ) ;
#2759 = CARTESIAN_POINT ( 'NONE',  ( 1.375000000000000000, 1.090000000000000100, 4.800786840909308400E-015 ) ) ;
#2760 = ORIENTED_EDGE ( 'NONE', *, *, #4320, .F. ) ;
#2761 = CARTESIAN_POINT ( 'NONE',  ( -2.874999999999991100, 0.05000000000000000300, -2.450000000000010400 ) ) ;
#2762 = PRODUCT_DEFINITION_FORMATION_WITH_SPECIFIED_SOURCE ( 'ANY', '', #7138, .NOT_KNOWN. ) ;
#2763 = ORIENTED_EDGE ( 'NONE', *, *, #7042, .F. ) ;
#2764 = VECTOR ( 'NONE', #1780, 1000.000000000000000 ) ;
#2765 = ORIENTED_EDGE ( 'NONE', *, *, #7050, .T. ) ;
#2766 = EDGE_LOOP ( 'NONE', ( #2791, #898, #6322, #4690 ) ) ;
#2767 = DIRECTION ( 'NONE',  ( -5.989264566803387700E-014, 0.0000000000000000000, -1.000000000000000000 ) ) ;
#2768 = CARTESIAN_POINT ( 'NONE',  ( 2.489999999999994000, 0.2999999999999999300, -0.3799999999999254500 ) ) ;
#2769 = EDGE_CURVE ( 'NONE', #7208, #52, #6183, .T. ) ;
#2770 = CARTESIAN_POINT ( 'NONE',  ( 2.750000000000006700, 0.2999999999999999300, 0.8899999999999437300 ) ) ;
#2771 = VECTOR ( 'NONE', #3307, 1000.000000000000000 ) ;
#2772 = VERTEX_POINT ( 'NONE', #286 ) ;
#2773 = LINE ( 'NONE', #5185, #5015 ) ;
#2774 = DIRECTION ( 'NONE',  ( 3.491481338843133400E-015, -0.0000000000000000000, -1.000000000000000000 ) ) ;
#2775 = CARTESIAN_POINT ( 'NONE',  ( -2.571090194629086100, 1.094165267273311800, -2.201895891117762200 ) ) ;
#2776 = DIRECTION ( 'NONE',  ( 0.7071067811866681400, 0.0000000000000000000, 0.7071067811864268900 ) ) ;
#2777 = FACE_OUTER_BOUND ( 'NONE', #1742, .T. ) ;
#2778 = LINE ( 'NONE', #3194, #3584 ) ;
#2779 = VERTEX_POINT ( 'NONE', #4835 ) ;
#2780 = VECTOR ( 'NONE', #6473, 1000.000000000000000 ) ;
#2781 = CARTESIAN_POINT ( 'NONE',  ( -2.626895891117759800, 1.094165267273311800, 2.146090194629086200 ) ) ;
#2782 = ADVANCED_FACE ( 'NONE', ( #4039 ), #217, .F. ) ;
#2783 = DIRECTION ( 'NONE',  ( 1.000000000000000000, 0.0000000000000000000, 3.491481338843133400E-015 ) ) ;
#2784 = EDGE_LOOP ( 'NONE', ( #3032, #7251, #6303, #494 ) ) ;
#2785 = LINE ( 'NONE', #4676, #4140 ) ;
#2786 = FACE_OUTER_BOUND ( 'NONE', #2600, .T. ) ;
#2787 = ORIENTED_EDGE ( 'NONE', *, *, #6396, .T. ) ;
#2788 = CARTESIAN_POINT ( 'NONE',  ( -2.874999999999991100, 0.3000000000000000400, -2.450000000000010400 ) ) ;
#2789 = PLANE ( 'NONE',  #2375 ) ;
#2790 = DIRECTION ( 'NONE',  ( -8.176558940121072500E-014, 0.0000000000000000000, 1.000000000000000000 ) ) ;
#2791 = ORIENTED_EDGE ( 'NONE', *, *, #2151, .F. ) ;
#2792 = CARTESIAN_POINT ( 'NONE',  ( -2.800000000000009100, 0.0000000000000000000, 0.8399999999999627800 ) ) ;
#2793 = VERTEX_POINT ( 'NONE', #7060 ) ;
#2794 = LINE ( 'NONE', #1424, #3340 ) ;
#2795 = DIRECTION ( 'NONE',  ( -7.828290028785149500E-015, 0.0000000000000000000, 1.000000000000000000 ) ) ;
#2796 = ORIENTED_EDGE ( 'NONE', *, *, #3799, .T. ) ;
#2797 = DIRECTION ( 'NONE',  ( -1.000000000000000000, 0.0000000000000000000, 5.265536208154871600E-015 ) ) ;
#2798 = EDGE_CURVE ( 'NONE', #1679, #5021, #4509, .T. ) ;
#2799 = CARTESIAN_POINT ( 'NONE',  ( 2.755350376276406000, 1.015578269442074700, -2.159928781461151200 ) ) ;
#2800 = EDGE_LOOP ( 'NONE', ( #660, #5674, #3744, #1036 ) ) ;
#2801 = DIRECTION ( 'NONE',  ( 6.687560834572014400E-014, 0.0000000000000000000, -1.000000000000000000 ) ) ;
#2802 = LINE ( 'NONE', #6826, #780 ) ;
#2803 = PLANE ( 'NONE',  #6029 ) ;
#2804 = CARTESIAN_POINT ( 'NONE',  ( 2.700913629128594500, 0.8849511544987079800, 2.359726100999020900 ) ) ;
#2805 = EDGE_CURVE ( 'NONE', #4987, #2682, #5191, .T. ) ;
#2806 = CARTESIAN_POINT ( 'NONE',  ( -2.626043423280198600, 1.094256829469460600, 2.150030866250726400 ) ) ;
#2807 = AXIS2_PLACEMENT_3D ( 'NONE', #3582, #6997, #739 ) ;
#2808 = CARTESIAN_POINT ( 'NONE',  ( -2.874999999999991100, 0.3000000000000000400, -2.450000000000010400 ) ) ;
#2809 = ORIENTED_EDGE ( 'NONE', *, *, #3091, .F. ) ;
#2810 = CARTESIAN_POINT ( 'NONE',  ( 2.721707690084675100, 0.9155742386335148400, -2.337529300124801000 ) ) ;
#2811 = ORIENTED_EDGE ( 'NONE', *, *, #6224, .F. ) ;
#2812 = CARTESIAN_POINT ( 'NONE',  ( 2.800000000000062900, 0.2999999999999999300, -1.699999999999908700 ) ) ;
#2813 = EDGE_CURVE ( 'NONE', #2492, #3332, #5562, .T. ) ;
#2814 = EDGE_LOOP ( 'NONE', ( #5454, #925, #6632, #2707 ) ) ;
#2815 = CARTESIAN_POINT ( 'NONE',  ( -3.000000000000006200, 0.0000000000000000000, 2.109999999999907100 ) ) ;
#2816 = PLANE ( 'NONE',  #4265 ) ;
#2817 = ORIENTED_EDGE ( 'NONE', *, *, #6779, .F. ) ;
#2818 = CARTESIAN_POINT ( 'NONE',  ( -3.000000000000008900, 0.0000000000000000000, 0.8399999999999893100 ) ) ;
#2819 = CARTESIAN_POINT ( 'NONE',  ( -2.814445482107879000, 0.8761377525753089000, -2.162284338101319500 ) ) ;
#2820 = ADVANCED_FACE ( 'NONE', ( #7351 ), #784, .T. ) ;
#2821 = CARTESIAN_POINT ( 'NONE',  ( -2.389999999999957500, 0.3000000000000000400, -1.649999999999929700 ) ) ;
#2822 = ORIENTED_EDGE ( 'NONE', *, *, #197, .F. ) ;
#2823 = VECTOR ( 'NONE', #6400, 1000.000000000000000 ) ;
#2824 = CARTESIAN_POINT ( 'NONE',  ( 2.595496226409147700, 1.073238614187641100, -2.253592512819687900 ) ) ;
#2825 = DIRECTION ( 'NONE',  ( 0.0000000000000000000, -1.000000000000000000, 0.0000000000000000000 ) ) ;
#2826 = CARTESIAN_POINT ( 'NONE',  ( 2.800000000000062900, 0.2999999999999999300, -1.699999999999908700 ) ) ;
#2827 = CARTESIAN_POINT ( 'NONE',  ( 2.802008118257922000, 0.8824655146958289000, 2.234982328883185600 ) ) ;
#2828 = AXIS2_PLACEMENT_3D ( 'NONE', #2759, #1144, #7370 ) ;
#2829 = LINE ( 'NONE', #2478, #6952 ) ;
#2830 = CARTESIAN_POINT ( 'NONE',  ( -2.678592704607386700, 1.073238682585076800, 2.170496241399510600 ) ) ;
#2831 = VERTEX_POINT ( 'NONE', #5913 ) ;
#2832 = CARTESIAN_POINT ( 'NONE',  ( -1.089999999999998300, 0.3000000000000000400, -0.2500000000000033900 ) ) ;
#2833 = CARTESIAN_POINT ( 'NONE',  ( 2.565815600712991100, 1.100000000000000100, 2.140815600713008600 ) ) ;
#2834 = CARTESIAN_POINT ( 'NONE',  ( 2.587286107418084000, 0.8761321158169138600, -2.389446074555058500 ) ) ;
#2835 = CARTESIAN_POINT ( 'NONE',  ( -2.748192411631019900, 1.017943610347208800, 2.190595327723037200 ) ) ;
#2836 = LINE ( 'NONE', #3539, #539 ) ;
#2837 = ORIENTED_EDGE ( 'NONE', *, *, #7165, .T. ) ;
#2838 = AXIS2_PLACEMENT_3D ( 'NONE', #3188, #6653, #1467 ) ;
#2839 = CARTESIAN_POINT ( 'NONE',  ( 2.489999999999998000, 0.3000000000000000400, 0.8899999999999449500 ) ) ;
#2840 = VERTEX_POINT ( 'NONE', #5334 ) ;
#2841 = PLANE ( 'NONE',  #2716 ) ;
#2842 = DIRECTION ( 'NONE',  ( -0.7071067811865536800, 0.0000000000000000000, 0.7071067811865412400 ) ) ;
#2843 = CARTESIAN_POINT ( 'NONE',  ( 2.875000000000008400, 0.05000000000000000300, -2.449999999999990400 ) ) ;
#2844 = LINE ( 'NONE', #3018, #3027 ) ;
#2845 = LINE ( 'NONE', #1789, #2932 ) ;
#2846 = DIRECTION ( 'NONE',  ( 0.0000000000000000000, 1.000000000000000000, 0.0000000000000000000 ) ) ;
#2847 = VERTEX_POINT ( 'NONE', #4264 ) ;
#2848 = EDGE_CURVE ( 'NONE', #7076, #2492, #936, .T. ) ;
#2849 = PLANE ( 'NONE',  #2105 ) ;
#2850 = CARTESIAN_POINT ( 'NONE',  ( 2.673172393105411400, 1.073619306322170800, -2.181781611705163400 ) ) ;
#2851 = MECHANICAL_DESIGN_GEOMETRIC_PRESENTATION_REPRESENTATION (  '', ( #3240 ), #532 ) ;
#2852 = CARTESIAN_POINT ( 'NONE',  ( -1.090000000000007200, 0.05000000000000002400, 2.109999999999895500 ) ) ;
#2853 = CARTESIAN_POINT ( 'NONE',  ( -1.089999999999998300, 0.3000000000000000400, -0.2500000000000033900 ) ) ;
#2854 = EDGE_CURVE ( 'NONE', #3377, #6675, #4137, .T. ) ;
#2855 = ORIENTED_EDGE ( 'NONE', *, *, #966, .T. ) ;
#2856 = UNCERTAINTY_MEASURE_WITH_UNIT (LENGTH_MEASURE( 1.000000000000000100E-005 ), #5690, 'distance_accuracy_value', 'NONE');
#2857 = CARTESIAN_POINT ( 'NONE',  ( -2.565815600713005700, 1.100000000000000100, 2.140815600712990400 ) ) ;
#2858 = ADVANCED_FACE ( 'NONE', ( #5844 ), #1986, .F. ) ;
#2859 = EDGE_CURVE ( 'NONE', #4596, #2682, #6272, .T. ) ;
#2860 = EDGE_CURVE ( 'NONE', #4993, #5263, #3586, .T. ) ;
#2861 = ORIENTED_EDGE ( 'NONE', *, *, #6937, .T. ) ;
#2863 = ORIENTED_EDGE ( 'NONE', *, *, #1973, .F. ) ;
#2862 = CYLINDRICAL_SURFACE ( 'NONE', #3282, 0.2500000000000000000 ) ;
#2864 = ORIENTED_EDGE ( 'NONE', *, *, #4775, .T. ) ;
#2865 = VECTOR ( 'NONE', #3368, 1000.000000000000000 ) ;
#2866 = CARTESIAN_POINT ( 'NONE',  ( 2.814446074555074300, 0.8761321158169138600, -2.162286107418065500 ) ) ;
#2867 = CARTESIAN_POINT ( 'NONE',  ( -2.390000000000007200, 0.3000000000000000400, 0.3799999999999915700 ) ) ;
#2868 = ORIENTED_EDGE ( 'NONE', *, *, #3006, .F. ) ;
#2869 = PLANE ( 'NONE',  #7081 ) ;
#2870 = VERTEX_POINT ( 'NONE', #752 ) ;
#2871 = VECTOR ( 'NONE', #5084, 1000.000000000000000 ) ;
#2872 = LINE ( 'NONE', #7112, #5478 ) ;
#2873 = ORIENTED_EDGE ( 'NONE', *, *, #5591, .F. ) ;
#2874 = CARTESIAN_POINT ( 'NONE',  ( 2.772937740722585700, 1.271057531786608900, 2.099307266880534600 ) ) ;
#2875 = CARTESIAN_POINT ( 'NONE',  ( -1.089999999999998300, 0.0000000000000000000, -0.2500000000000033900 ) ) ;
#2876 = LINE ( 'NONE', #5965, #2342 ) ;
#2877 = PLANE ( 'NONE',  #2912 ) ;
#2878 = ORIENTED_EDGE ( 'NONE', *, *, #5417, .F. ) ;
#2879 = CARTESIAN_POINT ( 'NONE',  ( 2.755796319344264100, 1.015348775007399700, -2.157221402585042900 ) ) ;
#2880 = VECTOR ( 'NONE', #2426, 1000.000000000000000 ) ;
#2881 = ORIENTED_EDGE ( 'NONE', *, *, #4834, .F. ) ;
#2882 = CARTESIAN_POINT ( 'NONE',  ( -2.579553778007273000, 1.042818289869612800, 2.299965356307324800 ) ) ;
#2883 = LINE ( 'NONE', #3258, #5200 ) ;
#2884 = VERTEX_POINT ( 'NONE', #810 ) ;
#2885 = CARTESIAN_POINT ( 'NONE',  ( -2.565815600713005700, 1.100000000000000100, 2.140815600712990400 ) ) ;
#2886 = ORIENTED_EDGE ( 'NONE', *, *, #6392, .T. ) ;
#2887 = LINE ( 'NONE', #4435, #858 ) ;
#2888 = ORIENTED_EDGE ( 'NONE', *, *, #5982, .F. ) ;
#2889 = CARTESIAN_POINT ( 'NONE',  ( -0.7430000000000072100, 0.2999999999999999300, 2.109999999999914600 ) ) ;
#2890 = VERTEX_POINT ( 'NONE', #2460 ) ;
#2891 = CARTESIAN_POINT ( 'NONE',  ( 2.586233664771065800, 0.9362677717270933000, -2.377258690362694400 ) ) ;
#2892 = DIRECTION ( 'NONE',  ( 1.000000000000000000, 0.0000000000000000000, 3.491481338843133400E-015 ) ) ;
#2893 = CARTESIAN_POINT ( 'NONE',  ( -2.389999999999955300, 0.3000000000000000400, -0.8899999999999824700 ) ) ;
#2894 = VERTEX_POINT ( 'NONE', #1966 ) ;
#2895 = VECTOR ( 'NONE', #5832, 1000.000000000000000 ) ;
#2896 = FACE_OUTER_BOUND ( 'NONE', #2616, .T. ) ;
#2897 = DIRECTION ( 'NONE',  ( -3.491481338843133400E-015, 0.0000000000000000000, 1.000000000000000000 ) ) ;
#2898 = CARTESIAN_POINT ( 'NONE',  ( -2.577062144645962900, 1.065113777427047800, -2.271807789828098400 ) ) ;
#2899 = CARTESIAN_POINT ( 'NONE',  ( -2.749999999999981800, 0.0000000000000000000, 2.159999999999908200 ) ) ;
#2900 = PLANE ( 'NONE',  #5043 ) ;
#2901 = CARTESIAN_POINT ( 'NONE',  ( 2.855003631649734300, 0.4902527362452314100, 2.336845328190806400 ) ) ;
#2902 = ADVANCED_FACE ( 'NONE', ( #579 ), #3231, .F. ) ;
#2903 = AXIS2_PLACEMENT_3D ( 'NONE', #1954, #3648, #278 ) ;
#2904 = VECTOR ( 'NONE', #3527, 1000.000000000000000 ) ;
#2905 = DIRECTION ( 'NONE',  ( -1.000000000000000000, 0.0000000000000000000, -2.407279166357629300E-015 ) ) ;
#2906 = EDGE_CURVE ( 'NONE', #6419, #860, #6452, .T. ) ;
#2907 = CARTESIAN_POINT ( 'NONE',  ( 2.663416702455394500, 1.020333861197660200, -2.299949981124684900 ) ) ;
#2908 = CARTESIAN_POINT ( 'NONE',  ( -2.576926495537283000, 1.064365140355980600, 2.270090300204141700 ) ) ;
#2909 = CARTESIAN_POINT ( 'NONE',  ( -0.7429999999999930000, 0.2999999999999999300, -2.109999999999900400 ) ) ;
#2910 = EDGE_CURVE ( 'NONE', #767, #6609, #2876, .T. ) ;
#2911 = EDGE_CURVE ( 'NONE', #5877, #2251, #2601, .T. ) ;
#2912 = AXIS2_PLACEMENT_3D ( 'NONE', #3526, #6275, #3502 ) ;
#2913 = FILL_AREA_STYLE ('',( #643 ) ) ;
#2914 = CARTESIAN_POINT ( 'NONE',  ( 2.490000000000006400, 0.3000000000000000400, -1.649999999999908900 ) ) ;
#2915 = CARTESIAN_POINT ( 'NONE',  ( 2.779006530100736100, 0.9147751259822745100, -2.272483728685927400 ) ) ;
#2916 = CARTESIAN_POINT ( 'NONE',  ( 2.568458814361283900, 1.100000000000000100, -2.171424261741086600 ) ) ;
#2917 = CARTESIAN_POINT ( 'NONE',  ( -0.9969999999999911200, 0.0000000000000000000, -2.450000000000003700 ) ) ;
#2918 = EDGE_CURVE ( 'NONE', #2401, #1408, #846, .T. ) ;
#2919 = DIRECTION ( 'NONE',  ( 1.000000000000000000, 0.0000000000000000000, 3.491481338843133400E-015 ) ) ;
#2920 = CARTESIAN_POINT ( 'NONE',  ( -2.874999999999991100, 0.3000000000000000400, -2.450000000000010400 ) ) ;
#2921 = CARTESIAN_POINT ( 'NONE',  ( -2.800000000000014000, 4.944146853836610200, -0.4299999999999822900 ) ) ;
#2922 = LINE ( 'NONE', #1826, #1254 ) ;
#2923 = DIRECTION ( 'NONE',  ( -0.0000000000000000000, -1.000000000000000000, 0.0000000000000000000 ) ) ;
#2924 = DIRECTION ( 'NONE',  ( -1.000000000000000000, 0.0000000000000000000, -3.491481338843133000E-015 ) ) ;
#2925 = ADVANCED_FACE ( 'NONE', ( #7178 ), #2621, .F. ) ;
#2926 = CARTESIAN_POINT ( 'NONE',  ( 0.0000000000000000000, 0.05000000000000000300, 0.0000000000000000000 ) ) ;
#2927 = CARTESIAN_POINT ( 'NONE',  ( 2.588955405330922500, 1.100000000000000100, -2.158780931762362500 ) ) ;
#2928 = DIRECTION ( 'NONE',  ( 1.578183387398598800E-015, 0.0000000000000000000, -1.000000000000000000 ) ) ;
#2929 = AXIS2_PLACEMENT_3D ( 'NONE', #1740, #3445, #5140 ) ;
#2930 = CARTESIAN_POINT ( 'NONE',  ( -7.474617719793691200E-015, 0.8500000000000000900, 2.140815600712999700 ) ) ;
#2931 = FACE_OUTER_BOUND ( 'NONE', #6147, .T. ) ;
#2932 = VECTOR ( 'NONE', #717, 1000.000000000000000 ) ;
#2933 = EDGE_LOOP ( 'NONE', ( #3633, #688, #6881, #2443 ) ) ;
#2934 = ORIENTED_EDGE ( 'NONE', *, *, #2310, .F. ) ;
#2935 = CARTESIAN_POINT ( 'NONE',  ( -0.9970000000000069900, 0.05000000000000002400, 2.109999999999913700 ) ) ;
#2936 = CARTESIAN_POINT ( 'NONE',  ( 2.584928773695232400, 1.015578268585574800, -2.330350376141963100 ) ) ;
#2937 = CARTESIAN_POINT ( 'NONE',  ( -2.874999999999991100, 0.3000000000000000400, -2.450000000000010400 ) ) ;
#2938 = CARTESIAN_POINT ( 'NONE',  ( -2.874999999999991100, 0.3000000000000000400, -2.450000000000010400 ) ) ;
#2939 = ORIENTED_EDGE ( 'NONE', *, *, #4269, .F. ) ;
#2940 = CIRCLE ( 'NONE', #7120, 0.01000000000000002600 ) ;
#2941 = ORIENTED_EDGE ( 'NONE', *, *, #1959, .T. ) ;
#2942 = DIRECTION ( 'NONE',  ( 6.687560834572014400E-014, 0.0000000000000000000, -1.000000000000000000 ) ) ;
#2943 = VERTEX_POINT ( 'NONE', #4864 ) ;
#2944 = DIRECTION ( 'NONE',  ( -0.1045284632676537100, 0.9945218953682734000, -3.649591788769628400E-016 ) ) ;
#2945 = CARTESIAN_POINT ( 'NONE',  ( -1.090000000000007200, 0.2999999999999999300, 2.109999999999895500 ) ) ;
#2946 = ORIENTED_EDGE ( 'NONE', *, *, #2813, .T. ) ;
#2947 = VECTOR ( 'NONE', #2928, 1000.000000000000000 ) ;
#2948 = ORIENTED_EDGE ( 'NONE', *, *, #1879, .F. ) ;
#2949 = EDGE_CURVE ( 'NONE', #5224, #5927, #1208, .T. ) ;
#2950 = ORIENTED_EDGE ( 'NONE', *, *, #3954, .T. ) ;
#2951 = DIRECTION ( 'NONE',  ( -0.0000000000000000000, -1.000000000000000000, 0.0000000000000000000 ) ) ;
#2952 = DIRECTION ( 'NONE',  ( -0.7071067811865536800, 0.0000000000000000000, 0.7071067811865412400 ) ) ;
#2953 = DIRECTION ( 'NONE',  ( 0.7071067811863874800, 0.0000000000000000000, -0.7071067811867076700 ) ) ;
#2954 = CARTESIAN_POINT ( 'NONE',  ( -2.999999999999983100, 0.2999999999999999300, -0.4299999999999799500 ) ) ;
#2955 = UNCERTAINTY_MEASURE_WITH_UNIT (LENGTH_MEASURE( 1.000000000000000100E-005 ), #6905, 'distance_accuracy_value', 'NONE');
#2956 = VERTEX_POINT ( 'NONE', #2017 ) ;
#2957 = LINE ( 'NONE', #5486, #3746 ) ;
#2958 = ORIENTED_EDGE ( 'NONE', *, *, #1495, .T. ) ;
#2959 = FACE_OUTER_BOUND ( 'NONE', #7301, .T. ) ;
#2960 = DIRECTION ( 'NONE',  ( 3.491481338843133400E-015, 0.0000000000000000000, -1.000000000000000000 ) ) ;
#2961 = CARTESIAN_POINT ( 'NONE',  ( -2.769401804784206600, 0.9439359755741486600, 2.267347204128447500 ) ) ;
#2962 = EDGE_CURVE ( 'NONE', #4783, #5756, #1392, .T. ) ;
#2963 = CARTESIAN_POINT ( 'NONE',  ( -2.750000000000007500, 0.2999999999999999300, 0.3799999999999628700 ) ) ;
#2964 = ADVANCED_FACE ( 'NONE', ( #6708 ), #1510, .F. ) ;
#2965 = CARTESIAN_POINT ( 'NONE',  ( 2.587286107418067500, 0.8761321158169135300, 2.389446074555077200 ) ) ;
#2966 = VECTOR ( 'NONE', #2694, 999.9999999999998900 ) ;
#2967 = LINE ( 'NONE', #5313, #758 ) ;
#2968 = ORIENTED_EDGE ( 'NONE', *, *, #2408, .F. ) ;
#2969 = CARTESIAN_POINT ( 'NONE',  ( 2.774533543832328900, 0.9906556768458133500, -2.158839457273950200 ) ) ;
#2970 = DIRECTION ( 'NONE',  ( -0.7071067811862200600, 0.0000000000000000000, -0.7071067811868749800 ) ) ;
#2971 = LINE ( 'NONE', #1604, #1471 ) ;
#2972 = DIRECTION ( 'NONE',  ( -3.491481338843133400E-015, 0.0000000000000000000, 1.000000000000000000 ) ) ;
#2973 = PLANE ( 'NONE',  #4754 ) ;
#2974 = ORIENTED_EDGE ( 'NONE', *, *, #3662, .T. ) ;
#2975 = DIRECTION ( 'NONE',  ( 3.491481338843133400E-015, 0.0000000000000000000, -1.000000000000000000 ) ) ;
#2976 = LINE ( 'NONE', #5225, #5303 ) ;
#2977 = LINE ( 'NONE', #4456, #5476 ) ;
#2978 = ORIENTED_EDGE ( 'NONE', *, *, #4607, .T. ) ;
#2979 = DIRECTION ( 'NONE',  ( -0.0000000000000000000, -1.000000000000000000, 0.0000000000000000000 ) ) ;
#2980 = CARTESIAN_POINT ( 'NONE',  ( 3.000000000000018700, 0.2999999999999999300, -0.4299999999999597500 ) ) ;
#2981 = CARTESIAN_POINT ( 'NONE',  ( 2.875000000000008400, 0.3000000000000000400, -2.449999999999990400 ) ) ;
#2982 = EDGE_CURVE ( 'NONE', #7156, #4609, #4410, .T. ) ;
#2983 = CARTESIAN_POINT ( 'NONE',  ( 2.800000000000052200, 0.3000000000000000400, -0.8399999999999632200 ) ) ;
#2984 = CARTESIAN_POINT ( 'NONE',  ( 2.596424261741102000, 1.100000000000000100, -2.143458814361268100 ) ) ;
#2985 = ORIENTED_EDGE ( 'NONE', *, *, #1405, .T. ) ;
#2986 = CARTESIAN_POINT ( 'NONE',  ( 2.596424261741000300, 1.100000000000000100, -2.143458814361887600 ) ) ;
#2987 = VERTEX_POINT ( 'NONE', #3711 ) ;
#2988 = LINE ( 'NONE', #6749, #5851 ) ;
#2989 = ORIENTED_EDGE ( 'NONE', *, *, #2153, .F. ) ;
#2990 = DIRECTION ( 'NONE',  ( -1.000000000000000000, 0.0000000000000000000, -3.491481338843133400E-015 ) ) ;
#2991 = ORIENTED_EDGE ( 'NONE', *, *, #5156, .F. ) ;
#2992 = CARTESIAN_POINT ( 'NONE',  ( -2.753736413300398800, 0.9446649983309574100, 2.290164791360636400 ) ) ;
#2993 = VECTOR ( 'NONE', #1689, 1000.000000000000000 ) ;
#2994 = AXIS2_PLACEMENT_3D ( 'NONE', #5495, #4404, #7242 ) ;
#2995 = ORIENTED_EDGE ( 'NONE', *, *, #158, .T. ) ;
#2996 = CARTESIAN_POINT ( 'NONE',  ( -1.089999999999993000, 0.2999999999999999300, -2.109999999999902200 ) ) ;
#2997 = DIRECTION ( 'NONE',  ( -0.0000000000000000000, -1.000000000000000000, 0.0000000000000000000 ) ) ;
#2998 = ORIENTED_EDGE ( 'NONE', *, *, #2755, .T. ) ;
#2999 = DIRECTION ( 'NONE',  ( 0.0000000000000000000, -1.000000000000000000, 0.0000000000000000000 ) ) ;
#3000 = ORIENTED_EDGE ( 'NONE', *, *, #5067, .F. ) ;
#3001 = CARTESIAN_POINT ( 'NONE',  ( -1.090000000000007200, 0.3000000000000000400, 2.109999999999895500 ) ) ;
#3002 = DIRECTION ( 'NONE',  ( -0.7071067811863515100, 0.0000000000000000000, 0.7071067811867435300 ) ) ;
#3003 = ORIENTED_EDGE ( 'NONE', *, *, #4969, .T. ) ;
#3004 = CARTESIAN_POINT ( 'NONE',  ( 0.0000000000000000000, 0.0000000000000000000, 0.0000000000000000000 ) ) ;
#3005 = ADVANCED_FACE ( 'NONE', ( #4595 ), #4906, .F. ) ;
#3006 = EDGE_CURVE ( 'NONE', #1175, #6851, #7259, .T. ) ;
#3007 = AXIS2_PLACEMENT_3D ( 'NONE', #6948, #138, #239 ) ;
#3008 = CARTESIAN_POINT ( 'NONE',  ( 3.000000000000006200, 0.0000000000000000000, 0.8399999999999853100 ) ) ;
#3009 = PRESENTATION_STYLE_ASSIGNMENT (( #2565 ) ) ;
#3010 = CARTESIAN_POINT ( 'NONE',  ( 2.565815600713005700, 1.099999999999999900, -2.140815600712991300 ) ) ;
#3011 = PLANE ( 'NONE',  #6534 ) ;
#3012 = EDGE_CURVE ( 'NONE', #4633, #5397, #4031, .T. ) ;
#3013 = EDGE_CURVE ( 'NONE', #4662, #1958, #2264, .T. ) ;
#3014 = LINE ( 'NONE', #3545, #5700 ) ;
#3015 = DIRECTION ( 'NONE',  ( 0.0000000000000000000, -1.000000000000000000, 0.0000000000000000000 ) ) ;
#3016 = ADVANCED_FACE ( 'NONE', ( #760 ), #5443, .F. ) ;
#3017 = CARTESIAN_POINT ( 'NONE',  ( -2.809931941875992000, 0.9083540749650121900, 2.180173162020544900 ) ) ;
#3018 = CARTESIAN_POINT ( 'NONE',  ( -7.367025624958723000E-015, 0.05000000000000000300, 2.109999999999917700 ) ) ;
#3019 = CIRCLE ( 'NONE', #6740, 0.5899999999999999700 ) ;
#3020 = B_SPLINE_CURVE_WITH_KNOTS ( 'NONE', 3,
 ( #716, #5210, #6432, #2965 ),
 .UNSPECIFIED., .F., .F.,
 ( 4, 4 ),
 ( -0.002503912117704343700, -0.001897834282525307600 ),
 .UNSPECIFIED. ) ;
#3021 = CARTESIAN_POINT ( 'NONE',  ( -1.185000000000785000, 0.05000000000000000300, -1.185000000000128000 ) ) ;
#3022 = FACE_OUTER_BOUND ( 'NONE', #1524, .T. ) ;
#3023 = DIRECTION ( 'NONE',  ( -1.000000000000000000, 0.0000000000000000000, -3.370341431302853500E-015 ) ) ;
#3024 = DIRECTION ( 'NONE',  ( 1.578183387398598800E-015, 0.0000000000000000000, -1.000000000000000000 ) ) ;
#3025 = DIRECTION ( 'NONE',  ( 0.0000000000000000000, -1.000000000000000000, 0.0000000000000000000 ) ) ;
#3026 = CARTESIAN_POINT ( 'NONE',  ( 2.800000000000038900, 0.3000000000000000400, 0.4299999999999817900 ) ) ;
#3027 = VECTOR ( 'NONE', #5903, 1000.000000000000000 ) ;
#3028 = VECTOR ( 'NONE', #4090, 1000.000000000000000 ) ;
#3029 = ORIENTED_EDGE ( 'NONE', *, *, #173, .T. ) ;
#3030 = CARTESIAN_POINT ( 'NONE',  ( 2.814445482107879000, 0.8761377525753105700, 2.162284338101319900 ) ) ;
#3031 = CARTESIAN_POINT ( 'NONE',  ( -2.700913867392556800, 0.8849511582121431000, 2.359725898066035400 ) ) ;
#3032 = ORIENTED_EDGE ( 'NONE', *, *, #2722, .F. ) ;
#3033 = ADVANCED_FACE ( 'NONE', ( #5471 ), #877, .T. ) ;
#3034 = VECTOR ( 'NONE', #3549, 1000.000000000000000 ) ;
#3035 = ORIENTED_EDGE ( 'NONE', *, *, #3449, .T. ) ;
#3036 = ORIENTED_EDGE ( 'NONE', *, *, #5410, .T. ) ;
#3037 = CARTESIAN_POINT ( 'NONE',  ( -2.796709103800814900, 0.9124974602613970000, -2.232893741141082100 ) ) ;
#3038 = ORIENTED_EDGE ( 'NONE', *, *, #1361, .F. ) ;
#3040 = VERTEX_POINT ( 'NONE', #3122 ) ;
#3039 = VECTOR ( 'NONE', #6587, 1000.000000000000000 ) ;
#3041 = EDGE_CURVE ( 'NONE', #5536, #511, #2518, .T. ) ;
#3042 = ORIENTED_EDGE ( 'NONE', *, *, #6627, .T. ) ;
#3043 = CARTESIAN_POINT ( 'NONE',  ( -2.800000000000009100, 0.05000000000000002400, 0.8399999999999627800 ) ) ;
#3044 = FACE_OUTER_BOUND ( 'NONE', #3353, .T. ) ;
#3045 = EDGE_LOOP ( 'NONE', ( #7090, #2675, #3849, #644 ) ) ;
#3046 = DIRECTION ( 'NONE',  ( 1.000000000000000000, 0.0000000000000000000, -1.412078086043886200E-013 ) ) ;
#3047 = ADVANCED_FACE ( 'NONE', ( #6614 ), #919, .F. ) ;
#3048 = DIRECTION ( 'NONE',  ( 3.491481338843133400E-015, 0.0000000000000000000, -1.000000000000000000 ) ) ;
#3049 = EDGE_CURVE ( 'NONE', #2214, #6274, #1914, .T. ) ;
#3050 = CARTESIAN_POINT ( 'NONE',  ( 2.490000000000003300, 0.3000000000000000400, -0.8899999999999274000 ) ) ;
#3051 = EDGE_CURVE ( 'NONE', #1024, #802, #3940, .T. ) ;
#3052 = ORIENTED_EDGE ( 'NONE', *, *, #2529, .T. ) ;
#3053 = DIRECTION ( 'NONE',  ( -9.006275849671631200E-017, 0.0000000000000000000, 1.000000000000000000 ) ) ;
#3054 = LINE ( 'NONE', #45, #1544 ) ;
#3055 = LINE ( 'NONE', #1968, #2078 ) ;
#3056 = ORIENTED_EDGE ( 'NONE', *, *, #2346, .F. ) ;
#3057 = DIRECTION ( 'NONE',  ( 0.0000000000000000000, -1.000000000000000000, 0.0000000000000000000 ) ) ;
#3058 = ORIENTED_EDGE ( 'NONE', *, *, #5243, .F. ) ;
#3059 = AXIS2_PLACEMENT_3D ( 'NONE', #1285, #5940, #3023 ) ;
#3060 = EDGE_LOOP ( 'NONE', ( #19, #541, #845, #3466 ) ) ;
#3061 = LINE ( 'NONE', #5578, #2966 ) ;
#3062 = LINE ( 'NONE', #537, #3768 ) ;
#3063 = VERTEX_POINT ( 'NONE', #6657 ) ;
#3064 = VECTOR ( 'NONE', #1015, 1000.000000000000000 ) ;
#3065 = CARTESIAN_POINT ( 'NONE',  ( -2.657893741137509600, 0.9124974602605895300, 2.371709103801080200 ) ) ;
#3066 = EDGE_CURVE ( 'NONE', #5263, #2246, #5750, .T. ) ;
#3067 = ORIENTED_EDGE ( 'NONE', *, *, #6943, .F. ) ;
#3068 = CARTESIAN_POINT ( 'NONE',  ( -2.726047188521634600, 0.8858386930824465600, -2.343036907158862800 ) ) ;
#3069 = ORIENTED_EDGE ( 'NONE', *, *, #6627, .F. ) ;
#3071 = ORIENTED_EDGE ( 'NONE', *, *, #5595, .F. ) ;
#3070 = LINE ( 'NONE', #6516, #6916 ) ;
#3072 = FACE_OUTER_BOUND ( 'NONE', #421, .T. ) ;
#3073 = ORIENTED_EDGE ( 'NONE', *, *, #1926, .F. ) ;
#3074 = CARTESIAN_POINT ( 'NONE',  ( -5.631249308712531500E-014, 0.05000000000000000300, 0.3799999999995739600 ) ) ;
#3075 = DIRECTION ( 'NONE',  ( -0.7071067811866047500, 0.0000000000000000000, -0.7071067811864901700 ) ) ;
#3076 = ORIENTED_EDGE ( 'NONE', *, *, #4217, .T. ) ;
#3077 = CIRCLE ( 'NONE', #5426, 0.5999999999999999800 ) ;
#3078 = CARTESIAN_POINT ( 'NONE',  ( -2.750000000000007500, 0.0000000000000000000, 0.3799999999999628700 ) ) ;
#3079 = CARTESIAN_POINT ( 'NONE',  ( 1.375000000000000000, 1.070000000000000100, 4.800786840909308400E-015 ) ) ;
#3080 = ADVANCED_FACE ( 'NONE', ( #1011 ), #3859, .T. ) ;
#3081 = ORIENTED_EDGE ( 'NONE', *, *, #2488, .F. ) ;
#3082 = AXIS2_PLACEMENT_3D ( 'NONE', #1331, #715, #5880 ) ;
#3083 = PLANE ( 'NONE',  #6780 ) ;
#3084 = CARTESIAN_POINT ( 'NONE',  ( -2.750000000000016900, 0.3000000000000000400, -2.159999999999927800 ) ) ;
#3085 = LINE ( 'NONE', #4422, #1240 ) ;
#3086 = EDGE_LOOP ( 'NONE', ( #3265, #6736, #3787, #7364 ) ) ;
#3087 = CARTESIAN_POINT ( 'NONE',  ( 3.000000000000052400, 0.2999999999999999300, -0.8399999999999625500 ) ) ;
#3088 = CARTESIAN_POINT ( 'NONE',  ( -2.586233664771049300, 0.9362677717270930800, -2.377258690362712600 ) ) ;
#3089 = DIRECTION ( 'NONE',  ( 1.171753811632144800E-015, 0.0000000000000000000, 1.000000000000000000 ) ) ;
#3090 = EDGE_LOOP ( 'NONE', ( #1320, #1470, #2556, #3605 ) ) ;
#3091 = EDGE_CURVE ( 'NONE', #4583, #5383, #6809, .T. ) ;
#3092 = PLANE ( 'NONE',  #1915 ) ;
#3093 = DIRECTION ( 'NONE',  ( 3.491481338843133400E-015, 0.0000000000000000000, -1.000000000000000000 ) ) ;
#3094 = VECTOR ( 'NONE', #875, 1000.000000000000000 ) ;
#3095 = DIRECTION ( 'NONE',  ( 0.0000000000000000000, -1.000000000000000000, 0.0000000000000000000 ) ) ;
#3096 = AXIS2_PLACEMENT_3D ( 'NONE', #4106, #4080, #6346 ) ;
#3097 = CARTESIAN_POINT ( 'NONE',  ( -2.790916611787467100, 1.099999999999999900, 2.365916611787449100 ) ) ;
#3098 = CARTESIAN_POINT ( 'NONE',  ( 2.800000000000036700, 0.3000000000000000400, 0.8399999999999816500 ) ) ;
#3099 = AXIS2_PLACEMENT_3D ( 'NONE', #1849, #5828, #1819 ) ;
#3100 = CARTESIAN_POINT ( 'NONE',  ( 3.000000000000018700, 0.0000000000000000000, -0.4299999999999597500 ) ) ;
#3101 = CARTESIAN_POINT ( 'NONE',  ( -2.648690656381601300, 0.6805054724904621200, 2.410007263299475800 ) ) ;
#3102 = ORIENTED_EDGE ( 'NONE', *, *, #1880, .T. ) ;
#3103 = DIRECTION ( 'NONE',  ( -0.0000000000000000000, -1.000000000000000000, 0.0000000000000000000 ) ) ;
#3104 = VECTOR ( 'NONE', #6770, 1000.000000000000000 ) ;
#3105 = EDGE_CURVE ( 'NONE', #206, #1912, #6903, .T. ) ;
#3106 = EDGE_CURVE ( 'NONE', #3116, #719, #1547, .T. ) ;
#3107 = CARTESIAN_POINT ( 'NONE',  ( -2.389999999999962800, 0.3000000000000000400, -2.159999999999928600 ) ) ;
#3108 = LINE ( 'NONE', #3550, #1067 ) ;
#3109 = ORIENTED_EDGE ( 'NONE', *, *, #4924, .T. ) ;
#3110 = ORIENTED_EDGE ( 'NONE', *, *, #6982, .T. ) ;
#3111 = ADVANCED_FACE ( 'NONE', ( #5385 ), #2188, .T. ) ;
#3112 = ORIENTED_EDGE ( 'NONE', *, *, #628, .F. ) ;
#3113 = CARTESIAN_POINT ( 'NONE',  ( -2.811206656301940700, 0.9067667398023988600, -2.163812083679425200 ) ) ;
#3114 = LINE ( 'NONE', #157, #3726 ) ;
#3115 = LINE ( 'NONE', #5485, #4918 ) ;
#3116 = VERTEX_POINT ( 'NONE', #1013 ) ;
#3117 = EDGE_CURVE ( 'NONE', #4148, #5536, #2971, .T. ) ;
#3118 = ORIENTED_EDGE ( 'NONE', *, *, #261, .F. ) ;
#3119 = DIRECTION ( 'NONE',  ( 1.000000000000000000, 0.0000000000000000000, 3.491481338843133400E-015 ) ) ;
#3120 = CARTESIAN_POINT ( 'NONE',  ( -2.390000000000004600, 0.2999999999999999300, 1.649999999999909300 ) ) ;
#3121 = ORIENTED_EDGE ( 'NONE', *, *, #910, .F. ) ;
#3122 = CARTESIAN_POINT ( 'NONE',  ( 3.000000000000006200, 0.2999999999999999300, 0.8399999999999853100 ) ) ;
#3123 = LINE ( 'NONE', #4976, #5818 ) ;
#3124 = VERTEX_POINT ( 'NONE', #7344 ) ;
#3125 = CARTESIAN_POINT ( 'NONE',  ( 2.750000000000020900, 0.05000000000000002400, 2.159999999999888700 ) ) ;
#3126 = CARTESIAN_POINT ( 'NONE',  ( -2.390000000000010800, 0.2999999999999999300, 0.8899999999999640400 ) ) ;
#3127 = ORIENTED_EDGE ( 'NONE', *, *, #2720, .T. ) ;
#3128 = VECTOR ( 'NONE', #2801, 1000.000000000000000 ) ;
#3129 = ORIENTED_EDGE ( 'NONE', *, *, #4201, .T. ) ;
#3130 = ORIENTED_EDGE ( 'NONE', *, *, #6179, .T. ) ;
#3131 = DIRECTION ( 'NONE',  ( -1.000000000000000000, 0.0000000000000000000, -2.407279166357629300E-015 ) ) ;
#3132 = CARTESIAN_POINT ( 'NONE',  ( -3.000000000000006200, 0.0000000000000000000, 2.109999999999907100 ) ) ;
#3133 = CARTESIAN_POINT ( 'NONE',  ( -2.589136781173842800, 0.8763245041717714300, -2.389425853724165700 ) ) ;
#3134 = CARTESIAN_POINT ( 'NONE',  ( 2.800416761953826900, 0.9379537651900469200, 2.178971746946304600 ) ) ;
#3135 = VECTOR ( 'NONE', #4686, 1000.000000000000000 ) ;
#3136 = ORIENTED_EDGE ( 'NONE', *, *, #4206, .F. ) ;
#3137 = DIRECTION ( 'NONE',  ( -0.0000000000000000000, -1.000000000000000000, 0.0000000000000000000 ) ) ;
#3138 = LINE ( 'NONE', #7397, #2072 ) ;
#3139 = ORIENTED_EDGE ( 'NONE', *, *, #5797, .T. ) ;
#3140 = AXIS2_PLACEMENT_3D ( 'NONE', #6331, #5090, #1315 ) ;
#3141 = ORIENTED_EDGE ( 'NONE', *, *, #6955, .T. ) ;
#3142 = EDGE_CURVE ( 'NONE', #1773, #2772, #4318, .T. ) ;
#3143 = ORIENTED_EDGE ( 'NONE', *, *, #5669, .T. ) ;
#3144 = CARTESIAN_POINT ( 'NONE',  ( 2.800000000000036700, 4.944146853836610200, 0.8399999999999816500 ) ) ;
#3145 = LINE ( 'NONE', #952, #848 ) ;
#3146 = LINE ( 'NONE', #3803, #1016 ) ;
#3147 = PRODUCT_DEFINITION_CONTEXT ( 'detailed design', #2637, 'design' ) ;
#3148 = VERTEX_POINT ( 'NONE', #2738 ) ;
#3149 = CARTESIAN_POINT ( 'NONE',  ( -1.330809304893420900E-014, 0.05000000000000000300, 1.699999999999930200 ) ) ;
#3150 = LINE ( 'NONE', #383, #4948 ) ;
#3151 = EDGE_CURVE ( 'NONE', #6270, #2634, #6439, .T. ) ;
#3152 = DIRECTION ( 'NONE',  ( -2.920848616482327200E-015, 0.0000000000000000000, 1.000000000000000000 ) ) ;
#3153 = ADVANCED_FACE ( 'NONE', ( #2959 ), #5648, .F. ) ;
#3154 = EDGE_CURVE ( 'NONE', #5546, #4731, #1823, .T. ) ;
#3155 = DIRECTION ( 'NONE',  ( 0.7071067811862200600, 0.0000000000000000000, 0.7071067811868749800 ) ) ;
#3156 = ORIENTED_EDGE ( 'NONE', *, *, #946, .T. ) ;
#3157 = LINE ( 'NONE', #6420, #2004 ) ;
#3158 = VECTOR ( 'NONE', #5113, 1000.000000000000000 ) ;
#3159 = EDGE_LOOP ( 'NONE', ( #5527, #2796, #2702, #4481 ) ) ;
#3160 = ORIENTED_EDGE ( 'NONE', *, *, #6302, .F. ) ;
#3161 = ORIENTED_EDGE ( 'NONE', *, *, #4451, .T. ) ;
#3162 = CYLINDRICAL_SURFACE ( 'NONE', #2994, 0.2500000000000000000 ) ;
#3163 = ORIENTED_EDGE ( 'NONE', *, *, #2906, .T. ) ;
#3164 = EDGE_CURVE ( 'NONE', #6203, #6960, #1297, .T. ) ;
#3165 = DIRECTION ( 'NONE',  ( 0.0000000000000000000, -1.000000000000000000, 0.0000000000000000000 ) ) ;
#3166 = CARTESIAN_POINT ( 'NONE',  ( -2.576011395140712400, 1.072277086138961000, -2.258883852877799000 ) ) ;
#3167 = CARTESIAN_POINT ( 'NONE',  ( 2.779006324457525200, 0.9147751289078656100, 2.272483964626271600 ) ) ;
#3168 = PLANE ( 'NONE',  #4374 ) ;
#3169 = ORIENTED_EDGE ( 'NONE', *, *, #540, .T. ) ;
#3170 = FACE_OUTER_BOUND ( 'NONE', #2452, .T. ) ;
#3171 = DIRECTION ( 'NONE',  ( 0.0000000000000000000, -1.000000000000000000, 0.0000000000000000000 ) ) ;
#3172 = CARTESIAN_POINT ( 'NONE',  ( -0.9969999999999926700, 0.3000000000000000400, -2.109999999999901300 ) ) ;
#3173 = DIRECTION ( 'NONE',  ( 1.000000000000000000, 0.0000000000000000000, 3.491481338843133400E-015 ) ) ;
#3174 =( LENGTH_UNIT ( ) NAMED_UNIT ( * ) SI_UNIT ( .MILLI., .METRE. ) );
#3175 = CARTESIAN_POINT ( 'NONE',  ( 2.750000000000040400, 0.0000000000000000000, -0.3799999999999621500 ) ) ;
#3176 = DIRECTION ( 'NONE',  ( -3.491481338843133400E-015, 0.0000000000000000000, 1.000000000000000000 ) ) ;
#3177 = ORIENTED_EDGE ( 'NONE', *, *, #4194, .T. ) ;
#3178 = PLANE ( 'NONE',  #885 ) ;
#3179 = CARTESIAN_POINT ( 'NONE',  ( 2.750000000000064400, 4.944146853836610200, -2.159999999999909500 ) ) ;
#3180 = ORIENTED_EDGE ( 'NONE', *, *, #2383, .F. ) ;
#3181 = CARTESIAN_POINT ( 'NONE',  ( -2.874999999999991100, 0.3000000000000000400, -2.450000000000010400 ) ) ;
#3182 = ADVANCED_FACE ( 'NONE', ( #750 ), #455, .F. ) ;
#3183 = CARTESIAN_POINT ( 'NONE',  ( -2.685426471247013100, 1.059090531168756000, -2.213229427774890300 ) ) ;
#3184 = CARTESIAN_POINT ( 'NONE',  ( 2.674718111136920500, 0.9966906504985350000, 2.317135566409422400 ) ) ;
#3185 = EDGE_CURVE ( 'NONE', #6675, #5224, #5833, .T. ) ;
#3186 = LINE ( 'NONE', #3835, #192 ) ;
#3187 = EDGE_CURVE ( 'NONE', #2333, #4661, #667, .T. ) ;
#3188 = CARTESIAN_POINT ( 'NONE',  ( 0.0000000000000000000, 0.3000000000000000400, 0.0000000000000000000 ) ) ;
#3189 = CARTESIAN_POINT ( 'NONE',  ( 2.704000886269360700, 1.057728455366758100, 2.177667101268256500 ) ) ;
#3190 = LINE ( 'NONE', #266, #6055 ) ;
#3191 = DIRECTION ( 'NONE',  ( -1.000000000000000000, 0.0000000000000000000, -2.920848616482327200E-015 ) ) ;
#3192 = AXIS2_PLACEMENT_3D ( 'NONE', #5817, #1292, #5895 ) ;
#3193 = DIRECTION ( 'NONE',  ( 0.7071067811863515100, 0.0000000000000000000, -0.7071067811867435300 ) ) ;
#3194 = CARTESIAN_POINT ( 'NONE',  ( -0.7429999999999907800, 4.944146853836610200, -2.450000000000002800 ) ) ;
#3195 = PLANE ( 'NONE',  #1406 ) ;
#3196 = LINE ( 'NONE', #633, #4473 ) ;
#3197 = ORIENTED_EDGE ( 'NONE', *, *, #4277, .F. ) ;
#3198 = EDGE_CURVE ( 'NONE', #819, #5987, #6608, .T. ) ;
#3199 = ORIENTED_EDGE ( 'NONE', *, *, #1006, .T. ) ;
#3200 = ORIENTED_EDGE ( 'NONE', *, *, #6351, .F. ) ;
#3201 = PLANE ( 'NONE',  #1449 ) ;
#3202 = CARTESIAN_POINT ( 'NONE',  ( -0.6500000000000070200, 0.3000000000000000400, 2.109999999999897300 ) ) ;
#3203 = CARTESIAN_POINT ( 'NONE',  ( -2.800000000000014000, 0.0000000000000000000, -0.4299999999999822900 ) ) ;
#3204 = CARTESIAN_POINT ( 'NONE',  ( -2.800000000000004700, 0.2999999999999999300, 2.109999999999907500 ) ) ;
#3205 = LINE ( 'NONE', #6221, #6588 ) ;
#3206 = VECTOR ( 'NONE', #4660, 1000.000000000000000 ) ;
#3207 = CARTESIAN_POINT ( 'NONE',  ( -2.683565458973774700, 1.072362714127407200, -2.152578472737840100 ) ) ;
#3208 = CARTESIAN_POINT ( 'NONE',  ( 2.589792184008849600, 0.9366113776210854800, 2.376936795764905700 ) ) ;
#3209 = ORIENTED_EDGE ( 'NONE', *, *, #2103, .F. ) ;
#3210 = COLOUR_RGB ( '',0.2509803921568627400, 0.2509803921568627400, 0.2509803921568627400 ) ;
#3211 = EDGE_CURVE ( 'NONE', #3831, #5763, #3579, .T. ) ;
#3212 = EDGE_LOOP ( 'NONE', ( #3999, #4382, #5688, #6701, #4858, #392, #6522, #3285 ) ) ;
#3213 = EDGE_LOOP ( 'NONE', ( #2159, #5477, #264, #5803 ) ) ;
#3214 = CARTESIAN_POINT ( 'NONE',  ( 2.601493846187680900, 1.094589963740161500, 2.186670101827427700 ) ) ;
#3215 = DIRECTION ( 'NONE',  ( -0.7071067811863260800, 0.0000000000000000000, 0.7071067811867690600 ) ) ;
#3216 = CARTESIAN_POINT ( 'NONE',  ( -2.800000000000013600, 4.944146853836610200, -0.8399999999999819800 ) ) ;
#3217 = ADVANCED_FACE ( 'NONE', ( #2428 ), #5143, .T. ) ;
#3218 = ORIENTED_EDGE ( 'NONE', *, *, #1926, .T. ) ;
#3219 = DIRECTION ( 'NONE',  ( 3.491481338843133400E-015, -0.0000000000000000000, -1.000000000000000000 ) ) ;
#3221 = ORIENTED_EDGE ( 'NONE', *, *, #2798, .T. ) ;
#3220 = LINE ( 'NONE', #203, #34 ) ;
#3222 = PLANE ( 'NONE',  #3696 ) ;
#3223 = ORIENTED_EDGE ( 'NONE', *, *, #6073, .T. ) ;
#3224 = DIRECTION ( 'NONE',  ( 6.680311257917186800E-015, 0.0000000000000000000, -1.000000000000000000 ) ) ;
#3225 = FACE_OUTER_BOUND ( 'NONE', #1046, .T. ) ;
#3226 = AXIS2_PLACEMENT_3D ( 'NONE', #2635, #947, #984 ) ;
#3228 = ORIENTED_EDGE ( 'NONE', *, *, #1841, .T. ) ;
#3227 = LINE ( 'NONE', #5724, #4220 ) ;
#3229 = FACE_OUTER_BOUND ( 'NONE', #4390, .T. ) ;
#3230 = ORIENTED_EDGE ( 'NONE', *, *, #4364, .F. ) ;
#3231 = TOROIDAL_SURFACE ( 'NONE', #3750, 0.5899999999999999700, 0.01000000000000000000 ) ;
#3232 = DIRECTION ( 'NONE',  ( -0.0000000000000000000, -1.000000000000000000, 0.0000000000000000000 ) ) ;
#3233 = DIRECTION ( 'NONE',  ( -0.0000000000000000000, -1.000000000000000000, 0.0000000000000000000 ) ) ;
#3234 = CARTESIAN_POINT ( 'NONE',  ( -2.681178199753108800, 1.020784059966473500, -2.286957541722735700 ) ) ;
#3235 = CARTESIAN_POINT ( 'NONE',  ( -2.855003823701777000, 0.4902509089922653700, 2.336846414967322700 ) ) ;
#3236 = EDGE_CURVE ( 'NONE', #2840, #5116, #4499, .T. ) ;
#3237 = VECTOR ( 'NONE', #4159, 1000.000000000000000 ) ;
#3238 = LINE ( 'NONE', #143, #2880 ) ;
#3239 = VERTEX_POINT ( 'NONE', #3989 ) ;
#3240 = STYLED_ITEM ( 'NONE', ( #6539 ), #3956 ) ;
#3241 = LINE ( 'NONE', #1931, #1747 ) ;
#3242 = EDGE_CURVE ( 'NONE', #6451, #1917, #3138, .T. ) ;
#3243 = CARTESIAN_POINT ( 'NONE',  ( 2.570415888038162700, 1.100000000000000300, 2.171059825573757900 ) ) ;
#3244 = ORIENTED_EDGE ( 'NONE', *, *, #1212, .F. ) ;
#3245 = LINE ( 'NONE', #4795, #2097 ) ;
#3246 = ORIENTED_EDGE ( 'NONE', *, *, #6116, .F. ) ;
#3247 = CARTESIAN_POINT ( 'NONE',  ( -5.468826377922771500E-015, 0.05000000000000000300, -2.159999999999934400 ) ) ;
#3248 = EDGE_CURVE ( 'NONE', #1068, #6315, #2256, .T. ) ;
#3249 = EDGE_CURVE ( 'NONE', #350, #4675, #2773, .T. ) ;
#3250 = DIRECTION ( 'NONE',  ( 1.000000000000000000, -0.0000000000000000000, 3.491481338843133400E-015 ) ) ;
#3251 = DIRECTION ( 'NONE',  ( 0.0000000000000000000, -1.000000000000000000, 0.0000000000000000000 ) ) ;
#3252 = CARTESIAN_POINT ( 'NONE',  ( -2.750000000000000900, 0.05000000000000002400, 0.8899999999999627100 ) ) ;
#3253 = EDGE_LOOP ( 'NONE', ( #2590, #1563, #979, #1812 ) ) ;
#3254 = VERTEX_POINT ( 'NONE', #6853 ) ;
#3255 = ORIENTED_EDGE ( 'NONE', *, *, #7218, .F. ) ;
#3256 = DIRECTION ( 'NONE',  ( -0.0000000000000000000, -1.000000000000000000, 0.0000000000000000000 ) ) ;
#3257 = DIRECTION ( 'NONE',  ( 1.812821066739969000E-014, 0.0000000000000000000, -1.000000000000000000 ) ) ;
#3258 = CARTESIAN_POINT ( 'NONE',  ( -2.875000000000001300, 0.3000000000000000400, 0.4299999999999897800 ) ) ;
#3259 = ORIENTED_EDGE ( 'NONE', *, *, #1077, .F. ) ;
#3260 = DIRECTION ( 'NONE',  ( 3.491481338843133400E-015, 0.0000000000000000000, -1.000000000000000000 ) ) ;
#3261 = ADVANCED_FACE ( 'NONE', ( #4399 ), #3722, .T. ) ;
#3262 = FACE_OUTER_BOUND ( 'NONE', #2162, .T. ) ;
#3263 = CARTESIAN_POINT ( 'NONE',  ( -2.616626553471174800, 1.058328153338096600, -2.272477398859713600 ) ) ;
#3264 = ORIENTED_EDGE ( 'NONE', *, *, #3185, .F. ) ;
#3265 = ORIENTED_EDGE ( 'NONE', *, *, #7040, .F. ) ;
#3266 = ORIENTED_EDGE ( 'NONE', *, *, #4598, .T. ) ;
#3267 = DIRECTION ( 'NONE',  ( -1.000000000000000000, 0.0000000000000000000, -2.949380252600381100E-015 ) ) ;
#3268 = CARTESIAN_POINT ( 'NONE',  ( 2.571090194629085600, 1.094165267273311800, 2.201895891117761700 ) ) ;
#3269 = ORIENTED_EDGE ( 'NONE', *, *, #1791, .T. ) ;
#3270 = DIRECTION ( 'NONE',  ( 1.000000000000000000, 0.0000000000000000000, -2.531864063853214100E-015 ) ) ;
#3271 = CARTESIAN_POINT ( 'NONE',  ( 3.000000000000028400, 0.0000000000000000000, 2.109999999999847600 ) ) ;
#3272 = CARTESIAN_POINT ( 'NONE',  ( -2.875000000000001300, 0.05000000000000000300, 0.4299999999999898300 ) ) ;
#3273 = DIRECTION ( 'NONE',  ( 0.0000000000000000000, -1.000000000000000000, 0.0000000000000000000 ) ) ;
#3274 = VECTOR ( 'NONE', #4861, 1000.000000000000000 ) ;
#3275 = CARTESIAN_POINT ( 'NONE',  ( -1.819999999999973000, 0.05000000000000000300, -1.820000000000005200 ) ) ;
#3276 = VECTOR ( 'NONE', #3330, 1000.000000000000000 ) ;
#3277 = CARTESIAN_POINT ( 'NONE',  ( 2.800000000000052200, 0.05000000000000002400, -0.8399999999999632200 ) ) ;
#3278 = AXIS2_PLACEMENT_3D ( 'NONE', #1496, #5577, #7280 ) ;
#3279 = CARTESIAN_POINT ( 'NONE',  ( -2.593825746007059500, 1.100000000000000100, -2.151292836554598200 ) ) ;
#3280 = CARTESIAN_POINT ( 'NONE',  ( -1.089999999999999000, 0.05000000000000000300, -3.170348870086719600E-015 ) ) ;
#3281 = EDGE_CURVE ( 'NONE', #5723, #7017, #397, .T. ) ;
#3282 = AXIS2_PLACEMENT_3D ( 'NONE', #2930, #2305, #2960 ) ;
#3283 = FACE_OUTER_BOUND ( 'NONE', #1821, .T. ) ;
#3284 = EDGE_CURVE ( 'NONE', #5963, #7321, #3405, .T. ) ;
#3285 = ORIENTED_EDGE ( 'NONE', *, *, #1366, .F. ) ;
#3286 = EDGE_CURVE ( 'NONE', #3721, #4747, #5288, .T. ) ;
#3287 = DIRECTION ( 'NONE',  ( 3.491481338843133400E-015, 0.0000000000000000000, -1.000000000000000000 ) ) ;
#3288 = CARTESIAN_POINT ( 'NONE',  ( 2.663167262602762300, 1.074102485729360400, 2.199313815729606200 ) ) ;
#3289 = DIRECTION ( 'NONE',  ( 0.0000000000000000000, -1.000000000000000000, 0.0000000000000000000 ) ) ;
#3290 = CARTESIAN_POINT ( 'NONE',  ( -1.089999999999993000, 0.3000000000000000400, -2.109999999999902200 ) ) ;
#3291 = ADVANCED_FACE ( 'NONE', ( #3499 ), #2789, .F. ) ;
#3292 = FACE_OUTER_BOUND ( 'NONE', #771, .T. ) ;
#3293 = VECTOR ( 'NONE', #101, 1000.000000000000000 ) ;
#3294 = ORIENTED_EDGE ( 'NONE', *, *, #776, .T. ) ;
#3295 = AXIS2_PLACEMENT_3D ( 'NONE', #2429, #6411, #1852 ) ;
#3296 = VERTEX_POINT ( 'NONE', #87 ) ;
#3297 = PLANE ( 'NONE',  #308 ) ;
#3298 = PLANE ( 'NONE',  #296 ) ;
#3299 = EDGE_LOOP ( 'NONE', ( #5519, #4890, #4497, #2503 ) ) ;
#3300 = CARTESIAN_POINT ( 'NONE',  ( -2.800000000000006900, 0.0000000000000000000, 0.4299999999999900600 ) ) ;
#3301 = EDGE_CURVE ( 'NONE', #3554, #2956, #1904, .T. ) ;
#3302 = LINE ( 'NONE', #7183, #1806 ) ;
#3303 = LINE ( 'NONE', #4325, #4483 ) ;
#3305 = ORIENTED_EDGE ( 'NONE', *, *, #1228, .F. ) ;
#3304 = DIRECTION ( 'NONE',  ( 1.000000000000000000, 0.0000000000000000000, 3.370341431302853500E-015 ) ) ;
#3306 = CARTESIAN_POINT ( 'NONE',  ( 2.250000000000015100, 0.05000000000000000300, 7.855833012397102100E-015 ) ) ;
#3307 = DIRECTION ( 'NONE',  ( 0.0000000000000000000, -1.000000000000000000, 0.0000000000000000000 ) ) ;
#3308 = CARTESIAN_POINT ( 'NONE',  ( -2.565815600712991100, 1.100000000000000100, -2.140815600713008600 ) ) ;
#3309 = CARTESIAN_POINT ( 'NONE',  ( -1.089999999999993000, 0.0000000000000000000, -2.109999999999902200 ) ) ;
#3310 = VECTOR ( 'NONE', #5132, 1000.000000000000000 ) ;
#3311 = ORIENTED_EDGE ( 'NONE', *, *, #592, .F. ) ;
#3312 = ORIENTED_EDGE ( 'NONE', *, *, #5157, .T. ) ;
#3313 = ORIENTED_EDGE ( 'NONE', *, *, #3529, .F. ) ;
#3314 = CARTESIAN_POINT ( 'NONE',  ( -2.571479642561175900, 1.094177520915676800, 2.201832952129349600 ) ) ;
#3315 = AXIS2_PLACEMENT_3D ( 'NONE', #5668, #2300, #556 ) ;
#3316 = ORIENTED_EDGE ( 'NONE', *, *, #4084, .T. ) ;
#3317 = CARTESIAN_POINT ( 'NONE',  ( 2.800000000000065500, 4.944146853836610200, -2.109999999999908400 ) ) ;
#3318 = CARTESIAN_POINT ( 'NONE',  ( -0.7430000000000072100, 0.2999999999999999300, 2.449999999999998400 ) ) ;
#3320 = ORIENTED_EDGE ( 'NONE', *, *, #6726, .T. ) ;
#3319 = LINE ( 'NONE', #4734, #6006 ) ;
#3321 = ORIENTED_EDGE ( 'NONE', *, *, #4008, .F. ) ;
#3322 = ORIENTED_EDGE ( 'NONE', *, *, #6491, .T. ) ;
#3323 = CARTESIAN_POINT ( 'NONE',  ( -0.7429999999999907800, 0.0000000000000000000, -2.450000000000002800 ) ) ;
#3324 = CARTESIAN_POINT ( 'NONE',  ( 2.730083012011836000, 1.038501140921777900, 2.155000909794730000 ) ) ;
#3325 = DIRECTION ( 'NONE',  ( 2.286812258303601300E-015, 0.0000000000000000000, -1.000000000000000000 ) ) ;
#3326 = FACE_OUTER_BOUND ( 'NONE', #1568, .T. ) ;
#3327 = VERTEX_POINT ( 'NONE', #2917 ) ;
#3328 = LINE ( 'NONE', #2676, #6099 ) ;
#3329 = AXIS2_PLACEMENT_3D ( 'NONE', #3572, #757, #3600 ) ;
#3330 = DIRECTION ( 'NONE',  ( 0.0000000000000000000, -1.000000000000000000, 0.0000000000000000000 ) ) ;
#3331 = DIRECTION ( 'NONE',  ( -7.968680068296320200E-014, 0.0000000000000000000, 1.000000000000000000 ) ) ;
#3332 = VERTEX_POINT ( 'NONE', #1815 ) ;
#3333 = DIRECTION ( 'NONE',  ( -7.478262672352445800E-014, 0.0000000000000000000, -1.000000000000000000 ) ) ;
#3334 = VECTOR ( 'NONE', #4593, 1000.000000000000000 ) ;
#3335 = ORIENTED_EDGE ( 'NONE', *, *, #5696, .T. ) ;
#3336 = DIRECTION ( 'NONE',  ( 0.7071067811870299600, 0.0000000000000000000, -0.7071067811860651800 ) ) ;
#3337 = PLANE ( 'NONE',  #4511 ) ;
#3338 = PLANE ( 'NONE',  #4986 ) ;
#3339 = CARTESIAN_POINT ( 'NONE',  ( -2.570415886819815900, 1.100000000000000100, 2.171059826134698100 ) ) ;
#3340 = VECTOR ( 'NONE', #1961, 1000.000000000000000 ) ;
#3341 = LINE ( 'NONE', #3844, #4799 ) ;
#3342 = CARTESIAN_POINT ( 'NONE',  ( -2.581267286908975700, 1.024617519019943800, -2.319770754643702300 ) ) ;
#3343 = CARTESIAN_POINT ( 'NONE',  ( 1.878260781622933400E-014, 0.05000000000000000300, -2.159999999999933100 ) ) ;
#3344 = DIRECTION ( 'NONE',  ( -1.623157213851275900E-017, 0.0000000000000000000, -1.000000000000000000 ) ) ;
#3345 = LINE ( 'NONE', #5361, #609 ) ;
#3346 = EDGE_CURVE ( 'NONE', #5727, #2517, #1724, .T. ) ;
#3347 = PLANE ( 'NONE',  #1321 ) ;
#3348 = ORIENTED_EDGE ( 'NONE', *, *, #1228, .T. ) ;
#3349 = CARTESIAN_POINT ( 'NONE',  ( -2.999999999999983100, 0.2999999999999999300, -0.4299999999999799500 ) ) ;
#3350 = ADVANCED_FACE ( 'NONE', ( #3225 ), #6364, .F. ) ;
#3351 = ADVANCED_FACE ( 'NONE', ( #6799 ), #676, .T. ) ;
#3352 = PLANE ( 'NONE',  #4615 ) ;
#3353 = EDGE_LOOP ( 'NONE', ( #4150, #6589, #4631, #501 ) ) ;
#3354 = CARTESIAN_POINT ( 'NONE',  ( -2.777139214387620600, 1.231083180092644500, -2.352139214387637600 ) ) ;
#3355 = DIRECTION ( 'NONE',  ( 0.0000000000000000000, -1.000000000000000000, 0.0000000000000000000 ) ) ;
#3356 = VERTEX_POINT ( 'NONE', #3493 ) ;
#3357 = DIRECTION ( 'NONE',  ( -8.176558940121068700E-014, 0.0000000000000000000, 1.000000000000000000 ) ) ;
#3358 = EDGE_LOOP ( 'NONE', ( #4415, #1811, #560, #252, #5322, #3143, #5475, #1662, #328, #4802, #5968, #5281, #479, #5452, #5566, #3141, #4493, #1715, #130, #386, #3982, #6659, #1494, #3228, #4261, #3671, #5142, #6170, #7258, #1839, #6702, #602, #3837, #3102, #5234, #5097, #4766, #6519, #3199, #7210, #6279, #7285, #1099, #5720, #1021, #7385, #3379, #5415, #1671, #591, #747, #321 ) ) ;
#3359 = CARTESIAN_POINT ( 'NONE',  ( -2.595213534185510300, 1.100000000000000100, -2.148371208428035300 ) ) ;
#3360 =( NAMED_UNIT ( * ) SI_UNIT ( $, .STERADIAN. ) SOLID_ANGLE_UNIT ( ) );
#3361 = EDGE_CURVE ( 'NONE', #2704, #6148, #4585, .T. ) ;
#3362 = CARTESIAN_POINT ( 'NONE',  ( -2.577578472738212500, 1.072362714127458500, 2.258565458974175000 ) ) ;
#3363 = ORIENTED_EDGE ( 'NONE', *, *, #6127, .F. ) ;
#3364 = DIRECTION ( 'NONE',  ( -0.0000000000000000000, -1.000000000000000000, 0.0000000000000000000 ) ) ;
#3365 = DIRECTION ( 'NONE',  ( 0.0000000000000000000, -1.000000000000000000, 0.0000000000000000000 ) ) ;
#3366 = VECTOR ( 'NONE', #7142, 1000.000000000000000 ) ;
#3367 = CARTESIAN_POINT ( 'NONE',  ( 2.800000000000028200, 0.3000000000000000400, 1.699999999999926500 ) ) ;
#3368 = DIRECTION ( 'NONE',  ( -1.000000000000000000, 0.0000000000000000000, -3.370341431302853500E-015 ) ) ;
#3369 = CARTESIAN_POINT ( 'NONE',  ( 2.874999999999991600, 0.3000000000000000400, 2.450000000000010400 ) ) ;
#3370 = PLANE ( 'NONE',  #3880 ) ;
#3371 = PLANE ( 'NONE',  #6357 ) ;
#3372 = CARTESIAN_POINT ( 'NONE',  ( -2.784027913087534900, 1.165541590046322200, -2.359027913087552900 ) ) ;
#3373 = CARTESIAN_POINT ( 'NONE',  ( 2.740094501019929100, 1.018993551217319200, -2.209437647979512100 ) ) ;
#3374 = AXIS2_PLACEMENT_3D ( 'NONE', #2641, #3761, #951 ) ;
#3375 = CARTESIAN_POINT ( 'NONE',  ( -2.749999999999981800, 0.3000000000000000400, 2.159999999999908200 ) ) ;
#3376 = VECTOR ( 'NONE', #3490, 1000.000000000000000 ) ;
#3377 = VERTEX_POINT ( 'NONE', #1691 ) ;
#3378 = DIRECTION ( 'NONE',  ( 1.000000000000000000, 0.0000000000000000000, 3.491481338843133400E-015 ) ) ;
#3379 = ORIENTED_EDGE ( 'NONE', *, *, #4656, .T. ) ;
#3380 = SURFACE_STYLE_USAGE ( .BOTH. , #6777 ) ;
#3381 = EDGE_CURVE ( 'NONE', #6387, #4303, #6084, .T. ) ;
#3382 = ORIENTED_EDGE ( 'NONE', *, *, #6454, .T. ) ;
#3383 = AXIS2_PLACEMENT_3D ( 'NONE', #2050, #2613, #5328 ) ;
#3384 = CARTESIAN_POINT ( 'NONE',  ( -2.588955405330922500, 1.100000000000000100, 2.158780931762362500 ) ) ;
#3385 = ADVANCED_FACE ( 'NONE', ( #1994 ), #3, .F. ) ;
#3386 = EDGE_CURVE ( 'NONE', #2779, #6274, #482, .T. ) ;
#3387 = VECTOR ( 'NONE', #6336, 1000.000000000000000 ) ;
#3388 = LINE ( 'NONE', #3280, #210 ) ;
#3389 = EDGE_CURVE ( 'NONE', #4042, #3485, #4684, .T. ) ;
#3390 = CARTESIAN_POINT ( 'NONE',  ( 2.565815600712991100, 1.100000000000000100, 2.140815600713008600 ) ) ;
#3391 = EDGE_LOOP ( 'NONE', ( #6814, #1501, #6485, #2667 ) ) ;
#3392 = CARTESIAN_POINT ( 'NONE',  ( 2.795544423828260500, 0.9401913197693587700, -2.205072234566058900 ) ) ;
#3393 = VERTEX_POINT ( 'NONE', #2432 ) ;
#3394 = CARTESIAN_POINT ( 'NONE',  ( -0.9970000000000037700, 0.05000000000000000300, -1.573448837236409400E-015 ) ) ;
#3395 = FACE_OUTER_BOUND ( 'NONE', #5364, .T. ) ;
#3396 = ORIENTED_EDGE ( 'NONE', *, *, #454, .F. ) ;
#3397 = PLANE ( 'NONE',  #1058 ) ;
#3398 = ORIENTED_EDGE ( 'NONE', *, *, #3386, .F. ) ;
#3399 = PLANE ( 'NONE',  #2326 ) ;
#3400 = DIRECTION ( 'NONE',  ( -1.000000000000000000, 0.0000000000000000000, -3.491481338843133000E-015 ) ) ;
#3401 = CARTESIAN_POINT ( 'NONE',  ( 2.489999999999991300, 0.2999999999999999300, 0.3799999999999428800 ) ) ;
#3403 = VERTEX_POINT ( 'NONE', #6954 ) ;
#3402 = FACE_OUTER_BOUND ( 'NONE', #5104, .T. ) ;
#3404 = ORIENTED_EDGE ( 'NONE', *, *, #2446, .T. ) ;
#3405 = LINE ( 'NONE', #2893, #927 ) ;
#3406 = CARTESIAN_POINT ( 'NONE',  ( -0.9970000000000069900, 0.0000000000000000000, 2.109999999999913700 ) ) ;
#3407 = CARTESIAN_POINT ( 'NONE',  ( 2.573371208428032900, 1.100000000000000100, -2.170213534185512200 ) ) ;
#3408 = PLANE ( 'NONE',  #593 ) ;
#3409 = EDGE_LOOP ( 'NONE', ( #4003, #1883, #2787, #5908 ) ) ;
#3410 = CARTESIAN_POINT ( 'NONE',  ( -2.874999999999993800, 0.3000000000000000400, -1.699999999999926200 ) ) ;
#3411 = ORIENTED_EDGE ( 'NONE', *, *, #4413, .F. ) ;
#3412 = MANIFOLD_SOLID_BREP ( 'Body-Move/Copy1[5]', #5636 ) ;
#3413 = VECTOR ( 'NONE', #4071, 1000.000000000000000 ) ;
#3414 = FACE_OUTER_BOUND ( 'NONE', #3793, .T. ) ;
#3415 = ORIENTED_EDGE ( 'NONE', *, *, #3664, .F. ) ;
#3416 = VECTOR ( 'NONE', #7226, 1000.000000000000000 ) ;
#3417 = CARTESIAN_POINT ( 'NONE',  ( -2.708330161876652200, 1.056877884652687600, 2.163118712283643900 ) ) ;
#3418 = CARTESIAN_POINT ( 'NONE',  ( 2.750000000000040400, 0.2999999999999999300, -0.3799999999999621500 ) ) ;
#3419 = ORIENTED_EDGE ( 'NONE', *, *, #3346, .F. ) ;
#3421 = ORIENTED_EDGE ( 'NONE', *, *, #1597, .F. ) ;
#3420 = VECTOR ( 'NONE', #5121, 1000.000000000000000 ) ;
#3422 = FACE_OUTER_BOUND ( 'NONE', #935, .T. ) ;
#3423 = EDGE_LOOP ( 'NONE', ( #6085, #5592, #1421, #6655 ) ) ;
#3424 = CARTESIAN_POINT ( 'NONE',  ( 2.800000000000062900, 0.3000000000000000400, -1.699999999999908700 ) ) ;
#3425 = VECTOR ( 'NONE', #2644, 1000.000000000000000 ) ;
#3426 = CARTESIAN_POINT ( 'NONE',  ( -1.522769696061448800E-014, 0.05000000000000000300, 0.8399999999999309100 ) ) ;
#3427 = EDGE_LOOP ( 'NONE', ( #5460, #5552, #3514, #7239 ) ) ;
#3428 = ORIENTED_EDGE ( 'NONE', *, *, #835, .T. ) ;
#3429 = VECTOR ( 'NONE', #5396, 1000.000000000000000 ) ;
#3430 = ORIENTED_EDGE ( 'NONE', *, *, #1973, .T. ) ;
#3431 = ADVANCED_FACE ( 'NONE', ( #3044 ), #1094, .F. ) ;
#3432 = AXIS2_PLACEMENT_3D ( 'NONE', #2639, #5521, #3636 ) ;
#3433 = CARTESIAN_POINT ( 'NONE',  ( -2.750000000000016900, 0.0000000000000000000, -2.159999999999927800 ) ) ;
#3434 = EDGE_CURVE ( 'NONE', #4516, #4987, #2683, .T. ) ;
#3435 = CARTESIAN_POINT ( 'NONE',  ( 2.635303057768115600, 1.074261574275177100, -2.229730755390289000 ) ) ;
#3436 = CARTESIAN_POINT ( 'NONE',  ( -2.750000000000007500, 0.0000000000000000000, 0.3799999999999628700 ) ) ;
#3437 = ORIENTED_EDGE ( 'NONE', *, *, #3443, .T. ) ;
#3438 = VECTOR ( 'NONE', #1180, 1000.000000000000000 ) ;
#3439 = LINE ( 'NONE', #3418, #1761 ) ;
#3440 = CARTESIAN_POINT ( 'NONE',  ( -4.939514477935583000E-015, 0.05000000000000000300, 2.159999999999914000 ) ) ;
#3441 = CARTESIAN_POINT ( 'NONE',  ( 2.814382077747716400, 0.8765143461028253000, 2.165986782471031300 ) ) ;
#3442 = EDGE_CURVE ( 'NONE', #3928, #4596, #1380, .T. ) ;
#3443 = EDGE_CURVE ( 'NONE', #5754, #2030, #5737, .T. ) ;
#3444 = LINE ( 'NONE', #2096, #510 ) ;
#3445 = DIRECTION ( 'NONE',  ( -1.000000000000000000, 0.0000000000000000000, -6.680311257917186800E-015 ) ) ;
#3446 = ORIENTED_EDGE ( 'NONE', *, *, #830, .F. ) ;
#3447 = CARTESIAN_POINT ( 'NONE',  ( 2.632132579914730800, 0.9107341199520375700, -2.380576096924317500 ) ) ;
#3448 = ORIENTED_EDGE ( 'NONE', *, *, #6491, .F. ) ;
#3449 = EDGE_CURVE ( 'NONE', #5987, #6256, #1764, .T. ) ;
#3450 = CARTESIAN_POINT ( 'NONE',  ( -2.800000000000014000, 4.944146853836610200, -0.4299999999999822900 ) ) ;
#3451 = DIRECTION ( 'NONE',  ( -1.000000000000000000, 0.0000000000000000000, -1.141449721469845700E-014 ) ) ;
#3452 = ORIENTED_EDGE ( 'NONE', *, *, #5649, .T. ) ;
#3453 = DIRECTION ( 'NONE',  ( -1.000000000000000000, 0.0000000000000000000, -3.491481338843133400E-015 ) ) ;
#3454 = CARTESIAN_POINT ( 'NONE',  ( -2.874999999999991600, 0.3000000000000000400, -2.450000000000010400 ) ) ;
#3455 = FACE_OUTER_BOUND ( 'NONE', #672, .T. ) ;
#3456 = CARTESIAN_POINT ( 'NONE',  ( 2.681178407718929300, 1.020784064028163100, -2.286957376646188100 ) ) ;
#3457 = DIRECTION ( 'NONE',  ( -6.687560834572015700E-014, 0.0000000000000000000, 1.000000000000000000 ) ) ;
#3458 = CARTESIAN_POINT ( 'NONE',  ( -2.802258690362695600, 0.9362677717270934100, -2.161233664771067300 ) ) ;
#3459 = LINE ( 'NONE', #7038, #2131 ) ;
#3460 = CARTESIAN_POINT ( 'NONE',  ( -2.596059825573754100, 1.100000000000000300, 2.145415888038162400 ) ) ;
#3461 = ADVANCED_FACE ( 'NONE', ( #5221 ), #6979, .T. ) ;
#3462 = CARTESIAN_POINT ( 'NONE',  ( 2.250000000000008400, 0.0000000000000000000, 1.904999999999940100 ) ) ;
#3463 = DIRECTION ( 'NONE',  ( 3.491481338843133400E-015, 0.0000000000000000000, -1.000000000000000000 ) ) ;
#3464 = CARTESIAN_POINT ( 'NONE',  ( 2.777139214387636600, 1.231083180092644500, -2.352139214387618500 ) ) ;
#3465 = VECTOR ( 'NONE', #2797, 1000.000000000000000 ) ;
#3466 = ORIENTED_EDGE ( 'NONE', *, *, #4454, .F. ) ;
#3467 = AXIS2_PLACEMENT_3D ( 'NONE', #4463, #6144, #3830 ) ;
#3468 = PLANE ( 'NONE',  #3007 ) ;
#3469 = ORIENTED_EDGE ( 'NONE', *, *, #5057, .T. ) ;
#3470 = CARTESIAN_POINT ( 'NONE',  ( 2.538084664280346700, 1.139974351693964200, 2.361715138122432800 ) ) ;
#3471 = DIRECTION ( 'NONE',  ( 1.000000000000000000, 0.0000000000000000000, -1.877011598306432700E-013 ) ) ;
#3472 = VECTOR ( 'NONE', #6367, 1000.000000000000000 ) ;
#3473 = FACE_OUTER_BOUND ( 'NONE', #258, .T. ) ;
#3474 = ORIENTED_EDGE ( 'NONE', *, *, #2620, .T. ) ;
#3475 = ORIENTED_EDGE ( 'NONE', *, *, #5410, .F. ) ;
#3476 = EDGE_CURVE ( 'NONE', #4661, #7017, #2721, .T. ) ;
#3477 = CARTESIAN_POINT ( 'NONE',  ( 2.638229427783807400, 1.059090531170772100, -2.260426471246351100 ) ) ;
#3478 = CARTESIAN_POINT ( 'NONE',  ( -2.587284338101318000, 0.8761377525753096800, 2.389445482107877900 ) ) ;
#3479 = CARTESIAN_POINT ( 'NONE',  ( 2.875000000000008400, 0.3000000000000000400, -2.449999999999990400 ) ) ;
#3480 = VECTOR ( 'NONE', #729, 1000.000000000000000 ) ;
#3481 = EDGE_LOOP ( 'NONE', ( #5333, #6119, #33, #2491 ) ) ;
#3482 = AXIS2_PLACEMENT_3D ( 'NONE', #4109, #1878, #1901 ) ;
#3483 = EDGE_CURVE ( 'NONE', #6217, #2288, #1643, .T. ) ;
#3484 = EDGE_CURVE ( 'NONE', #804, #767, #6478, .T. ) ;
#3485 = VERTEX_POINT ( 'NONE', #6829 ) ;
#3486 = DIRECTION ( 'NONE',  ( 0.0000000000000000000, -1.000000000000000000, 0.0000000000000000000 ) ) ;
#3487 = ADVANCED_FACE ( 'NONE', ( #2200 ), #4671, .T. ) ;
#3488 = VECTOR ( 'NONE', #250, 1000.000000000000000 ) ;
#3489 = ORIENTED_EDGE ( 'NONE', *, *, #6804, .F. ) ;
#3490 = DIRECTION ( 'NONE',  ( 4.062114061203939100E-015, -0.0000000000000000000, -1.000000000000000000 ) ) ;
#3491 = CARTESIAN_POINT ( 'NONE',  ( 2.802008213787129200, 0.8824655181532822200, -2.234982266249444300 ) ) ;
#3492 = DIRECTION ( 'NONE',  ( -3.491481338843133400E-015, 0.0000000000000000000, 1.000000000000000000 ) ) ;
#3493 = CARTESIAN_POINT ( 'NONE',  ( -1.090000000000000100, 0.3000000000000000400, 0.2499999999999967500 ) ) ;
#3494 = DIRECTION ( 'NONE',  ( -0.7071067811863260800, 0.0000000000000000000, 0.7071067811867690600 ) ) ;
#3495 = CARTESIAN_POINT ( 'NONE',  ( 2.875000000000001300, 0.05000000000000000300, -0.4299999999999620200 ) ) ;
#3496 = EDGE_LOOP ( 'NONE', ( #3398, #4531, #3673, #5049 ) ) ;
#3497 = DIRECTION ( 'NONE',  ( -1.168734907595626100E-014, 0.0000000000000000000, -1.000000000000000000 ) ) ;
#3498 = CARTESIAN_POINT ( 'NONE',  ( 2.874999999999991100, 0.3000000000000000400, 2.450000000000010400 ) ) ;
#3499 = FACE_OUTER_BOUND ( 'NONE', #762, .T. ) ;
#3500 = DIRECTION ( 'NONE',  ( 1.000000000000000000, -0.0000000000000000000, -7.370371334212277500E-014 ) ) ;
#3501 = ADVANCED_FACE ( 'NONE', ( #7032 ), #4844, .F. ) ;
#3502 = DIRECTION ( 'NONE',  ( -6.892899919189997300E-015, 0.0000000000000000000, 1.000000000000000000 ) ) ;
#3503 = EDGE_CURVE ( 'NONE', #3831, #2333, #6552, .T. ) ;
#3504 = CARTESIAN_POINT ( 'NONE',  ( -0.9970000000000074400, 0.3000000000000000400, 2.449999999999998000 ) ) ;
#3505 = CARTESIAN_POINT ( 'NONE',  ( 2.596357977997334000, 1.100000000000000100, -2.143849760970801400 ) ) ;
#3506 = VECTOR ( 'NONE', #3857, 1000.000000000000000 ) ;
#3507 = VERTEX_POINT ( 'NONE', #5427 ) ;
#3508 = DIRECTION ( 'NONE',  ( 0.0000000000000000000, -1.000000000000000000, 0.0000000000000000000 ) ) ;
#3509 = LINE ( 'NONE', #5028, #4605 ) ;
#3510 = CARTESIAN_POINT ( 'NONE',  ( -2.710400185261162300, 1.056223637731297900, -2.153301215384539900 ) ) ;
#3511 = CARTESIAN_POINT ( 'NONE',  ( -2.565815600713005700, 1.099999999999999900, 2.140815600712991300 ) ) ;
#3512 = LINE ( 'NONE', #5738, #4045 ) ;
#3513 = VECTOR ( 'NONE', #1179, 1000.000000000000000 ) ;
#3514 = ORIENTED_EDGE ( 'NONE', *, *, #5193, .T. ) ;
#3515 = CARTESIAN_POINT ( 'NONE',  ( 2.585333628570356500, 0.9908156901948972400, -2.349425092825442100 ) ) ;
#3516 = CARTESIAN_POINT ( 'NONE',  ( 2.582221402585060100, 1.015348775007399700, -2.330796319344249600 ) ) ;
#3517 = DIRECTION ( 'NONE',  ( 1.000000000000000000, 0.0000000000000000000, 3.491481338843133400E-015 ) ) ;
#3518 = ORIENTED_EDGE ( 'NONE', *, *, #2769, .F. ) ;
#3519 = LINE ( 'NONE', #6785, #4711 ) ;
#3520 = VECTOR ( 'NONE', #514, 1000.000000000000000 ) ;
#3521 = CARTESIAN_POINT ( 'NONE',  ( 2.750000000000039500, 0.3000000000000000400, -1.649999999999908700 ) ) ;
#3522 = CARTESIAN_POINT ( 'NONE',  ( -2.750000000000012400, 0.3000000000000000400, -0.8899999999999823600 ) ) ;
#3523 = DIRECTION ( 'NONE',  ( -0.7071067811864932800, 0.0000000000000000000, -0.7071067811866017500 ) ) ;
#3524 = ORIENTED_EDGE ( 'NONE', *, *, #3994, .T. ) ;
#3525 = FACE_OUTER_BOUND ( 'NONE', #4102, .T. ) ;
#3526 = CARTESIAN_POINT ( 'NONE',  ( -2.390000000000007200, 0.3000000000000000400, 0.3799999999999915700 ) ) ;
#3527 = DIRECTION ( 'NONE',  ( 3.491481338843133400E-015, -0.0000000000000000000, -1.000000000000000000 ) ) ;
#3528 = ADVANCED_FACE ( 'NONE', ( #3870 ), #6014, .F. ) ;
#3529 = EDGE_CURVE ( 'NONE', #4240, #2956, #5139, .T. ) ;
#3530 = AXIS2_PLACEMENT_3D ( 'NONE', #5608, #1135, #5631 ) ;
#3531 = CARTESIAN_POINT ( 'NONE',  ( 2.750000000000038200, 0.3000000000000000400, 0.3799999999999814100 ) ) ;
#3532 = CARTESIAN_POINT ( 'NONE',  ( -2.575857270391277900, 1.071421919577109300, 2.257886332507117000 ) ) ;
#3533 = DIRECTION ( 'NONE',  ( -1.000000000000000000, 0.0000000000000000000, -9.894763254153612300E-016 ) ) ;
#3534 = EDGE_CURVE ( 'NONE', #5997, #5227, #5588, .T. ) ;
#3535 = EDGE_CURVE ( 'NONE', #4232, #4317, #694, .T. ) ;
#3536 = EDGE_LOOP ( 'NONE', ( #5734, #4447, #438, #4292 ) ) ;
#3537 = CARTESIAN_POINT ( 'NONE',  ( 2.490000000000003300, 0.0000000000000000000, -0.8899999999999274000 ) ) ;
#3538 = CARTESIAN_POINT ( 'NONE',  ( -2.603971746946822700, 0.9379537651895680800, 2.375416761949546500 ) ) ;
#3539 = CARTESIAN_POINT ( 'NONE',  ( 3.000000000000006200, 4.944146853836610200, 0.8399999999999853100 ) ) ;
#3540 = CARTESIAN_POINT ( 'NONE',  ( 2.766839937403323500, 0.9937833258818688000, -2.196387496676316600 ) ) ;
#3541 = EDGE_CURVE ( 'NONE', #4475, #7211, #1416, .T. ) ;
#3542 = VERTEX_POINT ( 'NONE', #2000 ) ;
#3543 = CARTESIAN_POINT ( 'NONE',  ( -2.800000000000004700, 4.944146853836610200, 1.699999999999908500 ) ) ;
#3544 = FACE_OUTER_BOUND ( 'NONE', #5450, .T. ) ;
#3545 = CARTESIAN_POINT ( 'NONE',  ( -2.749999999999995100, 0.3000000000000000400, -1.649999999999927100 ) ) ;
#3546 = SURFACE_SIDE_STYLE ('',( #1632 ) ) ;
#3547 = CARTESIAN_POINT ( 'NONE',  ( -2.390000000000007200, 0.3000000000000000400, 0.3799999999999915700 ) ) ;
#3548 = CARTESIAN_POINT ( 'NONE',  ( 2.565815600713005700, 1.100000000000000100, -2.140815600712990400 ) ) ;
#3549 = DIRECTION ( 'NONE',  ( -0.0000000000000000000, -1.000000000000000000, 0.0000000000000000000 ) ) ;
#3550 = CARTESIAN_POINT ( 'NONE',  ( -2.390000000000004600, 0.0000000000000000000, 1.649999999999909300 ) ) ;
#3551 = CARTESIAN_POINT ( 'NONE',  ( -2.774425092471883000, 0.9908156907146672400, 2.160333633185691000 ) ) ;
#3552 = LINE ( 'NONE', #5793, #4372 ) ;
#3553 = ADVANCED_FACE ( 'NONE', ( #5499 ), #2024, .F. ) ;
#3554 = VERTEX_POINT ( 'NONE', #3087 ) ;
#3555 = CARTESIAN_POINT ( 'NONE',  ( 2.489999999999998000, 0.05000000000000002400, 0.8899999999999449500 ) ) ;
#3556 = CARTESIAN_POINT ( 'NONE',  ( -0.9970000000000069900, 0.2999999999999999300, 2.109999999999913700 ) ) ;
#3557 = VECTOR ( 'NONE', #2790, 1000.000000000000000 ) ;
#3558 = VECTOR ( 'NONE', #5854, 1000.000000000000000 ) ;
#3559 = ORIENTED_EDGE ( 'NONE', *, *, #1266, .F. ) ;
#3560 = EDGE_CURVE ( 'NONE', #4126, #7139, #1575, .T. ) ;
#3561 = CARTESIAN_POINT ( 'NONE',  ( 2.800000000000052200, 0.3000000000000000400, -0.8399999999999632200 ) ) ;
#3562 = CARTESIAN_POINT ( 'NONE',  ( 2.750000000000006700, 0.05000000000000002400, 0.8899999999999437300 ) ) ;
#3563 = CARTESIAN_POINT ( 'NONE',  ( -2.750000000000000900, 0.0000000000000000000, 0.8899999999999627100 ) ) ;
#3564 = DIRECTION ( 'NONE',  ( -0.0000000000000000000, -1.000000000000000000, 0.0000000000000000000 ) ) ;
#3565 = ORIENTED_EDGE ( 'NONE', *, *, #2302, .F. ) ;
#3566 = EDGE_CURVE ( 'NONE', #3845, #4878, #5329, .T. ) ;
#3567 = VECTOR ( 'NONE', #2825, 1000.000000000000000 ) ;
#3568 = ORIENTED_EDGE ( 'NONE', *, *, #1164, .T. ) ;
#3569 = EDGE_CURVE ( 'NONE', #3148, #6834, #80, .T. ) ;
#3570 = VERTEX_POINT ( 'NONE', #4293 ) ;
#3571 = CARTESIAN_POINT ( 'NONE',  ( 2.489999999999995800, 0.0000000000000000000, 1.649999999999926200 ) ) ;
#3572 = CARTESIAN_POINT ( 'NONE',  ( 0.0000000000000000000, 0.0000000000000000000, 0.0000000000000000000 ) ) ;
#3573 = CARTESIAN_POINT ( 'NONE',  ( 2.750000000000064400, 0.2999999999999999300, -2.159999999999909500 ) ) ;
#3574 = DIRECTION ( 'NONE',  ( -7.478262672352445800E-014, 0.0000000000000000000, -1.000000000000000000 ) ) ;
#3575 = AXIS2_PLACEMENT_3D ( 'NONE', #121, #1245, #1162 ) ;
#3577 = ORIENTED_EDGE ( 'NONE', *, *, #3361, .F. ) ;
#3576 = FACE_OUTER_BOUND ( 'NONE', #6967, .T. ) ;
#3578 = ORIENTED_EDGE ( 'NONE', *, *, #2382, .T. ) ;
#3579 = LINE ( 'NONE', #1710, #230 ) ;
#3580 = CARTESIAN_POINT ( 'NONE',  ( -2.784726100999016300, 0.8849511544987096500, 2.275913629128612400 ) ) ;
#3581 = EDGE_CURVE ( 'NONE', #171, #1108, #6846, .T. ) ;
#3582 = CARTESIAN_POINT ( 'NONE',  ( -3.000000000000006200, 4.944146853836610200, 2.109999999999907100 ) ) ;
#3583 = VECTOR ( 'NONE', #2997, 1000.000000000000000 ) ;
#3584 = VECTOR ( 'NONE', #2595, 1000.000000000000000 ) ;
#3585 = EDGE_LOOP ( 'NONE', ( #770, #2532, #868, #3382 ) ) ;
#3586 = LINE ( 'NONE', #4801, #4781 ) ;
#3587 = DIRECTION ( 'NONE',  ( 1.000000000000000000, 0.0000000000000000000, 3.491481338843133400E-015 ) ) ;
#3588 = ORIENTED_EDGE ( 'NONE', *, *, #498, .F. ) ;
#3589 = CARTESIAN_POINT ( 'NONE',  ( -2.999999999999983100, 0.0000000000000000000, -0.4299999999999799500 ) ) ;
#3590 = CARTESIAN_POINT ( 'NONE',  ( -1.089999999999993000, 0.3000000000000000400, -2.109999999999902200 ) ) ;
#3592 = VERTEX_POINT ( 'NONE', #2040 ) ;
#3591 = FACE_OUTER_BOUND ( 'NONE', #5266, .T. ) ;
#3593 = VECTOR ( 'NONE', #4832, 1000.000000000000000 ) ;
#3594 = EDGE_LOOP ( 'NONE', ( #1620, #3335, #6199, #6208 ) ) ;
#3595 = DIRECTION ( 'NONE',  ( -1.000000000000000000, 0.0000000000000000000, -4.093815879112860300E-015 ) ) ;
#3596 = VECTOR ( 'NONE', #3862, 1000.000000000000000 ) ;
#3597 = CARTESIAN_POINT ( 'NONE',  ( 3.000000000000032000, 0.2999999999999999300, -1.699999999999904900 ) ) ;
#3598 = ADVANCED_FACE ( 'NONE', ( #3262 ), #4271, .F. ) ;
#3599 = CARTESIAN_POINT ( 'NONE',  ( -2.565815600712998200, 0.8500000000000000900, -8.958497288802018100E-015 ) ) ;
#3600 = DIRECTION ( 'NONE',  ( -1.000000000000000000, 0.0000000000000000000, -3.491481338843133400E-015 ) ) ;
#3601 = ORIENTED_EDGE ( 'NONE', *, *, #4269, .T. ) ;
#3602 = CARTESIAN_POINT ( 'NONE',  ( -2.749999999999995100, 4.944146853836610200, -1.649999999999927100 ) ) ;
#3603 = ORIENTED_EDGE ( 'NONE', *, *, #4005, .T. ) ;
#3604 = VECTOR ( 'NONE', #4258, 1000.000000000000000 ) ;
#3605 = ORIENTED_EDGE ( 'NONE', *, *, #2346, .T. ) ;
#3606 = ORIENTED_EDGE ( 'NONE', *, *, #1369, .T. ) ;
#3607 = CARTESIAN_POINT ( 'NONE',  ( -2.605173112971574500, 0.9083540693244277500, 2.384931937150884800 ) ) ;
#3608 = ORIENTED_EDGE ( 'NONE', *, *, #513, .T. ) ;
#3609 = VECTOR ( 'NONE', #1752, 1000.000000000000000 ) ;
#3610 = LINE ( 'NONE', #7393, #1942 ) ;
#3611 = AXIS2_PLACEMENT_3D ( 'NONE', #6045, #7173, #2662 ) ;
#3612 = VERTEX_POINT ( 'NONE', #5412 ) ;
#3613 = CARTESIAN_POINT ( 'NONE',  ( -2.802008118257922000, 0.8824655146958290100, -2.234982328883186000 ) ) ;
#3614 = CARTESIAN_POINT ( 'NONE',  ( -2.589136774997789400, 0.8763245035297329000, 2.389425853791628200 ) ) ;
#3615 = VECTOR ( 'NONE', #4810, 1000.000000000000100 ) ;
#3616 = VERTEX_POINT ( 'NONE', #4244 ) ;
#3617 = EDGE_CURVE ( 'NONE', #5388, #4341, #3345, .T. ) ;
#3618 = DIRECTION ( 'NONE',  ( -1.000000000000000000, 0.0000000000000000000, -1.481907712820748700E-013 ) ) ;
#3619 = ORIENTED_EDGE ( 'NONE', *, *, #4793, .T. ) ;
#3620 = AXIS2_PLACEMENT_3D ( 'NONE', #2926, #4629, #2380 ) ;
#3621 = CARTESIAN_POINT ( 'NONE',  ( -2.800000000000013600, 0.3000000000000000400, -0.8399999999999819800 ) ) ;
#3622 = EDGE_CURVE ( 'NONE', #4195, #6239, #7293, .T. ) ;
#3623 = DIRECTION ( 'NONE',  ( 1.000000000000000000, 0.0000000000000000000, 3.491481338843133400E-015 ) ) ;
#3624 = ORIENTED_EDGE ( 'NONE', *, *, #3286, .T. ) ;
#3625 = DIRECTION ( 'NONE',  ( -1.578183387398599100E-015, 0.0000000000000000000, 1.000000000000000000 ) ) ;
#3626 = ORIENTED_EDGE ( 'NONE', *, *, #4051, .T. ) ;
#3627 = EDGE_CURVE ( 'NONE', #1202, #1210, #4964, .T. ) ;
#3628 = EDGE_CURVE ( 'NONE', #37, #5258, #4879, .T. ) ;
#3629 = FACE_OUTER_BOUND ( 'NONE', #4488, .T. ) ;
#3630 = CARTESIAN_POINT ( 'NONE',  ( -2.814446074555074300, 0.8761321158169138600, 2.162286107418065500 ) ) ;
#3631 = ADVANCED_FACE ( 'NONE', ( #3525 ), #4914, .T. ) ;
#3632 = CARTESIAN_POINT ( 'NONE',  ( -2.721707326935789900, 0.9155742305501217700, -2.337529584551892200 ) ) ;
#3633 = ORIENTED_EDGE ( 'NONE', *, *, #22, .F. ) ;
#3634 = LINE ( 'NONE', #1720, #5894 ) ;
#3635 = B_SPLINE_CURVE_WITH_KNOTS ( 'NONE', 3,
 ( #1457, #5956, #2512, #1481, #535, #6757, #6185, #3342, #7339, #6890, #5265, #2898, #5241, #5327, #86 ),
 .UNSPECIFIED., .F., .F.,
 ( 4, 2, 2, 1, 2, 2, 2, 4 ),
 ( 0.0000000000000000000, 0.2500000000000091000, 0.3750000000000139900, 0.4375000000000157700, 0.4687500000000166000, 0.5000000000000174300, 0.7500000000000087700, 1.000000000000000000 ),
 .UNSPECIFIED. ) ;
#3636 = DIRECTION ( 'NONE',  ( -0.7071067811866048600, 0.0000000000000000000, -0.7071067811864901700 ) ) ;
#3637 = DIRECTION ( 'NONE',  ( 0.7071067811865420200, 0.0000000000000000000, 0.7071067811865531200 ) ) ;
#3638 = DIRECTION ( 'NONE',  ( -3.491481338843133400E-015, 0.0000000000000000000, 1.000000000000000000 ) ) ;
#3639 = VECTOR ( 'NONE', #6100, 1000.000000000000000 ) ;
#3640 = CARTESIAN_POINT ( 'NONE',  ( -0.6500000000000070200, 0.3000000000000000400, 2.109999999999897300 ) ) ;
#3641 = DIRECTION ( 'NONE',  ( 0.0000000000000000000, -1.000000000000000000, 0.0000000000000000000 ) ) ;
#3642 = ORIENTED_EDGE ( 'NONE', *, *, #3389, .F. ) ;
#3643 = CARTESIAN_POINT ( 'NONE',  ( -2.389999999999957500, 4.944146853836610200, -1.649999999999929700 ) ) ;
#3644 = CARTESIAN_POINT ( 'NONE',  ( 2.800000000000038900, 0.0000000000000000000, 0.4299999999999817900 ) ) ;
#3645 = VECTOR ( 'NONE', #2099, 1000.000000000000000 ) ;
#3646 = ORIENTED_EDGE ( 'NONE', *, *, #7361, .T. ) ;
#3647 = ORIENTED_EDGE ( 'NONE', *, *, #227, .T. ) ;
#3648 = DIRECTION ( 'NONE',  ( -1.000000000000000000, 0.0000000000000000000, -3.491481338843133400E-015 ) ) ;
#3649 = FACE_OUTER_BOUND ( 'NONE', #7073, .T. ) ;
#3650 = ORIENTED_EDGE ( 'NONE', *, *, #6771, .F. ) ;
#3651 = CARTESIAN_POINT ( 'NONE',  ( -2.621387496674751000, 0.9937833258830315300, -2.341839937406591200 ) ) ;
#3652 = AXIS2_PLACEMENT_3D ( 'NONE', #5529, #5000, #4548 ) ;
#3653 = ORIENTED_EDGE ( 'NONE', *, *, #5442, .F. ) ;
#3655 = ORIENTED_EDGE ( 'NONE', *, *, #3796, .T. ) ;
#3654 = FACE_OUTER_BOUND ( 'NONE', #6034, .T. ) ;
#3656 = EDGE_CURVE ( 'NONE', #6830, #1936, #1946, .T. ) ;
#3657 = ORIENTED_EDGE ( 'NONE', *, *, #3662, .F. ) ;
#3658 = AXIS2_PLACEMENT_3D ( 'NONE', #6009, #2087, #6076 ) ;
#3659 = CARTESIAN_POINT ( 'NONE',  ( 2.489999999999995800, 0.2999999999999999300, 1.649999999999926200 ) ) ;
#3660 = CARTESIAN_POINT ( 'NONE',  ( -2.389999999999962800, 0.3000000000000000400, -2.159999999999928600 ) ) ;
#3661 = ORIENTED_EDGE ( 'NONE', *, *, #3860, .F. ) ;
#3662 = EDGE_CURVE ( 'NONE', #1202, #3254, #3444, .T. ) ;
#3663 = ADVANCED_FACE ( 'NONE', ( #1853 ), #1572, .F. ) ;
#3664 = EDGE_CURVE ( 'NONE', #2987, #4592, #6739, .T. ) ;
#3665 = PLANE ( 'NONE',  #1443 ) ;
#3667 = ORIENTED_EDGE ( 'NONE', *, *, #6351, .T. ) ;
#3666 = VECTOR ( 'NONE', #1661, 1000.000000000000000 ) ;
#3668 = ORIENTED_EDGE ( 'NONE', *, *, #4758, .T. ) ;
#3669 = CARTESIAN_POINT ( 'NONE',  ( -0.9969999999999926700, 0.0000000000000000000, -2.109999999999901300 ) ) ;
#3670 = FACE_OUTER_BOUND ( 'NONE', #4579, .T. ) ;
#3671 = ORIENTED_EDGE ( 'NONE', *, *, #5503, .T. ) ;
#3672 = VECTOR ( 'NONE', #5082, 1000.000000000000000 ) ;
#3673 = ORIENTED_EDGE ( 'NONE', *, *, #5743, .T. ) ;
#3674 = LINE ( 'NONE', #458, #3596 ) ;
#3675 = DIRECTION ( 'NONE',  ( 1.000000000000000000, -0.0000000000000000000, 3.491481338843133400E-015 ) ) ;
#3676 = EDGE_CURVE ( 'NONE', #6600, #4023, #6296, .T. ) ;
#3677 = CARTESIAN_POINT ( 'NONE',  ( -2.630072234564781100, 0.9401913197702846900, -2.370544423830875900 ) ) ;
#3678 = CARTESIAN_POINT ( 'NONE',  ( 2.724949981122849700, 1.020333861195582300, 2.238416702441862900 ) ) ;
#3679 = FACE_OUTER_BOUND ( 'NONE', #839, .T. ) ;
#3680 = LINE ( 'NONE', #2475, #7356 ) ;
#3681 = VERTEX_POINT ( 'NONE', #6615 ) ;
#3682 = CARTESIAN_POINT ( 'NONE',  ( -1.090000000000007200, 0.0000000000000000000, 2.109999999999895500 ) ) ;
#3683 = VERTEX_POINT ( 'NONE', #6718 ) ;
#3684 = FILL_AREA_STYLE ('',( #2011 ) ) ;
#3685 = VERTEX_POINT ( 'NONE', #364 ) ;
#3686 = VERTEX_POINT ( 'NONE', #4342 ) ;
#3687 = VECTOR ( 'NONE', #6508, 999.9999999999998900 ) ;
#3688 = FACE_OUTER_BOUND ( 'NONE', #4792, .T. ) ;
#3689 = CARTESIAN_POINT ( 'NONE',  ( 0.0000000000000000000, 0.0000000000000000000, 0.0000000000000000000 ) ) ;
#3690 = AXIS2_PLACEMENT_3D ( 'NONE', #2608, #893, #2071 ) ;
#3691 = DIRECTION ( 'NONE',  ( -0.7071067811868749800, 0.0000000000000000000, 0.7071067811862200600 ) ) ;
#3692 = CARTESIAN_POINT ( 'NONE',  ( 2.800000000000062900, 0.0000000000000000000, -1.699999999999908700 ) ) ;
#3693 = ORIENTED_EDGE ( 'NONE', *, *, #7123, .F. ) ;
#3694 = DIRECTION ( 'NONE',  ( 1.578183387398599100E-015, 0.0000000000000000000, -1.000000000000000000 ) ) ;
#3695 = ORIENTED_EDGE ( 'NONE', *, *, #6063, .F. ) ;
#3696 = AXIS2_PLACEMENT_3D ( 'NONE', #3734, #6578, #4309 ) ;
#3697 = CARTESIAN_POINT ( 'NONE',  ( 2.587286107418067500, 0.8761321158169135300, 2.389446074555077200 ) ) ;
#3698 = ADVANCED_FACE ( 'NONE', ( #434 ), #937, .F. ) ;
#3699 = CARTESIAN_POINT ( 'NONE',  ( -2.814446074555059700, 0.8761321158169137500, -2.162286107418085500 ) ) ;
#3700 = CARTESIAN_POINT ( 'NONE',  ( 2.811036165193895100, 0.9069355791857510700, 2.165648438241663900 ) ) ;
#3701 = ORIENTED_EDGE ( 'NONE', *, *, #5137, .F. ) ;
#3702 = CARTESIAN_POINT ( 'NONE',  ( 2.800000000000065500, 0.3000000000000000400, -2.109999999999908400 ) ) ;
#3703 = ORIENTED_EDGE ( 'NONE', *, *, #2244, .F. ) ;
#3704 = VERTEX_POINT ( 'NONE', #3202 ) ;
#3705 = CARTESIAN_POINT ( 'NONE',  ( 2.800000000000062900, 0.3000000000000000400, -1.699999999999908700 ) ) ;
#3706 =( LENGTH_UNIT ( ) NAMED_UNIT ( * ) SI_UNIT ( .MILLI., .METRE. ) );
#3707 = ORIENTED_EDGE ( 'NONE', *, *, #6575, .F. ) ;
#3708 =( GEOMETRIC_REPRESENTATION_CONTEXT ( 3 ) GLOBAL_UNCERTAINTY_ASSIGNED_CONTEXT ( ( #6390 ) ) GLOBAL_UNIT_ASSIGNED_CONTEXT ( ( #3174, #1429, #4930 ) ) REPRESENTATION_CONTEXT ( 'NONE', 'WORKASPACE' ) );
#3709 = CARTESIAN_POINT ( 'NONE',  ( -2.848315816446601400, 0.5538830474904877800, 2.299000579525548800 ) ) ;
#3710 = ORIENTED_EDGE ( 'NONE', *, *, #1212, .T. ) ;
#3711 = CARTESIAN_POINT ( 'NONE',  ( 2.250000000000008400, 0.05000000000000002400, 1.904999999999940100 ) ) ;
#3712 = AXIS2_PLACEMENT_3D ( 'NONE', #2739, #3325, #476 ) ;
#3713 = DIRECTION ( 'NONE',  ( 1.000000000000000000, 0.0000000000000000000, 3.841223975128798700E-015 ) ) ;
#3714 = DIRECTION ( 'NONE',  ( 0.7071067811865507900, 0.0000000000000000000, 0.7071067811865441300 ) ) ;
#3715 = PLANE ( 'NONE',  #4112 ) ;
#3716 = VECTOR ( 'NONE', #5887, 1000.000000000000000 ) ;
#3717 = EDGE_CURVE ( 'NONE', #2555, #3327, #5779, .T. ) ;
#3718 = CARTESIAN_POINT ( 'NONE',  ( -2.800000000000004700, 0.0000000000000000000, 2.109999999999907500 ) ) ;
#3719 = SURFACE_STYLE_FILL_AREA ( #7188 ) ;
#3720 = CARTESIAN_POINT ( 'NONE',  ( 1.375000000000000000, 1.070000000000000100, 4.800786840909308400E-015 ) ) ;
#3721 = VERTEX_POINT ( 'NONE', #2124 ) ;
#3722 =( BOUNDED_SURFACE ( )  B_SPLINE_SURFACE ( 2, 3, ( 
 ( #601, #55, #4012, #1171, #1790, #5702, #4619 ),
 ( #1123, #3464, #6287, #5759, #6820, #3963, #622 ),
 ( #1199, #570, #1770, #4561, #2287, #6264, #5722 ) ),
 .UNSPECIFIED., .F., .F., .F. ) 
 B_SPLINE_SURFACE_WITH_KNOTS ( ( 3, 3 ),
 ( 4, 3, 4 ),
 ( 0.0000000000000000000, 1.000000000000000000 ),
 ( -0.001007574236164228600, -0.0008087892385205195000, -0.0000000000000000000 ),
 .UNSPECIFIED. ) 
 GEOMETRIC_REPRESENTATION_ITEM ( )  RATIONAL_B_SPLINE_SURFACE ( (
 ( 1.000000000000000000, 1.000000000000000000, 1.000000000000000000, 1.000000000000000000, 1.000000000000000000, 1.000000000000000000, 1.000000000000000000),
 ( 0.7109592814054462900, 0.7109592814054462900, 0.7109592814054462900, 0.7109592814054462900, 0.7109592814054462900, 0.7109592814054462900, 0.7109592814054462900),
 ( 1.000000000000000000, 1.000000000000000000, 1.000000000000000000, 1.000000000000000000, 1.000000000000000000, 1.000000000000000000, 1.000000000000000000) ) ) 
 REPRESENTATION_ITEM ( '' )  SURFACE ( )  );
#3723 = CARTESIAN_POINT ( 'NONE',  ( -2.626737699402822200, 1.094184019693810200, -2.146878252661832900 ) ) ;
#3724 = CARTESIAN_POINT ( 'NONE',  ( 2.811246612405012200, 0.9065729647699594100, 2.162009817579258800 ) ) ;
#3725 = DIRECTION ( 'NONE',  ( -0.7071067811865531200, 0.0000000000000000000, 0.7071067811865420200 ) ) ;
#3726 = VECTOR ( 'NONE', #202, 1000.000000000000000 ) ;
#3727 = ORIENTED_EDGE ( 'NONE', *, *, #4803, .T. ) ;
#3728 = EDGE_CURVE ( 'NONE', #1998, #4878, #4254, .T. ) ;
#3729 = ORIENTED_EDGE ( 'NONE', *, *, #5899, .T. ) ;
#3730 = ADVANCED_FACE ( 'NONE', ( #260 ), #6645, .T. ) ;
#3731 = FACE_OUTER_BOUND ( 'NONE', #23, .T. ) ;
#3732 = LINE ( 'NONE', #1486, #4295 ) ;
#3733 = CARTESIAN_POINT ( 'NONE',  ( -2.739052401223230700, 1.030292085283923500, 2.155774990609303100 ) ) ;
#3734 = CARTESIAN_POINT ( 'NONE',  ( -2.874999999999991100, 0.3000000000000000400, -2.450000000000010400 ) ) ;
#3735 = DIRECTION ( 'NONE',  ( 1.000000000000000000, 0.0000000000000000000, 3.491481338843133400E-015 ) ) ;
#3736 = ORIENTED_EDGE ( 'NONE', *, *, #7271, .F. ) ;
#3737 = MECHANICAL_DESIGN_GEOMETRIC_PRESENTATION_REPRESENTATION (  '', ( #6381 ), #440 ) ;
#3738 = VECTOR ( 'NONE', #6476, 1000.000000000000000 ) ;
#3739 = ORIENTED_EDGE ( 'NONE', *, *, #6111, .F. ) ;
#3740 = SURFACE_SIDE_STYLE ('',( #3719 ) ) ;
#3741 = ORIENTED_EDGE ( 'NONE', *, *, #3628, .T. ) ;
#3742 = DIRECTION ( 'NONE',  ( -0.0000000000000000000, -1.000000000000000000, 0.0000000000000000000 ) ) ;
#3744 = ORIENTED_EDGE ( 'NONE', *, *, #173, .F. ) ;
#3743 = CARTESIAN_POINT ( 'NONE',  ( -2.616123704739042200, 1.094557071096513300, -2.170770341185694500 ) ) ;
#3745 = CARTESIAN_POINT ( 'NONE',  ( 2.585333633185690000, 0.9908156907146670200, 2.349425092471885400 ) ) ;
#3747 = ORIENTED_EDGE ( 'NONE', *, *, #7264, .F. ) ;
#3746 = VECTOR ( 'NONE', #2727, 1000.000000000000000 ) ;
#3748 = ORIENTED_EDGE ( 'NONE', *, *, #1293, .F. ) ;
#3749 = DIRECTION ( 'NONE',  ( 3.311355821850256900E-015, 0.0000000000000000000, 1.000000000000000000 ) ) ;
#3750 = AXIS2_PLACEMENT_3D ( 'NONE', #3079, #7083, #2550 ) ;
#3751 = ORIENTED_EDGE ( 'NONE', *, *, #3944, .F. ) ;
#3752 = EDGE_CURVE ( 'NONE', #1947, #206, #3085, .T. ) ;
#3753 = AXIS2_PLACEMENT_3D ( 'NONE', #6751, #1695, #5666 ) ;
#3754 = CARTESIAN_POINT ( 'NONE',  ( -2.390000000000007200, 0.2999999999999999300, 0.3799999999999915700 ) ) ;
#3755 = CARTESIAN_POINT ( 'NONE',  ( 2.577578475707621700, 1.072362714407200800, 2.258565458855844400 ) ) ;
#3756 = FACE_OUTER_BOUND ( 'NONE', #4682, .T. ) ;
#3757 = LINE ( 'NONE', #686, #7175 ) ;
#3758 = ORIENTED_EDGE ( 'NONE', *, *, #1943, .F. ) ;
#3759 = VECTOR ( 'NONE', #7144, 1000.000000000000000 ) ;
#3760 = EDGE_CURVE ( 'NONE', #5819, #5526, #6935, .T. ) ;
#3761 = DIRECTION ( 'NONE',  ( -8.154716489318411500E-015, 0.0000000000000000000, 1.000000000000000000 ) ) ;
#3762 = EDGE_CURVE ( 'NONE', #6560, #6854, #2544, .T. ) ;
#3763 = CARTESIAN_POINT ( 'NONE',  ( 2.749999999999999100, 0.3000000000000000400, 1.649999999999850700 ) ) ;
#3764 = CARTESIAN_POINT ( 'NONE',  ( 2.490000000000001500, 0.3000000000000000400, -0.2499999999999913400 ) ) ;
#3765 = ORIENTED_EDGE ( 'NONE', *, *, #1220, .T. ) ;
#3766 =( LENGTH_UNIT ( ) NAMED_UNIT ( * ) SI_UNIT ( .MILLI., .METRE. ) );
#3767 = FACE_OUTER_BOUND ( 'NONE', #3585, .T. ) ;
#3768 = VECTOR ( 'NONE', #1633, 1000.000000000000000 ) ;
#3769 = ORIENTED_EDGE ( 'NONE', *, *, #3301, .F. ) ;
#3770 = VECTOR ( 'NONE', #195, 1000.000000000000000 ) ;
#3771 = PLANE ( 'NONE',  #6941 ) ;
#3772 = ORIENTED_EDGE ( 'NONE', *, *, #2563, .T. ) ;
#3773 = VECTOR ( 'NONE', #2129, 1000.000000000000000 ) ;
#3774 = VERTEX_POINT ( 'NONE', #1548 ) ;
#3775 = ADVANCED_FACE ( 'NONE', ( #5036 ), #1022, .F. ) ;
#3776 = CARTESIAN_POINT ( 'NONE',  ( -2.601493846192102200, 1.094589963740619600, -2.186670101824122400 ) ) ;
#3777 = CARTESIAN_POINT ( 'NONE',  ( 2.795544072918811900, 0.9401911972045178300, 2.205072183992598400 ) ) ;
#3778 = EDGE_LOOP ( 'NONE', ( #4611, #5981, #7058, #5570 ) ) ;
#3779 = VECTOR ( 'NONE', #5765, 1000.000000000000000 ) ;
#3780 = FACE_OUTER_BOUND ( 'NONE', #7075, .T. ) ;
#3781 = PLANE ( 'NONE',  #3611 ) ;
#3782 = CARTESIAN_POINT ( 'NONE',  ( 2.580866473548476800, 1.100000000000000100, 2.166215425438049500 ) ) ;
#3783 = CARTESIAN_POINT ( 'NONE',  ( 2.749999999999999100, 0.0000000000000000000, 1.649999999999850700 ) ) ;
#3784 = DIRECTION ( 'NONE',  ( 1.000000000000000000, 0.0000000000000000000, 1.141449721469845900E-014 ) ) ;
#3785 = VECTOR ( 'NONE', #815, 1000.000000000000000 ) ;
#3786 = DIRECTION ( 'NONE',  ( 1.000000000000000000, 0.0000000000000000000, 3.491481338843133400E-015 ) ) ;
#3787 = ORIENTED_EDGE ( 'NONE', *, *, #4929, .T. ) ;
#3788 = ORIENTED_EDGE ( 'NONE', *, *, #3796, .F. ) ;
#3789 = ORIENTED_EDGE ( 'NONE', *, *, #2949, .F. ) ;
#3790 = ORIENTED_EDGE ( 'NONE', *, *, #6307, .T. ) ;
#3791 = ORIENTED_EDGE ( 'NONE', *, *, #3541, .F. ) ;
#3792 = CARTESIAN_POINT ( 'NONE',  ( -2.800000000000004700, 4.944146853836610200, 2.109999999999907500 ) ) ;
#3793 = EDGE_LOOP ( 'NONE', ( #837, #6463, #7224, #1716 ) ) ;
#3794 = CARTESIAN_POINT ( 'NONE',  ( -2.673172372619940300, 1.073619305476445100, -2.181781623078977700 ) ) ;
#3795 = CARTESIAN_POINT ( 'NONE',  ( 2.875000000000008400, 0.3000000000000000400, -2.449999999999990400 ) ) ;
#3796 = EDGE_CURVE ( 'NONE', #2073, #2193, #5948, .T. ) ;
#3797 = VECTOR ( 'NONE', #3500, 1000.000000000000000 ) ;
#3798 = EDGE_CURVE ( 'NONE', #1554, #7297, #1110, .T. ) ;
#3799 = EDGE_CURVE ( 'NONE', #299, #3774, #1833, .T. ) ;
#3800 = PLANE ( 'NONE',  #345 ) ;
#3801 = CARTESIAN_POINT ( 'NONE',  ( 2.583544915649620900, 1.015484007411786600, 2.330675684515376700 ) ) ;
#3802 = FACE_OUTER_BOUND ( 'NONE', #2286, .T. ) ;
#3803 = CARTESIAN_POINT ( 'NONE',  ( -2.750000000000016900, 4.944146853836610200, -2.159999999999927800 ) ) ;
#3804 = ADVANCED_FACE ( 'NONE', ( #3670 ), #2849, .T. ) ;
#3805 = STYLED_ITEM ( 'NONE', ( #3009 ), #106 ) ;
#3806 = CARTESIAN_POINT ( 'NONE',  ( 2.800000000000062900, 0.0000000000000000000, -1.699999999999908700 ) ) ;
#3807 = CARTESIAN_POINT ( 'NONE',  ( -0.7430000000000072100, 0.3000000000000000400, 2.109999999999914600 ) ) ;
#3808 = DIRECTION ( 'NONE',  ( 0.0000000000000000000, -1.000000000000000000, 0.0000000000000000000 ) ) ;
#3809 = EDGE_CURVE ( 'NONE', #1211, #5995, #4063, .T. ) ;
#3810 = ORIENTED_EDGE ( 'NONE', *, *, #869, .F. ) ;
#3811 = CARTESIAN_POINT ( 'NONE',  ( 2.750000000000039500, 0.2999999999999999300, -1.649999999999908700 ) ) ;
#3812 = DIRECTION ( 'NONE',  ( -1.141449721469845900E-014, 0.0000000000000000000, 1.000000000000000000 ) ) ;
#3813 = CARTESIAN_POINT ( 'NONE',  ( -3.000000000000017800, 0.0000000000000000000, -2.109999999999927900 ) ) ;
#3814 = CARTESIAN_POINT ( 'NONE',  ( -2.750000000000003100, 4.944146853836610200, 1.649999999999907800 ) ) ;
#3815 = VECTOR ( 'NONE', #6823, 1000.000000000000000 ) ;
#3816 = LINE ( 'NONE', #2175, #2323 ) ;
#3817 = CARTESIAN_POINT ( 'NONE',  ( -2.678592512818191600, 1.073238614187130000, -2.170496226406283500 ) ) ;
#3818 = CARTESIAN_POINT ( 'NONE',  ( -2.390000000000006300, 0.3000000000000000400, 2.159999999999909100 ) ) ;
#3819 = ORIENTED_EDGE ( 'NONE', *, *, #4891, .F. ) ;
#3820 = AXIS2_PLACEMENT_3D ( 'NONE', #1231, #5184, #6969 ) ;
#3821 = ORIENTED_EDGE ( 'NONE', *, *, #5033, .T. ) ;
#3822 = CARTESIAN_POINT ( 'NONE',  ( -0.6499999999999912500, 0.05000000000000000300, 4.807084941054766500E-016 ) ) ;
#3823 = CARTESIAN_POINT ( 'NONE',  ( 2.626832952129352500, 1.094177520915676300, 2.146479642561177800 ) ) ;
#3824 = CARTESIAN_POINT ( 'NONE',  ( -0.9970000000000069900, 4.944146853836610200, 2.109999999999913700 ) ) ;
#3825 = DIRECTION ( 'NONE',  ( -7.193635098549795200E-015, 0.0000000000000000000, 1.000000000000000000 ) ) ;
#3826 = VERTEX_POINT ( 'NONE', #5605 ) ;
#3827 = DIRECTION ( 'NONE',  ( 0.0000000000000000000, 1.000000000000000000, 0.0000000000000000000 ) ) ;
#3829 = EDGE_LOOP ( 'NONE', ( #3758, #4388, #903, #3568 ) ) ;
#3828 = VECTOR ( 'NONE', #7387, 1000.000000000000100 ) ;
#3830 = DIRECTION ( 'NONE',  ( 3.649591788769628400E-016, -0.9945218953682734000, -0.1045284632676537100 ) ) ;
#3831 = VERTEX_POINT ( 'NONE', #2197 ) ;
#3832 = DIRECTION ( 'NONE',  ( -2.407279166357628900E-015, 0.0000000000000000000, 1.000000000000000000 ) ) ;
#3833 = VERTEX_POINT ( 'NONE', #6176 ) ;
#3834 = AXIS2_PLACEMENT_3D ( 'NONE', #2521, #5547, #3215 ) ;
#3835 = CARTESIAN_POINT ( 'NONE',  ( 2.800000000000028200, 0.3000000000000000400, 1.699999999999926500 ) ) ;
#3836 = FACE_OUTER_BOUND ( 'NONE', #5086, .T. ) ;
#3837 = ORIENTED_EDGE ( 'NONE', *, *, #5951, .T. ) ;
#3838 = VECTOR ( 'NONE', #6068, 1000.000000000000000 ) ;
#3839 = DIRECTION ( 'NONE',  ( 2.909111085745247400E-013, 0.0000000000000000000, 1.000000000000000000 ) ) ;
#3840 = CARTESIAN_POINT ( 'NONE',  ( 2.490000000000000200, 4.944146853836610200, 0.2500000000000087700 ) ) ;
#3841 = PLANE ( 'NONE',  #222 ) ;
#3842 = ADVANCED_FACE ( 'NONE', ( #3072 ), #5661, .T. ) ;
#3843 = CARTESIAN_POINT ( 'NONE',  ( 2.750000000000020900, 0.3000000000000000400, 2.159999999999888700 ) ) ;
#3844 = CARTESIAN_POINT ( 'NONE',  ( -2.389999999999962800, 0.0000000000000000000, -2.159999999999928600 ) ) ;
#3845 = VERTEX_POINT ( 'NONE', #4500 ) ;
#3847 = ORIENTED_EDGE ( 'NONE', *, *, #695, .F. ) ;
#3846 = LINE ( 'NONE', #6094, #670 ) ;
#3848 = FACE_OUTER_BOUND ( 'NONE', #7190, .T. ) ;
#3849 = ORIENTED_EDGE ( 'NONE', *, *, #268, .T. ) ;
#3850 = AXIS2_PLACEMENT_3D ( 'NONE', #552, #2745, #5686 ) ;
#3851 = VECTOR ( 'NONE', #6443, 1000.000000000000000 ) ;
#3852 = AXIS2_PLACEMENT_3D ( 'NONE', #2311, #5704, #2292 ) ;
#3853 = PLANE ( 'NONE',  #1200 ) ;
#3854 = ORIENTED_EDGE ( 'NONE', *, *, #6445, .T. ) ;
#3855 = LINE ( 'NONE', #5379, #4416 ) ;
#3856 = ORIENTED_EDGE ( 'NONE', *, *, #6254, .T. ) ;
#3857 = DIRECTION ( 'NONE',  ( 0.0000000000000000000, 1.000000000000000000, 0.0000000000000000000 ) ) ;
#3858 = EDGE_CURVE ( 'NONE', #4578, #666, #5023, .T. ) ;
#3859 = PLANE ( 'NONE',  #6441 ) ;
#3860 = EDGE_CURVE ( 'NONE', #304, #2461, #7079, .T. ) ;
#3861 = CARTESIAN_POINT ( 'NONE',  ( -3.000000000000013300, 0.0000000000000000000, -0.8399999999999827600 ) ) ;
#3862 = DIRECTION ( 'NONE',  ( 0.0000000000000000000, 1.000000000000000000, 0.0000000000000000000 ) ) ;
#3863 = PLANE ( 'NONE',  #77 ) ;
#3864 = ORIENTED_EDGE ( 'NONE', *, *, #5354, .T. ) ;
#3865 = VECTOR ( 'NONE', #6630, 1000.000000000000000 ) ;
#3866 = DIRECTION ( 'NONE',  ( -1.331179923943306900E-013, 0.0000000000000000000, -1.000000000000000000 ) ) ;
#3867 = CARTESIAN_POINT ( 'NONE',  ( -2.779826439422501400, 1.205515941740286500, -2.106195965580449400 ) ) ;
#3868 = DIRECTION ( 'NONE',  ( 0.0000000000000000000, 1.000000000000000000, 0.0000000000000000000 ) ) ;
#3869 = VERTEX_POINT ( 'NONE', #6201 ) ;
#3870 = FACE_OUTER_BOUND ( 'NONE', #3253, .T. ) ;
#3871 = CARTESIAN_POINT ( 'NONE',  ( -2.565815600712991100, 1.100000000000000100, -2.140815600713008600 ) ) ;
#3872 = EDGE_CURVE ( 'NONE', #7063, #6830, #2988, .T. ) ;
#3873 = CARTESIAN_POINT ( 'NONE',  ( -2.673172393105411400, 1.073619306322170800, 2.181781611705163400 ) ) ;
#3874 = CARTESIAN_POINT ( 'NONE',  ( -2.800000000000004700, 0.3000000000000000400, 2.109999999999907500 ) ) ;
#3875 = ORIENTED_EDGE ( 'NONE', *, *, #2474, .T. ) ;
#3876 = CARTESIAN_POINT ( 'NONE',  ( 2.250000000000008400, 0.3000000000000016500, 1.904999999999940100 ) ) ;
#3877 = ORIENTED_EDGE ( 'NONE', *, *, #3142, .F. ) ;
#3878 = DIRECTION ( 'NONE',  ( 0.0000000000000000000, -1.000000000000000000, 0.0000000000000000000 ) ) ;
#3879 = ADVANCED_FACE ( 'NONE', ( #7137 ), #5046, .F. ) ;
#3880 = AXIS2_PLACEMENT_3D ( 'NONE', #5706, #545, #1152 ) ;
#3881 = CARTESIAN_POINT ( 'NONE',  ( -0.9970000000000074400, 0.05000000000000002400, 2.449999999999998000 ) ) ;
#3882 = DIRECTION ( 'NONE',  ( 1.000000000000000000, 0.0000000000000000000, 1.946841225083295300E-013 ) ) ;
#3883 = CARTESIAN_POINT ( 'NONE',  ( 3.000000000000028400, 4.944146853836610200, 2.109999999999847600 ) ) ;
#3884 = DIRECTION ( 'NONE',  ( 1.000000000000000000, 0.0000000000000000000, 7.968680068296320200E-014 ) ) ;
#3885 = VECTOR ( 'NONE', #4772, 1000.000000000000000 ) ;
#3886 = DIRECTION ( 'NONE',  ( -3.370341431302853500E-015, 0.0000000000000000000, 1.000000000000000000 ) ) ;
#3887 = AXIS2_PLACEMENT_3D ( 'NONE', #7246, #6679, #3825 ) ;
#3888 = DIRECTION ( 'NONE',  ( 0.0000000000000000000, -1.000000000000000000, 0.0000000000000000000 ) ) ;
#3889 = DIRECTION ( 'NONE',  ( 0.0000000000000000000, -1.000000000000000000, 0.0000000000000000000 ) ) ;
#3890 = DIRECTION ( 'NONE',  ( -1.000000000000000000, 0.0000000000000000000, -2.949380252600381100E-015 ) ) ;
#3891 = EDGE_CURVE ( 'NONE', #2073, #2285, #4627, .T. ) ;
#3892 = AXIS2_PLACEMENT_3D ( 'NONE', #4678, #2953, #4054 ) ;
#3893 = LINE ( 'NONE', #7289, #718 ) ;
#3894 = CARTESIAN_POINT ( 'NONE',  ( -2.576292836554597200, 1.100000000000000100, 2.168825746007057900 ) ) ;
#3895 = ADVANCED_FACE ( 'NONE', ( #6815 ), #6949, .T. ) ;
#3896 = ORIENTED_EDGE ( 'NONE', *, *, #7322, .F. ) ;
#3897 = EDGE_CURVE ( 'NONE', #6256, #244, #4326, .T. ) ;
#3898 = EDGE_CURVE ( 'NONE', #2232, #6115, #6719, .T. ) ;
#3899 = DIRECTION ( 'NONE',  ( -0.0000000000000000000, -1.000000000000000000, 0.0000000000000000000 ) ) ;
#3900 = DIRECTION ( 'NONE',  ( 0.7071067811865421300, 0.0000000000000000000, 0.7071067811865530100 ) ) ;
#3901 = LINE ( 'NONE', #5875, #1271 ) ;
#3902 = ORIENTED_EDGE ( 'NONE', *, *, #3442, .T. ) ;
#3903 = ORIENTED_EDGE ( 'NONE', *, *, #6804, .T. ) ;
#3904 = CARTESIAN_POINT ( 'NONE',  ( 2.490000000000006400, 0.3000000000000000400, -1.649999999999908900 ) ) ;
#3905 = EDGE_LOOP ( 'NONE', ( #1177, #1074, #594, #2886 ) ) ;
#3906 = CARTESIAN_POINT ( 'NONE',  ( -0.6500000000000054600, 0.3000000000000000400, 1.904999999999900600 ) ) ;
#3907 = DIRECTION ( 'NONE',  ( 5.989264566803387700E-014, 0.0000000000000000000, 1.000000000000000000 ) ) ;
#3908 = DIRECTION ( 'NONE',  ( 6.892899919189997300E-015, 0.0000000000000000000, -1.000000000000000000 ) ) ;
#3909 = EDGE_CURVE ( 'NONE', #3403, #2704, #2703, .T. ) ;
#3910 = LINE ( 'NONE', #4041, #462 ) ;
#3911 = EDGE_LOOP ( 'NONE', ( #5870, #6651, #6606, #1017 ) ) ;
#3912 = ORIENTED_EDGE ( 'NONE', *, *, #5861, .T. ) ;
#3913 = ORIENTED_EDGE ( 'NONE', *, *, #2527, .T. ) ;
#3914 = CARTESIAN_POINT ( 'NONE',  ( -2.786715138122416200, 1.139974351693964200, -2.113084664280364700 ) ) ;
#3915 = CARTESIAN_POINT ( 'NONE',  ( -2.999999999999987100, 4.944146853836610200, -1.699999999999925100 ) ) ;
#3917 = ORIENTED_EDGE ( 'NONE', *, *, #5280, .F. ) ;
#3916 = CARTESIAN_POINT ( 'NONE',  ( -2.565815600712992000, 1.100000000000000100, -2.140815600713007700 ) ) ;
#3918 = CARTESIAN_POINT ( 'NONE',  ( 2.814425853791629400, 0.8763245035297330100, 2.164136774997791300 ) ) ;
#3919 = LINE ( 'NONE', #2506, #5279 ) ;
#3920 = ORIENTED_EDGE ( 'NONE', *, *, #6306, .F. ) ;
#3921 = ORIENTED_EDGE ( 'NONE', *, *, #401, .F. ) ;
#3922 = CARTESIAN_POINT ( 'NONE',  ( -2.578301215384537000, 1.056223637731298300, 2.285400185261162100 ) ) ;
#3923 = VERTEX_POINT ( 'NONE', #3504 ) ;
#3924 = DIRECTION ( 'NONE',  ( -0.7071067811866681400, 0.0000000000000000000, -0.7071067811864268900 ) ) ;
#3925 = CARTESIAN_POINT ( 'NONE',  ( 2.565815600712992000, 1.100000000000000100, 2.140815600713007700 ) ) ;
#3927 = ORIENTED_EDGE ( 'NONE', *, *, #4070, .T. ) ;
#3926 = FACE_OUTER_BOUND ( 'NONE', #2329, .T. ) ;
#3928 = VERTEX_POINT ( 'NONE', #5838 ) ;
#3929 = VECTOR ( 'NONE', #4517, 1000.000000000000000 ) ;
#3930 = CARTESIAN_POINT ( 'NONE',  ( -2.750000000000016900, 4.944146853836610200, -2.159999999999927800 ) ) ;
#3931 = DIRECTION ( 'NONE',  ( -0.0000000000000000000, -1.000000000000000000, 0.0000000000000000000 ) ) ;
#3932 = ORIENTED_EDGE ( 'NONE', *, *, #7084, .T. ) ;
#3933 = ORIENTED_EDGE ( 'NONE', *, *, #5637, .F. ) ;
#3934 = CARTESIAN_POINT ( 'NONE',  ( 3.000000000000018700, 0.2999999999999999300, -0.4299999999999597500 ) ) ;
#3935 = LINE ( 'NONE', #605, #755 ) ;
#3936 = VECTOR ( 'NONE', #2020, 1000.000000000000000 ) ;
#3937 = VERTEX_POINT ( 'NONE', #611 ) ;
#3938 = CARTESIAN_POINT ( 'NONE',  ( 2.779826439422501000, 1.205515941740286500, 2.106195965580449900 ) ) ;
#3939 = DIRECTION ( 'NONE',  ( 3.491481338843133400E-015, -0.0000000000000000000, -1.000000000000000000 ) ) ;
#3940 = LINE ( 'NONE', #433, #6092 ) ;
#3941 = ADVANCED_FACE ( 'NONE', ( #2184 ), #4647, .T. ) ;
#3942 = AXIS2_PLACEMENT_3D ( 'NONE', #3915, #2140, #3333 ) ;
#3943 = DIRECTION ( 'NONE',  ( -1.000000000000000000, 0.0000000000000000000, -3.491481338843133400E-015 ) ) ;
#3944 = EDGE_CURVE ( 'NONE', #3869, #6203, #7275, .T. ) ;
#3945 = CARTESIAN_POINT ( 'NONE',  ( -0.6500000000000054600, 0.2999999999999999300, 1.904999999999900600 ) ) ;
#3946 = LINE ( 'NONE', #1259, #5027 ) ;
#3947 = CARTESIAN_POINT ( 'NONE',  ( 2.697477398866439600, 1.058328153339731700, -2.191626553471405000 ) ) ;
#3948 = LINE ( 'NONE', #1037, #4046 ) ;
#3949 = ORIENTED_EDGE ( 'NONE', *, *, #5102, .F. ) ;
#3950 = CARTESIAN_POINT ( 'NONE',  ( -0.9970000000000074400, 0.3000000000000000400, 2.449999999999998000 ) ) ;
#3951 = LINE ( 'NONE', #6216, #575 ) ;
#3952 = CARTESIAN_POINT ( 'NONE',  ( -0.5499999999994111800, 0.05000000000000000300, 0.5499999999996602100 ) ) ;
#3953 = DIRECTION ( 'NONE',  ( 1.623157213851315000E-017, 0.0000000000000000000, 1.000000000000000000 ) ) ;
#3954 = EDGE_CURVE ( 'NONE', #4609, #5830, #2976, .T. ) ;
#3955 = EDGE_CURVE ( 'NONE', #6042, #1653, #2785, .T. ) ;
#3956 = MANIFOLD_SOLID_BREP ( 'Body-Move/Copy1[2]', #4221 ) ;
#3957 = CARTESIAN_POINT ( 'NONE',  ( -2.697477398866439600, 1.058328153339731700, 2.191626553471405000 ) ) ;
#3958 = ORIENTED_EDGE ( 'NONE', *, *, #7093, .F. ) ;
#3959 = LINE ( 'NONE', #5348, #596 ) ;
#3960 = ORIENTED_EDGE ( 'NONE', *, *, #6, .F. ) ;
#3961 = CARTESIAN_POINT ( 'NONE',  ( -2.874999999999992500, 0.3000000000000000400, -2.109999999999927500 ) ) ;
#3962 = CARTESIAN_POINT ( 'NONE',  ( 2.588812083679422800, 0.9067667398023986400, -2.386206656301939500 ) ) ;
#3963 = CARTESIAN_POINT ( 'NONE',  ( 2.846972203929161200, 0.5666666666666667600, -2.421972203929143100 ) ) ;
#3964 = VECTOR ( 'NONE', #4544, 1000.000000000000000 ) ;
#3965 = LINE ( 'NONE', #4984, #5401 ) ;
#3966 = EDGE_CURVE ( 'NONE', #3124, #2894, #857, .T. ) ;
#3967 = CARTESIAN_POINT ( 'NONE',  ( -0.7430000000000072100, 0.0000000000000000000, 2.449999999999998400 ) ) ;
#3968 = CARTESIAN_POINT ( 'NONE',  ( 2.874999999999996900, 0.3000000000000000400, 0.8399999999999832000 ) ) ;
#3969 = CARTESIAN_POINT ( 'NONE',  ( -2.389999999999953500, 4.944146853836610200, -0.3799999999999846300 ) ) ;
#3970 = DIRECTION ( 'NONE',  ( 0.0000000000000000000, -1.000000000000000000, 0.0000000000000000000 ) ) ;
#3971 = VECTOR ( 'NONE', #6243, 1000.000000000000000 ) ;
#3972 = DIRECTION ( 'NONE',  ( -3.182066876654327100E-016, 0.0000000000000000000, 1.000000000000000000 ) ) ;
#3973 = ORIENTED_EDGE ( 'NONE', *, *, #7125, .F. ) ;
#3974 = DIRECTION ( 'NONE',  ( 1.000000000000000000, 0.0000000000000000000, 7.828290028785151100E-015 ) ) ;
#3975 = CARTESIAN_POINT ( 'NONE',  ( 2.651655476305988700, 1.059342894805076300, -2.250256873253783800 ) ) ;
#3976 = EDGE_LOOP ( 'NONE', ( #550, #4245, #5257, #3647 ) ) ;
#3977 = ORIENTED_EDGE ( 'NONE', *, *, #4558, .T. ) ;
#3978 = CARTESIAN_POINT ( 'NONE',  ( -2.800000000000017600, 4.944146853836610200, -1.699999999999927600 ) ) ;
#3979 = CARTESIAN_POINT ( 'NONE',  ( -2.811246612405012200, 0.9065729647699591900, -2.162009817579258400 ) ) ;
#3980 = CARTESIAN_POINT ( 'NONE',  ( -2.874999999999991100, 0.3000000000000000400, -2.450000000000010400 ) ) ;
#3981 = VERTEX_POINT ( 'NONE', #1242 ) ;
#3982 = ORIENTED_EDGE ( 'NONE', *, *, #6067, .T. ) ;
#3983 = CARTESIAN_POINT ( 'NONE',  ( -2.616626568811585100, 1.058328151576143300, 2.272477367131116000 ) ) ;
#3984 = ADVANCED_FACE ( 'NONE', ( #3679 ), #2335, .F. ) ;
#3985 = ORIENTED_EDGE ( 'NONE', *, *, #7077, .F. ) ;
#3986 = PLANE ( 'NONE',  #2929 ) ;
#3987 = LINE ( 'NONE', #4098, #7216 ) ;
#3988 = CARTESIAN_POINT ( 'NONE',  ( 2.657893741137509600, 0.9124974602605895300, -2.371709103801080200 ) ) ;
#3989 = CARTESIAN_POINT ( 'NONE',  ( -0.7430000000000072100, 0.2999999999999999300, 2.109999999999914600 ) ) ;
#3990 = AXIS2_PLACEMENT_3D ( 'NONE', #6369, #4698, #6338 ) ;
#3991 = DIRECTION ( 'NONE',  ( 1.000000000000000000, 0.0000000000000000000, 3.491481338843133400E-015 ) ) ;
#3992 = CARTESIAN_POINT ( 'NONE',  ( -2.749999999999995100, 0.0000000000000000000, -1.649999999999927100 ) ) ;
#3993 = LINE ( 'NONE', #853, #977 ) ;
#3994 = EDGE_CURVE ( 'NONE', #1453, #3554, #6189, .T. ) ;
#3995 = DIRECTION ( 'NONE',  ( 0.7071067811866048600, 0.0000000000000000000, 0.7071067811864901700 ) ) ;
#3996 = CARTESIAN_POINT ( 'NONE',  ( 2.748192411631019900, 1.017943610347208800, -2.190595327723037200 ) ) ;
#3997 = CARTESIAN_POINT ( 'NONE',  ( -0.9970000000000069900, 0.2999999999999999300, 2.109999999999913700 ) ) ;
#3998 = LINE ( 'NONE', #6171, #2490 ) ;
#3999 = ORIENTED_EDGE ( 'NONE', *, *, #2860, .F. ) ;
#4000 = CARTESIAN_POINT ( 'NONE',  ( -2.596424261741086400, 1.100000000000000100, -2.143458814361286300 ) ) ;
#4001 = ORIENTED_EDGE ( 'NONE', *, *, #6, .T. ) ;
#4002 = EDGE_CURVE ( 'NONE', #7139, #5300, #3946, .T. ) ;
#4003 = ORIENTED_EDGE ( 'NONE', *, *, #4194, .F. ) ;
#4004 = AXIS2_PLACEMENT_3D ( 'NONE', #6959, #4313, #3533 ) ;
#4005 = EDGE_CURVE ( 'NONE', #3937, #3831, #4699, .T. ) ;
#4006 = LINE ( 'NONE', #6764, #4991 ) ;
#4007 = LINE ( 'NONE', #6593, #3028 ) ;
#4008 = EDGE_CURVE ( 'NONE', #75, #4042, #3512, .T. ) ;
#4009 = CARTESIAN_POINT ( 'NONE',  ( 2.490000000000000200, 0.2999999999999999300, 0.2500000000000087700 ) ) ;
#4010 = VERTEX_POINT ( 'NONE', #6397 ) ;
#4011 = CARTESIAN_POINT ( 'NONE',  ( 2.811036165606920700, 0.9069355804458998400, -2.165648449825416500 ) ) ;
#4012 = CARTESIAN_POINT ( 'NONE',  ( 2.538084664280363200, 1.139974351693964200, -2.361715138122415100 ) ) ;
#4013 = ORIENTED_EDGE ( 'NONE', *, *, #3449, .F. ) ;
#4014 = CARTESIAN_POINT ( 'NONE',  ( 2.750000000000040400, 0.3000000000000000400, -0.3799999999999621500 ) ) ;
#4015 = LINE ( 'NONE', #4839, #6886 ) ;
#4016 = EDGE_LOOP ( 'NONE', ( #1753, #4895, #2958, #3606 ) ) ;
#4017 = DIRECTION ( 'NONE',  ( -1.000000000000000000, 0.0000000000000000000, -8.695651766773108100E-015 ) ) ;
#4018 = DIRECTION ( 'NONE',  ( -1.000000000000000000, 0.0000000000000000000, 5.989264566803387700E-014 ) ) ;
#4019 = ADVANCED_FACE ( 'NONE', ( #2441 ), #160, .T. ) ;
#4020 = DIRECTION ( 'NONE',  ( 1.000000000000000000, 0.0000000000000000000, 3.491481338843133400E-015 ) ) ;
#4021 = ORIENTED_EDGE ( 'NONE', *, *, #125, .T. ) ;
#4023 = VERTEX_POINT ( 'NONE', #4819 ) ;
#4022 = VECTOR ( 'NONE', #1071, 1000.000000000000000 ) ;
#4024 = ORIENTED_EDGE ( 'NONE', *, *, #4518, .T. ) ;
#4025 = CARTESIAN_POINT ( 'NONE',  ( -2.800000000000014000, 0.3000000000000000400, -0.4299999999999822900 ) ) ;
#4026 = CARTESIAN_POINT ( 'NONE',  ( 2.710013233456707700, 1.056357375895720100, -2.155268506244731000 ) ) ;
#4027 = CARTESIAN_POINT ( 'NONE',  ( -2.626895891117743800, 1.094165267273311800, -2.146090194629104400 ) ) ;
#4028 = LINE ( 'NONE', #6596, #932 ) ;
#4029 = VECTOR ( 'NONE', #5422, 1000.000000000000000 ) ;
#4030 = ORIENTED_EDGE ( 'NONE', *, *, #6067, .F. ) ;
#4031 = LINE ( 'NONE', #7179, #3759 ) ;
#4032 = CARTESIAN_POINT ( 'NONE',  ( -2.565815600713005700, 1.100000000000000300, 2.140815600712990400 ) ) ;
#4033 = PLANE ( 'NONE',  #2092 ) ;
#4034 = ORIENTED_EDGE ( 'NONE', *, *, #305, .T. ) ;
#4035 = LINE ( 'NONE', #1748, #4938 ) ;
#4036 = VECTOR ( 'NONE', #1659, 1000.000000000000000 ) ;
#4037 = ORIENTED_EDGE ( 'NONE', *, *, #2296, .F. ) ;
#4038 = CARTESIAN_POINT ( 'NONE',  ( 2.810387134913406600, 0.8805512677905708000, -2.208390469515699700 ) ) ;
#4039 = FACE_OUTER_BOUND ( 'NONE', #5014, .T. ) ;
#4040 = CARTESIAN_POINT ( 'NONE',  ( -2.999999999999987100, 0.0000000000000000000, -1.699999999999925100 ) ) ;
#4041 = CARTESIAN_POINT ( 'NONE',  ( -2.389999999999953500, 0.0000000000000000000, -0.3799999999999846300 ) ) ;
#4042 = VERTEX_POINT ( 'NONE', #3008 ) ;
#4043 = CARTESIAN_POINT ( 'NONE',  ( -1.089999999999998300, 0.3000000000000000400, -0.2500000000000033900 ) ) ;
#4044 = CARTESIAN_POINT ( 'NONE',  ( -2.800000000000009100, 0.3000000000000000400, 0.8399999999999627800 ) ) ;
#4045 = VECTOR ( 'NONE', #7086, 1000.000000000000000 ) ;
#4046 = VECTOR ( 'NONE', #450, 1000.000000000000000 ) ;
#4047 = VERTEX_POINT ( 'NONE', #5335 ) ;
#4048 = AXIS2_PLACEMENT_3D ( 'NONE', #6102, #3257, #461 ) ;
#4049 = CARTESIAN_POINT ( 'NONE',  ( -0.6499999999999926900, 0.3000000000000000400, -1.904999999999903900 ) ) ;
#4050 = ADVANCED_FACE ( 'NONE', ( #1474 ), #727, .F. ) ;
#4051 = EDGE_CURVE ( 'NONE', #6706, #5081, #942, .T. ) ;
#4052 = AXIS2_PLACEMENT_3D ( 'NONE', #4780, #6538, #3735 ) ;
#4053 = CARTESIAN_POINT ( 'NONE',  ( 2.578301215384537000, 1.056223637731298300, -2.285400185261162100 ) ) ;
#4054 = DIRECTION ( 'NONE',  ( -0.7071067811867075600, 0.0000000000000000000, -0.7071067811863873700 ) ) ;
#4055 = ORIENTED_EDGE ( 'NONE', *, *, #2222, .F. ) ;
#4056 = LINE ( 'NONE', #2843, #175 ) ;
#4057 = CARTESIAN_POINT ( 'NONE',  ( -0.7429999999999907800, 0.2999999999999999300, -2.450000000000002800 ) ) ;
#4058 = EDGE_CURVE ( 'NONE', #1232, #819, #5662, .T. ) ;
#4059 = ORIENTED_EDGE ( 'NONE', *, *, #4002, .T. ) ;
#4060 = EDGE_CURVE ( 'NONE', #267, #5546, #3157, .T. ) ;
#4061 = CARTESIAN_POINT ( 'NONE',  ( -2.565815600713005700, 1.100000000000000100, 2.140815600712990400 ) ) ;
#4062 = ADVANCED_FACE ( 'NONE', ( #3767 ), #3083, .F. ) ;
#4063 = CIRCLE ( 'NONE', #1728, 0.01000000000000002600 ) ;
#4064 = CARTESIAN_POINT ( 'NONE',  ( 2.489999999999991300, 0.2999999999999999300, 0.3799999999999428800 ) ) ;
#4065 = ORIENTED_EDGE ( 'NONE', *, *, #305, .F. ) ;
#4066 = CARTESIAN_POINT ( 'NONE',  ( 2.750000000000006700, 0.3000000000000000400, 0.8899999999999437300 ) ) ;
#4067 = CARTESIAN_POINT ( 'NONE',  ( 2.654685100831221300, 0.9418288295448868900, -2.361688985852814100 ) ) ;
#4068 = ORIENTED_EDGE ( 'NONE', *, *, #489, .F. ) ;
#4069 = CARTESIAN_POINT ( 'NONE',  ( -0.9970000000000074400, 0.0000000000000000000, 2.449999999999998000 ) ) ;
#4070 = EDGE_CURVE ( 'NONE', #4578, #997, #1561, .T. ) ;
#4071 = DIRECTION ( 'NONE',  ( -3.491481338843133400E-015, 0.0000000000000000000, 1.000000000000000000 ) ) ;
#4072 = EDGE_LOOP ( 'NONE', ( #374, #3036, #1125, #1478 ) ) ;
#4073 = CARTESIAN_POINT ( 'NONE',  ( 2.490000000000000200, 0.3000000000000000400, 0.2500000000000087700 ) ) ;
#4074 = DIRECTION ( 'NONE',  ( -2.949380252600381100E-015, 0.0000000000000000000, 1.000000000000000000 ) ) ;
#4075 = CARTESIAN_POINT ( 'NONE',  ( 2.874999999999991100, 0.3000000000000000400, 2.450000000000010400 ) ) ;
#4076 = ORIENTED_EDGE ( 'NONE', *, *, #1841, .F. ) ;
#4077 = ORIENTED_EDGE ( 'NONE', *, *, #6307, .F. ) ;
#4078 = PLANE ( 'NONE',  #4721 ) ;
#4079 = DIRECTION ( 'NONE',  ( 3.841223975128798700E-015, 0.0000000000000000000, -1.000000000000000000 ) ) ;
#4080 = DIRECTION ( 'NONE',  ( 1.373532255474061200E-014, 0.0000000000000000000, -1.000000000000000000 ) ) ;
#4081 = CARTESIAN_POINT ( 'NONE',  ( 2.565815600713005700, 1.100000000000000100, -2.140815600712990400 ) ) ;
#4082 = CARTESIAN_POINT ( 'NONE',  ( 2.814446074555074800, 0.8761321158169127500, -2.162286107418065900 ) ) ;
#4083 = CARTESIAN_POINT ( 'NONE',  ( -2.390000000000010800, 0.0000000000000000000, 0.8899999999999640400 ) ) ;
#4084 = EDGE_CURVE ( 'NONE', #1903, #1175, #3070, .T. ) ;
#4085 = LINE ( 'NONE', #5091, #3276 ) ;
#4086 = CARTESIAN_POINT ( 'NONE',  ( 2.835007647403544600, 0.6805018179845306900, -2.223692829934654600 ) ) ;
#4087 = CARTESIAN_POINT ( 'NONE',  ( -2.786689075101016500, 0.9418288341816615200, 2.229685053801175000 ) ) ;
#4088 = DIRECTION ( 'NONE',  ( -0.0000000000000000000, -1.000000000000000000, 0.0000000000000000000 ) ) ;
#4089 = CARTESIAN_POINT ( 'NONE',  ( 2.742135566424859700, 0.9966906504970747300, -2.249718111086024900 ) ) ;
#4090 = DIRECTION ( 'NONE',  ( -1.000000000000000000, 0.0000000000000000000, 1.171753811632144800E-015 ) ) ;
#4091 = LINE ( 'NONE', #1365, #6574 ) ;
#4092 = AXIS2_PLACEMENT_3D ( 'NONE', #7330, #6132, #1616 ) ;
#4093 = PLANE ( 'NONE',  #918 ) ;
#4094 = ORIENTED_EDGE ( 'NONE', *, *, #1293, .T. ) ;
#4095 = DIRECTION ( 'NONE',  ( -0.7071067811867125500, 0.0000000000000000000, 0.7071067811863825900 ) ) ;
#4096 = CARTESIAN_POINT ( 'NONE',  ( 2.749999999999999100, 4.944146853836610200, 1.649999999999850700 ) ) ;
#4097 = DIRECTION ( 'NONE',  ( 3.491481338843133400E-015, -0.0000000000000000000, -1.000000000000000000 ) ) ;
#4098 = CARTESIAN_POINT ( 'NONE',  ( -3.770869238894067000E-016, 0.05000000000000000300, -0.8899999999999834700 ) ) ;
#4099 = CIRCLE ( 'NONE', #5112, 0.5999999999999999800 ) ;
#4100 = COLOUR_RGB ( '',0.7921568627450980000, 0.8196078431372548800, 0.9333333333333333500 ) ;
#4102 = EDGE_LOOP ( 'NONE', ( #2642, #3411, #5330, #1560 ) ) ;
#4101 = DIRECTION ( 'NONE',  ( -3.491481338843133400E-015, 0.0000000000000000000, 1.000000000000000000 ) ) ;
#4103 = ORIENTED_EDGE ( 'NONE', *, *, #6885, .F. ) ;
#4104 = DIRECTION ( 'NONE',  ( 0.7071067811870299600, 0.0000000000000000000, -0.7071067811860651800 ) ) ;
#4105 = ORIENTED_EDGE ( 'NONE', *, *, #4164, .T. ) ;
#4106 = CARTESIAN_POINT ( 'NONE',  ( -0.6500000000000054600, 4.944146853836610200, 1.904999999999900600 ) ) ;
#4107 = DIRECTION ( 'NONE',  ( -0.7071067811865507900, 0.0000000000000000000, -0.7071067811865441300 ) ) ;
#4108 = CARTESIAN_POINT ( 'NONE',  ( 2.683883852877457800, 1.072277086139128900, -2.151011395143146200 ) ) ;
#4109 = CARTESIAN_POINT ( 'NONE',  ( -0.7429999999999930000, 4.944146853836610200, -2.109999999999900400 ) ) ;
#4110 = LINE ( 'NONE', #4668, #3387 ) ;
#4111 = EDGE_LOOP ( 'NONE', ( #3624, #6388, #6909, #1983 ) ) ;
#4112 = AXIS2_PLACEMENT_3D ( 'NONE', #7228, #3832, #6743 ) ;
#4113 = DIRECTION ( 'NONE',  ( 0.0000000000000000000, -1.000000000000000000, 0.0000000000000000000 ) ) ;
#4114 = CARTESIAN_POINT ( 'NONE',  ( -2.721707690084675100, 0.9155742386335148400, 2.337529300124801000 ) ) ;
#4115 = EDGE_CURVE ( 'NONE', #2779, #6971, #5947, .T. ) ;
#4116 = EDGE_LOOP ( 'NONE', ( #1702, #4276, #7155, #6515 ) ) ;
#4117 = LINE ( 'NONE', #613, #913 ) ;
#4118 = ORIENTED_EDGE ( 'NONE', *, *, #6254, .F. ) ;
#4119 = DIRECTION ( 'NONE',  ( 0.0000000000000000000, -1.000000000000000000, 0.0000000000000000000 ) ) ;
#4120 = CARTESIAN_POINT ( 'NONE',  ( 2.582221402585060100, 1.015348775007399700, -2.330796319344249600 ) ) ;
#4121 = CARTESIAN_POINT ( 'NONE',  ( -2.874999999999991100, 0.05000000000000000300, -2.450000000000010400 ) ) ;
#4122 = CARTESIAN_POINT ( 'NONE',  ( -2.800000000000017600, 0.3000000000000000400, -2.109999999999927500 ) ) ;
#4123 = ORIENTED_EDGE ( 'NONE', *, *, #2045, .F. ) ;
#4125 = ORIENTED_EDGE ( 'NONE', *, *, #1064, .F. ) ;
#4124 = LINE ( 'NONE', #1837, #5093 ) ;
#4126 = VERTEX_POINT ( 'NONE', #7043 ) ;
#4127 = DIRECTION ( 'NONE',  ( 0.0000000000000000000, -1.000000000000000000, 0.0000000000000000000 ) ) ;
#4128 = DIRECTION ( 'NONE',  ( 1.000000000000000000, -0.0000000000000000000, 2.286812258303601300E-015 ) ) ;
#4129 = VECTOR ( 'NONE', #1874, 1000.000000000000000 ) ;
#4130 = CARTESIAN_POINT ( 'NONE',  ( 2.490000000000006400, 0.05000000000000002400, -1.649999999999908900 ) ) ;
#4131 = ADVANCED_FACE ( 'NONE', ( #61 ), #2504, .T. ) ;
#4132 = EDGE_CURVE ( 'NONE', #4148, #2555, #2534, .T. ) ;
#4133 = VECTOR ( 'NONE', #6238, 1000.000000000000000 ) ;
#4134 = CARTESIAN_POINT ( 'NONE',  ( 2.565815600713005700, 1.100000000000000100, -2.140815600712990400 ) ) ;
#4135 = VECTOR ( 'NONE', #3025, 1000.000000000000000 ) ;
#4136 = ORIENTED_EDGE ( 'NONE', *, *, #5542, .F. ) ;
#4137 = LINE ( 'NONE', #1426, #2080 ) ;
#4138 = ORIENTED_EDGE ( 'NONE', *, *, #7227, .T. ) ;
#4139 = CARTESIAN_POINT ( 'NONE',  ( -2.565815600713005700, 1.100000000000000100, 2.117286137945381300 ) ) ;
#4140 = VECTOR ( 'NONE', #707, 1000.000000000000100 ) ;
#4141 = FACE_OUTER_BOUND ( 'NONE', #1184, .T. ) ;
#4142 = ORIENTED_EDGE ( 'NONE', *, *, #4005, .F. ) ;
#4143 = ADVANCED_FACE ( 'NONE', ( #1402 ), #1318, .F. ) ;
#4144 = CARTESIAN_POINT ( 'NONE',  ( -2.584928773695232400, 1.015578268585574800, 2.330350376141963100 ) ) ;
#4145 = DIRECTION ( 'NONE',  ( 0.0000000000000000000, 1.000000000000000000, 0.0000000000000000000 ) ) ;
#4146 = DIRECTION ( 'NONE',  ( -1.000000000000000000, 0.0000000000000000000, 1.877011598306432700E-013 ) ) ;
#4147 = ORIENTED_EDGE ( 'NONE', *, *, #2151, .T. ) ;
#4148 = VERTEX_POINT ( 'NONE', #2530 ) ;
#4149 = FACE_OUTER_BOUND ( 'NONE', #1404, .T. ) ;
#4150 = ORIENTED_EDGE ( 'NONE', *, *, #6554, .F. ) ;
#4151 = DIRECTION ( 'NONE',  ( 1.000000000000000000, 0.0000000000000000000, 3.491481338843133400E-015 ) ) ;
#4152 = CARTESIAN_POINT ( 'NONE',  ( 3.000000000000032000, 0.3000000000000016500, -1.699999999999904900 ) ) ;
#4153 = DIRECTION ( 'NONE',  ( -1.000000000000000000, 0.0000000000000000000, -3.491481338843133400E-015 ) ) ;
#4154 = AXIS2_PLACEMENT_3D ( 'NONE', #516, #7303, #470 ) ;
#4155 = FACE_OUTER_BOUND ( 'NONE', #4950, .T. ) ;
#4156 = DIRECTION ( 'NONE',  ( -1.412078086043886200E-013, 0.0000000000000000000, -1.000000000000000000 ) ) ;
#4157 = DIRECTION ( 'NONE',  ( 0.0000000000000000000, -1.000000000000000000, 0.0000000000000000000 ) ) ;
#4158 = EDGE_CURVE ( 'NONE', #5747, #2173, #3855, .T. ) ;
#4159 = DIRECTION ( 'NONE',  ( 1.011419298254362500E-014, 0.0000000000000000000, 1.000000000000000000 ) ) ;
#4160 = PLANE ( 'NONE',  #3329 ) ;
#4161 = VERTEX_POINT ( 'NONE', #3571 ) ;
#4162 = DIRECTION ( 'NONE',  ( -1.000000000000000000, 0.0000000000000000000, -3.491481338843133000E-015 ) ) ;
#4163 = EDGE_CURVE ( 'NONE', #5830, #7192, #2522, .T. ) ;
#4164 = EDGE_CURVE ( 'NONE', #2333, #5723, #6713, .T. ) ;
#4165 = ORIENTED_EDGE ( 'NONE', *, *, #1174, .F. ) ;
#4166 = DIRECTION ( 'NONE',  ( 0.7071067811863874800, 0.0000000000000000000, -0.7071067811867076700 ) ) ;
#4167 = CARTESIAN_POINT ( 'NONE',  ( -2.766839937403323500, 0.9937833258818688000, 2.196387496676316600 ) ) ;
#4168 = ORIENTED_EDGE ( 'NONE', *, *, #878, .F. ) ;
#4169 = ADVANCED_FACE ( 'NONE', ( #4506 ), #198, .F. ) ;
#4170 = CARTESIAN_POINT ( 'NONE',  ( 2.750000000000038200, 0.0000000000000000000, 0.3799999999999814100 ) ) ;
#4171 = PLANE ( 'NONE',  #1950 ) ;
#4172 = EDGE_LOOP ( 'NONE', ( #1267, #2104, #7266, #5309 ) ) ;
#4173 = CARTESIAN_POINT ( 'NONE',  ( -3.000000000000006200, 0.2999999999999999300, 2.109999999999907100 ) ) ;
#4174 = ORIENTED_EDGE ( 'NONE', *, *, #1441, .F. ) ;
#4175 = DIRECTION ( 'NONE',  ( -0.0000000000000000000, -1.000000000000000000, 0.0000000000000000000 ) ) ;
#4176 = CARTESIAN_POINT ( 'NONE',  ( -2.389999999999962800, 0.05000000000000002400, -2.159999999999928600 ) ) ;
#4177 = VECTOR ( 'NONE', #5306, 1000.000000000000000 ) ;
#4178 = DIRECTION ( 'NONE',  ( 0.7071067811865515700, 0.0000000000000000000, -0.7071067811865435800 ) ) ;
#4179 = CARTESIAN_POINT ( 'NONE',  ( -2.750000000000007500, 4.944146853836610200, 0.3799999999999628700 ) ) ;
#4180 = DIRECTION ( 'NONE',  ( -1.000000000000000000, 0.0000000000000000000, 7.350540386010786100E-015 ) ) ;
#4181 = DIRECTION ( 'NONE',  ( 1.000000000000000000, 0.0000000000000000000, 1.867031175364252400E-014 ) ) ;
#4182 = DIRECTION ( 'NONE',  ( 1.000000000000000000, 0.0000000000000000000, 3.491481338843133400E-015 ) ) ;
#4183 = LINE ( 'NONE', #3078, #452 ) ;
#4184 = ORIENTED_EDGE ( 'NONE', *, *, #2722, .T. ) ;
#4185 = CARTESIAN_POINT ( 'NONE',  ( -2.654685100831221300, 0.9418288295448868900, 2.361688985852814100 ) ) ;
#4186 = LINE ( 'NONE', #2439, #1172 ) ;
#4187 = ORIENTED_EDGE ( 'NONE', *, *, #5628, .T. ) ;
#4188 = ORIENTED_EDGE ( 'NONE', *, *, #4201, .F. ) ;
#4189 = CARTESIAN_POINT ( 'NONE',  ( -2.802258690362695600, 0.9362677717270934100, -2.161233664771067300 ) ) ;
#4190 = MANIFOLD_SOLID_BREP ( 'Body-Move/Copy1[3]', #2297 ) ;
#4191 = CARTESIAN_POINT ( 'NONE',  ( 3.173952998119156300E-014, 0.05000000000000000300, -1.699999999999960900 ) ) ;
#4192 = VECTOR ( 'NONE', #4088, 1000.000000000000000 ) ;
#4193 = VECTOR ( 'NONE', #4720, 1000.000000000000100 ) ;
#4194 = EDGE_CURVE ( 'NONE', #1958, #6541, #4229, .T. ) ;
#4195 = VERTEX_POINT ( 'NONE', #382 ) ;
#4196 = CARTESIAN_POINT ( 'NONE',  ( 2.750000000000064400, 0.3000000000000000400, -2.159999999999909500 ) ) ;
#4197 = DIRECTION ( 'NONE',  ( -3.491481338843133400E-015, 0.0000000000000000000, 1.000000000000000000 ) ) ;
#4198 = DIRECTION ( 'NONE',  ( 0.0000000000000000000, 1.000000000000000000, 0.0000000000000000000 ) ) ;
#4199 = DIRECTION ( 'NONE',  ( 0.0000000000000000000, -1.000000000000000000, 0.0000000000000000000 ) ) ;
#4200 = ORIENTED_EDGE ( 'NONE', *, *, #2859, .F. ) ;
#4201 = EDGE_CURVE ( 'NONE', #1539, #6793, #5416, .T. ) ;
#4202 = CARTESIAN_POINT ( 'NONE',  ( 2.750000000000006700, 4.944146853836610200, 0.8899999999999437300 ) ) ;
#4203 = ADVANCED_FACE ( 'NONE', ( #6180 ), #1512, .T. ) ;
#4204 = LINE ( 'NONE', #4996, #2673 ) ;
#4205 = LINE ( 'NONE', #6550, #2237 ) ;
#4206 = EDGE_CURVE ( 'NONE', #6783, #4491, #5753, .T. ) ;
#4207 = DIRECTION ( 'NONE',  ( -6.892899919189998100E-015, 0.0000000000000000000, 1.000000000000000000 ) ) ;
#4208 = ORIENTED_EDGE ( 'NONE', *, *, #2378, .T. ) ;
#4209 =( GEOMETRIC_REPRESENTATION_CONTEXT ( 3 ) GLOBAL_UNCERTAINTY_ASSIGNED_CONTEXT ( ( #1095 ) ) GLOBAL_UNIT_ASSIGNED_CONTEXT ( ( #3706, #7080, #4771 ) ) REPRESENTATION_CONTEXT ( 'NONE', 'WORKASPACE' ) );
#4210 = VERTEX_POINT ( 'NONE', #2036 ) ;
#4212 = ORIENTED_EDGE ( 'NONE', *, *, #7335, .T. ) ;
#4211 = LINE ( 'NONE', #4821, #2332 ) ;
#4213 = EDGE_LOOP ( 'NONE', ( #1611, #6075, #3741, #2592 ) ) ;
#4214 = VECTOR ( 'NONE', #4104, 1000.000000000000000 ) ;
#4215 = ORIENTED_EDGE ( 'NONE', *, *, #2047, .T. ) ;
#4216 = ADVANCED_FACE ( 'NONE', ( #3591 ), #880, .F. ) ;
#4217 = EDGE_CURVE ( 'NONE', #2251, #1453, #5386, .T. ) ;
#4218 = PLANE ( 'NONE',  #2035 ) ;
#4219 = CARTESIAN_POINT ( 'NONE',  ( -2.585333633185690400, 0.9908156907146670200, -2.349425092471885800 ) ) ;
#4221 = CLOSED_SHELL ( 'NONE', ( #2235, #5166, #6512, #2622, #6412, #6444, #3698, #6547, #5716, #6844, #7281, #3663, #165, #4359, #890, #444, #2925, #90, #5510, #1316, #6340, #369, #2282, #3291, #3553, #6576, #1511, #5769 ) ) ;
#4220 = VECTOR ( 'NONE', #5761, 1000.000000000000000 ) ;
#4222 = VECTOR ( 'NONE', #2624, 1000.000000000000000 ) ;
#4223 = ORIENTED_EDGE ( 'NONE', *, *, #1739, .T. ) ;
#4224 = VECTOR ( 'NONE', #1040, 1000.000000000000000 ) ;
#4225 = ORIENTED_EDGE ( 'NONE', *, *, #4132, .F. ) ;
#4226 = ORIENTED_EDGE ( 'NONE', *, *, #270, .F. ) ;
#4227 = PLANE ( 'NONE',  #1433 ) ;
#4228 = CARTESIAN_POINT ( 'NONE',  ( -2.389999999999953500, 0.05000000000000002400, -0.3799999999999846300 ) ) ;
#4230 = VERTEX_POINT ( 'NONE', #3125 ) ;
#4229 = LINE ( 'NONE', #1988, #6456 ) ;
#4231 = VECTOR ( 'NONE', #2975, 1000.000000000000000 ) ;
#4232 = VERTEX_POINT ( 'NONE', #7204 ) ;
#4233 = CARTESIAN_POINT ( 'NONE',  ( 2.750000000000006700, 0.0000000000000000000, 0.8899999999999437300 ) ) ;
#4234 = VECTOR ( 'NONE', #1383, 1000.000000000000000 ) ;
#4235 = CARTESIAN_POINT ( 'NONE',  ( -2.875000000000008400, 0.3000000000000000400, 2.449999999999990400 ) ) ;
#4236 = CARTESIAN_POINT ( 'NONE',  ( -2.749999999999996400, 0.3000000000000000400, -0.3799999999999820200 ) ) ;
#4237 = VERTEX_POINT ( 'NONE', #899 ) ;
#4238 = CARTESIAN_POINT ( 'NONE',  ( 2.250000000000021300, 0.2999999999999999300, -1.904999999999893900 ) ) ;
#4240 = VERTEX_POINT ( 'NONE', #3100 ) ;
#4239 = VECTOR ( 'NONE', #5789, 1000.000000000000000 ) ;
#4241 = LINE ( 'NONE', #1085, #2706 ) ;
#4242 = ORIENTED_EDGE ( 'NONE', *, *, #4466, .T. ) ;
#4243 = ORIENTED_EDGE ( 'NONE', *, *, #3198, .T. ) ;
#4244 = CARTESIAN_POINT ( 'NONE',  ( 2.250000000000021300, 0.05000000000000002400, -2.159999999999913500 ) ) ;
#4245 = ORIENTED_EDGE ( 'NONE', *, *, #4132, .T. ) ;
#4246 = ORIENTED_EDGE ( 'NONE', *, *, #2854, .F. ) ;
#4247 = VECTOR ( 'NONE', #4128, 1000.000000000000000 ) ;
#4248 = LINE ( 'NONE', #6848, #6546 ) ;
#4249 = AXIS2_PLACEMENT_3D ( 'NONE', #2554, #5356, #3714 ) ;
#4250 = ADVANCED_FACE ( 'NONE', ( #1828 ), #3665, .T. ) ;
#4251 = EDGE_LOOP ( 'NONE', ( #4812, #3603, #6887, #3565 ) ) ;
#4252 = CARTESIAN_POINT ( 'NONE',  ( -2.814425853791629400, 0.8763245035297329000, -2.164136774997791800 ) ) ;
#4253 = ORIENTED_EDGE ( 'NONE', *, *, #5202, .T. ) ;
#4254 = LINE ( 'NONE', #387, #6384 ) ;
#4255 = VERTEX_POINT ( 'NONE', #4286 ) ;
#4256 = EDGE_CURVE ( 'NONE', #1947, #1083, #3145, .T. ) ;
#4257 = CARTESIAN_POINT ( 'NONE',  ( -2.800000000000017600, 0.3000000000000000400, -1.699999999999927600 ) ) ;
#4258 = DIRECTION ( 'NONE',  ( -0.0000000000000000000, -1.000000000000000000, 0.0000000000000000000 ) ) ;
#4259 = EDGE_LOOP ( 'NONE', ( #5229, #4852, #3200, #1723 ) ) ;
#4260 = CARTESIAN_POINT ( 'NONE',  ( -2.750000000000000900, 4.944146853836610200, 0.8899999999999627100 ) ) ;
#4261 = ORIENTED_EDGE ( 'NONE', *, *, #226, .T. ) ;
#4262 = AXIS2_PLACEMENT_3D ( 'NONE', #991, #3827, #457 ) ;
#4263 = ORIENTED_EDGE ( 'NONE', *, *, #6179, .F. ) ;
#4264 = CARTESIAN_POINT ( 'NONE',  ( -0.7430000000000072100, 0.05000000000000002400, 2.109999999999914600 ) ) ;
#4265 = AXIS2_PLACEMENT_3D ( 'NONE', #3906, #1178, #4542 ) ;
#4266 = FILL_AREA_STYLE_COLOUR ( '', #7265 ) ;
#4267 = DIRECTION ( 'NONE',  ( 0.7071067811864268900, 0.0000000000000000000, -0.7071067811866681400 ) ) ;
#4268 = CARTESIAN_POINT ( 'NONE',  ( -2.749999999999995100, 0.2999999999999999300, -1.649999999999927100 ) ) ;
#4269 = EDGE_CURVE ( 'NONE', #1515, #488, #4782, .T. ) ;
#4270 = EDGE_CURVE ( 'NONE', #3981, #1784, #1637, .T. ) ;
#4271 = PLANE ( 'NONE',  #2903 ) ;
#4272 = CARTESIAN_POINT ( 'NONE',  ( -2.811246612405012200, 0.9065729647699591900, -2.162009817579258400 ) ) ;
#4273 = CARTESIAN_POINT ( 'NONE',  ( 2.681178199722142400, 1.020784059963255600, 2.286957541745869600 ) ) ;
#4274 = ORIENTED_EDGE ( 'NONE', *, *, #6392, .F. ) ;
#4275 = LINE ( 'NONE', #627, #4367 ) ;
#4276 = ORIENTED_EDGE ( 'NONE', *, *, #5056, .T. ) ;
#4277 = EDGE_CURVE ( 'NONE', #2870, #3981, #3846, .T. ) ;
#4278 = CARTESIAN_POINT ( 'NONE',  ( 2.800000000000049600, 4.944146853836610200, -0.4299999999999634700 ) ) ;
#4279 =( NAMED_UNIT ( * ) SI_UNIT ( $, .STERADIAN. ) SOLID_ANGLE_UNIT ( ) );
#4280 = LINE ( 'NONE', #6247, #5065 ) ;
#4281 = CARTESIAN_POINT ( 'NONE',  ( 2.489999999999995800, 0.3000000000000000400, 1.649999999999926200 ) ) ;
#4282 = VERTEX_POINT ( 'NONE', #3861 ) ;
#4283 = CARTESIAN_POINT ( 'NONE',  ( -2.875000000000008400, 0.3000000000000000400, 2.449999999999990400 ) ) ;
#4284 = ADVANCED_FACE ( 'NONE', ( #6529, #2270 ), #4462, .T. ) ;
#4285 = VERTEX_POINT ( 'NONE', #4975 ) ;
#4286 = CARTESIAN_POINT ( 'NONE',  ( -2.800000000000004700, 0.0000000000000000000, 1.699999999999908500 ) ) ;
#4287 = CARTESIAN_POINT ( 'NONE',  ( -2.390000000000007200, 0.0000000000000000000, 0.3799999999999915700 ) ) ;
#4288 = DIRECTION ( 'NONE',  ( -1.000000000000000000, 0.0000000000000000000, -3.491481338843128600E-015 ) ) ;
#4289 = LINE ( 'NONE', #6385, #1072 ) ;
#4290 = LINE ( 'NONE', #4069, #113 ) ;
#4291 = AXIS2_PLACEMENT_3D ( 'NONE', #1628, #3287, #1059 ) ;
#4292 = ORIENTED_EDGE ( 'NONE', *, *, #2045, .T. ) ;
#4293 = CARTESIAN_POINT ( 'NONE',  ( -2.750000000000007500, 0.3000000000000000400, 0.3799999999999628700 ) ) ;
#4294 = LINE ( 'NONE', #5449, #298 ) ;
#4295 = VECTOR ( 'NONE', #5490, 1000.000000000000000 ) ;
#4296 = CARTESIAN_POINT ( 'NONE',  ( -2.814382077747716400, 0.8765143461028249700, -2.165986782471031700 ) ) ;
#4297 = CARTESIAN_POINT ( 'NONE',  ( 2.603971795877996000, 0.9379537708087392100, 2.375416766310347600 ) ) ;
#4298 = DIRECTION ( 'NONE',  ( 0.0000000000000000000, -1.000000000000000000, 0.0000000000000000000 ) ) ;
#4299 = VECTOR ( 'NONE', #3508, 1000.000000000000000 ) ;
#4300 = EDGE_CURVE ( 'NONE', #6399, #5655, #6505, .T. ) ;
#4301 = VERTEX_POINT ( 'NONE', #6166 ) ;
#4302 = DIRECTION ( 'NONE',  ( -1.000000000000000000, 0.0000000000000000000, -2.286812258303601300E-015 ) ) ;
#4303 = VERTEX_POINT ( 'NONE', #4441 ) ;
#4304 = CARTESIAN_POINT ( 'NONE',  ( 2.490000000000000700, 0.05000000000000000300, 7.272913055040997400E-015 ) ) ;
#4305 = EDGE_CURVE ( 'NONE', #5397, #429, #2696, .T. ) ;
#4306 = EDGE_CURVE ( 'NONE', #874, #1655, #1743, .T. ) ;
#4308 = EDGE_LOOP ( 'NONE', ( #4613, #5935, #1884, #228 ) ) ;
#4307 = FACE_OUTER_BOUND ( 'NONE', #4755, .T. ) ;
#4309 = DIRECTION ( 'NONE',  ( 3.491481338843133400E-015, 0.0000000000000000000, -1.000000000000000000 ) ) ;
#4310 = ORIENTED_EDGE ( 'NONE', *, *, #6841, .F. ) ;
#4311 = VECTOR ( 'NONE', #5278, 1000.000000000000000 ) ;
#4312 = PRESENTATION_LAYER_ASSIGNMENT (  '', '', ( #3805 ) ) ;
#4313 = DIRECTION ( 'NONE',  ( 9.894763254153612300E-016, 0.0000000000000000000, -1.000000000000000000 ) ) ;
#4315 = ORIENTED_EDGE ( 'NONE', *, *, #2018, .F. ) ;
#4314 = LINE ( 'NONE', #5218, #1301 ) ;
#4316 = VECTOR ( 'NONE', #6030, 1000.000000000000000 ) ;
#4317 = VERTEX_POINT ( 'NONE', #3272 ) ;
#4318 = LINE ( 'NONE', #6193, #1305 ) ;
#4319 = CARTESIAN_POINT ( 'NONE',  ( 2.490000000000000200, 0.0000000000000000000, 0.2500000000000087700 ) ) ;
#4320 = EDGE_CURVE ( 'NONE', #7186, #5227, #152, .T. ) ;
#4321 = ADVANCED_FACE ( 'NONE', ( #6010 ), #6741, .T. ) ;
#4322 = CARTESIAN_POINT ( 'NONE',  ( -2.755675684897116900, 1.015484006987633400, -2.158544911844510100 ) ) ;
#4323 = CARTESIAN_POINT ( 'NONE',  ( 2.801936795370036500, 0.9366113763705720100, 2.164792172563226600 ) ) ;
#4324 = CLOSED_SHELL ( 'NONE', ( #2820, #7312, #116, #4439, #5641, #4216, #3879, #5796, #5375, #2447 ) ) ;
#4325 = CARTESIAN_POINT ( 'NONE',  ( -0.7429999999999907800, 0.3000000000000000400, -2.450000000000002800 ) ) ;
#4326 = LINE ( 'NONE', #4025, #4239 ) ;
#4327 = LINE ( 'NONE', #5863, #6104 ) ;
#4328 = ORIENTED_EDGE ( 'NONE', *, *, #4306, .F. ) ;
#4329 = VERTEX_POINT ( 'NONE', #3806 ) ;
#4330 = DIRECTION ( 'NONE',  ( 3.491481338843133400E-015, 0.0000000000000000000, -1.000000000000000000 ) ) ;
#4331 = CARTESIAN_POINT ( 'NONE',  ( 2.710400185261162300, 1.056223637731297700, 2.153301215384539400 ) ) ;
#4332 = ORIENTED_EDGE ( 'NONE', *, *, #1412, .T. ) ;
#4333 = EDGE_LOOP ( 'NONE', ( #2934, #3875, #3588 ) ) ;
#4334 = VECTOR ( 'NONE', #4302, 1000.000000000000000 ) ;
#4335 = EDGE_LOOP ( 'NONE', ( #2012, #221, #3646, #7007 ) ) ;
#4336 = CARTESIAN_POINT ( 'NONE',  ( -2.744770754646062900, 1.024617519017540800, 2.156267286909006500 ) ) ;
#4337 = CARTESIAN_POINT ( 'NONE',  ( -2.800000000000009100, 0.0000000000000000000, 0.8399999999999627800 ) ) ;
#4338 = LINE ( 'NONE', #7377, #3779 ) ;
#4339 = ORIENTED_EDGE ( 'NONE', *, *, #6746, .F. ) ;
#4340 = ORIENTED_EDGE ( 'NONE', *, *, #6116, .T. ) ;
#4341 = VERTEX_POINT ( 'NONE', #3881 ) ;
#4342 = CARTESIAN_POINT ( 'NONE',  ( -2.874999999999996900, 0.05000000000000000300, -0.8399999999999823200 ) ) ;
#4343 = CARTESIAN_POINT ( 'NONE',  ( -0.7430000000000072100, 4.944146853836610200, 2.109999999999914600 ) ) ;
#4344 = AXIS2_PLACEMENT_3D ( 'NONE', #453, #2692, #3270 ) ;
#4345 = CARTESIAN_POINT ( 'NONE',  ( -2.626895891117743800, 1.094165267273311800, -2.146090194629104400 ) ) ;
#4346 = CARTESIAN_POINT ( 'NONE',  ( 2.755796319344249400, 1.015348775007399500, 2.157221402585062000 ) ) ;
#4347 = EDGE_CURVE ( 'NONE', #6936, #5526, #5022, .T. ) ;
#4348 = CARTESIAN_POINT ( 'NONE',  ( 2.800000000000036700, 0.0000000000000000000, 0.8399999999999816500 ) ) ;
#4349 = VERTEX_POINT ( 'NONE', #2213 ) ;
#4350 = ORIENTED_EDGE ( 'NONE', *, *, #3728, .F. ) ;
#4351 = ORIENTED_EDGE ( 'NONE', *, *, #5094, .F. ) ;
#4352 = ORIENTED_EDGE ( 'NONE', *, *, #5891, .T. ) ;
#4353 = EDGE_CURVE ( 'NONE', #1339, #2073, #765, .T. ) ;
#4354 = EDGE_CURVE ( 'NONE', #3254, #3124, #3061, .T. ) ;
#4355 = CARTESIAN_POINT ( 'NONE',  ( 0.5500000000013478600, 0.05000000000000000300, -0.5500000000008383700 ) ) ;
#4356 = CARTESIAN_POINT ( 'NONE',  ( 2.571878253250672300, 1.094184019737007000, 2.201737699278971200 ) ) ;
#4357 = ORIENTED_EDGE ( 'NONE', *, *, #6542, .T. ) ;
#4358 = CARTESIAN_POINT ( 'NONE',  ( -1.090000000000007200, 0.2999999999999999300, 2.109999999999895500 ) ) ;
#4359 = ADVANCED_FACE ( 'NONE', ( #5934 ), #3297, .F. ) ;
#4360 = CARTESIAN_POINT ( 'NONE',  ( -2.750000000000007500, 4.944146853836610200, 0.3799999999999628700 ) ) ;
#4361 = CARTESIAN_POINT ( 'NONE',  ( -0.6499999999999928100, 0.3000000000000000400, -2.109999999999900400 ) ) ;
#4362 = CARTESIAN_POINT ( 'NONE',  ( 2.250000000000021300, 0.05000000000000002400, -1.904999999999893900 ) ) ;
#4363 = LINE ( 'NONE', #4304, #3094 ) ;
#4364 = EDGE_CURVE ( 'NONE', #6261, #3869, #4945, .T. ) ;
#4365 = DIRECTION ( 'NONE',  ( -1.000000000000000000, 0.0000000000000000000, -1.867031175364252700E-014 ) ) ;
#4366 = DIRECTION ( 'NONE',  ( -0.0000000000000000000, -1.000000000000000000, 0.0000000000000000000 ) ) ;
#4367 = VECTOR ( 'NONE', #4646, 1000.000000000000000 ) ;
#4368 = CARTESIAN_POINT ( 'NONE',  ( -2.875000000000001300, 0.3000000000000000400, 0.4299999999999898300 ) ) ;
#4369 = CARTESIAN_POINT ( 'NONE',  ( 2.800000000000049600, 0.0000000000000000000, -0.4299999999999634700 ) ) ;
#4370 = CARTESIAN_POINT ( 'NONE',  ( -2.683883852877781100, 1.072277086138961000, -2.151011395140730800 ) ) ;
#4371 = CARTESIAN_POINT ( 'NONE',  ( 2.588812089678900600, 0.9067667404483484800, 2.386206656174967300 ) ) ;
#4372 = VECTOR ( 'NONE', #662, 1000.000000000000000 ) ;
#4373 = EDGE_LOOP ( 'NONE', ( #4508, #4208, #3707, #886 ) ) ;
#4374 = AXIS2_PLACEMENT_3D ( 'NONE', #911, #4298, #7136 ) ;
#4375 = ORIENTED_EDGE ( 'NONE', *, *, #498, .T. ) ;
#4376 = CARTESIAN_POINT ( 'NONE',  ( 2.489999999999995800, 0.2999999999999999300, 1.649999999999926200 ) ) ;
#4377 = CARTESIAN_POINT ( 'NONE',  ( 2.616123704738649200, 1.094557071096621000, 2.170770341185546100 ) ) ;
#4378 = DIRECTION ( 'NONE',  ( 0.0000000000000000000, -1.000000000000000000, 0.0000000000000000000 ) ) ;
#4379 = FACE_OUTER_BOUND ( 'NONE', #4172, .T. ) ;
#4380 = VECTOR ( 'NONE', #4145, 1000.000000000000000 ) ;
#4381 = CARTESIAN_POINT ( 'NONE',  ( -1.089999999999993000, 0.05000000000000002400, -2.109999999999902200 ) ) ;
#4382 = ORIENTED_EDGE ( 'NONE', *, *, #7094, .F. ) ;
#4383 = CARTESIAN_POINT ( 'NONE',  ( -2.542286137945398500, 0.8761321158169134100, 2.389446074555058500 ) ) ;
#4384 = AXIS2_PLACEMENT_3D ( 'NONE', #3317, #4535, #6137 ) ;
#4385 = FACE_OUTER_BOUND ( 'NONE', #1325, .T. ) ;
#4386 = LINE ( 'NONE', #7072, #468 ) ;
#4388 = ORIENTED_EDGE ( 'NONE', *, *, #4891, .T. ) ;
#4387 = CARTESIAN_POINT ( 'NONE',  ( -1.090000000000007200, 0.0000000000000000000, 2.109999999999895500 ) ) ;
#4389 = ORIENTED_EDGE ( 'NONE', *, *, #3281, .T. ) ;
#4390 = EDGE_LOOP ( 'NONE', ( #6633, #6601, #5670, #6919 ) ) ;
#4391 = DIRECTION ( 'NONE',  ( -0.7071067811866018600, 0.0000000000000000000, 0.7071067811864932800 ) ) ;
#4392 = ADVANCED_FACE ( 'NONE', ( #2088 ), #7374, .T. ) ;
#4394 = ORIENTED_EDGE ( 'NONE', *, *, #1739, .F. ) ;
#4393 = CARTESIAN_POINT ( 'NONE',  ( -2.755796319344249400, 1.015348775007399300, -2.157221402585061600 ) ) ;
#4396 = ORIENTED_EDGE ( 'NONE', *, *, #724, .F. ) ;
#4395 = LINE ( 'NONE', #2100, #5645 ) ;
#4397 = ORIENTED_EDGE ( 'NONE', *, *, #2848, .F. ) ;
#4398 = EDGE_CURVE ( 'NONE', #666, #2847, #4600, .T. ) ;
#4399 = FACE_OUTER_BOUND ( 'NONE', #6482, .T. ) ;
#4400 = PRESENTATION_LAYER_ASSIGNMENT (  '', '', ( #2052 ) ) ;
#4401 = ORIENTED_EDGE ( 'NONE', *, *, #6213, .T. ) ;
#4402 = EDGE_CURVE ( 'NONE', #1408, #4282, #1395, .T. ) ;
#4403 = VERTEX_POINT ( 'NONE', #6855 ) ;
#4404 = DIRECTION ( 'NONE',  ( -1.000000000000000000, 0.0000000000000000000, -3.491481338843133400E-015 ) ) ;
#4405 = CARTESIAN_POINT ( 'NONE',  ( 2.651655354365739700, 1.059342892320537000, 2.250256969572803600 ) ) ;
#4407 = ORIENTED_EDGE ( 'NONE', *, *, #3858, .T. ) ;
#4406 = LINE ( 'NONE', #5678, #7087 ) ;
#4408 = LINE ( 'NONE', #1012, #6819 ) ;
#4409 = VERTEX_POINT ( 'NONE', #2291 ) ;
#4410 = LINE ( 'NONE', #379, #238 ) ;
#4411 = CARTESIAN_POINT ( 'NONE',  ( 2.490000000000000200, 4.944146853836610200, 0.2500000000000087700 ) ) ;
#4412 = EDGE_CURVE ( 'NONE', #1147, #6196, #4035, .T. ) ;
#4413 = EDGE_CURVE ( 'NONE', #802, #5316, #5928, .T. ) ;
#4414 = CARTESIAN_POINT ( 'NONE',  ( -2.390000000000004600, 0.3000000000000000400, 1.649999999999909300 ) ) ;
#4415 = ORIENTED_EDGE ( 'NONE', *, *, #1776, .F. ) ;
#4416 = VECTOR ( 'NONE', #5892, 1000.000000000000000 ) ;
#4417 = FACE_OUTER_BOUND ( 'NONE', #1578, .T. ) ;
#4418 = ORIENTED_EDGE ( 'NONE', *, *, #598, .T. ) ;
#4419 = VECTOR ( 'NONE', #4470, 1000.000000000000000 ) ;
#4420 =( NAMED_UNIT ( * ) SI_UNIT ( $, .STERADIAN. ) SOLID_ANGLE_UNIT ( ) );
#4421 = ORIENTED_EDGE ( 'NONE', *, *, #79, .F. ) ;
#4422 = CARTESIAN_POINT ( 'NONE',  ( -0.7429999999999907800, 0.3000000000000000400, -2.450000000000002800 ) ) ;
#4423 = VECTOR ( 'NONE', #754, 1000.000000000000000 ) ;
#4424 = DIRECTION ( 'NONE',  ( 1.000000000000000000, 0.0000000000000000000, 3.370341431302853500E-015 ) ) ;
#4425 = LINE ( 'NONE', #1282, #6908 ) ;
#4426 = ORIENTED_EDGE ( 'NONE', *, *, #6682, .F. ) ;
#4427 = DIRECTION ( 'NONE',  ( 0.7071067811865435800, 0.0000000000000000000, 0.7071067811865515700 ) ) ;
#4428 = CARTESIAN_POINT ( 'NONE',  ( -2.635302975973774100, 1.074261572503030000, -2.229730819484785400 ) ) ;
#4429 = CARTESIAN_POINT ( 'NONE',  ( 2.800000000000052200, 0.0000000000000000000, -0.8399999999999632200 ) ) ;
#4430 = ORIENTED_EDGE ( 'NONE', *, *, #558, .F. ) ;
#4431 = ORIENTED_EDGE ( 'NONE', *, *, #5493, .F. ) ;
#4432 = ORIENTED_EDGE ( 'NONE', *, *, #4834, .T. ) ;
#4433 = FACE_OUTER_BOUND ( 'NONE', #4710, .T. ) ;
#4434 = VECTOR ( 'NONE', #564, 1000.000000000000000 ) ;
#4435 = CARTESIAN_POINT ( 'NONE',  ( 2.800000000000028200, 4.944146853836610200, 1.699999999999926500 ) ) ;
#4436 = CARTESIAN_POINT ( 'NONE',  ( 2.624313762026442700, 1.074102485030495900, 2.238167309008182400 ) ) ;
#4437 = DIRECTION ( 'NONE',  ( 1.000000000000000000, 0.0000000000000000000, 3.491481338843133400E-015 ) ) ;
#4438 = CARTESIAN_POINT ( 'NONE',  ( -2.390000000000010800, 0.2999999999999999300, 0.8899999999999640400 ) ) ;
#4439 = ADVANCED_FACE ( 'NONE', ( #844 ), #5703, .F. ) ;
#4440 = VECTOR ( 'NONE', #6543, 1000.000000000000000 ) ;
#4441 = CARTESIAN_POINT ( 'NONE',  ( -3.000000000000013300, 0.2999999999999999300, -0.8399999999999827600 ) ) ;
#4442 = CARTESIAN_POINT ( 'NONE',  ( 2.489999999999991300, 0.3000000000000000400, 0.3799999999999428800 ) ) ;
#4443 = ORIENTED_EDGE ( 'NONE', *, *, #4724, .F. ) ;
#4444 = CARTESIAN_POINT ( 'NONE',  ( 2.814445482107879000, 0.8761377525753105700, 2.162284338101319900 ) ) ;
#4445 = ORIENTED_EDGE ( 'NONE', *, *, #12, .T. ) ;
#4446 = FILL_AREA_STYLE_COLOUR ( '', #5802 ) ;
#4447 = ORIENTED_EDGE ( 'NONE', *, *, #5814, .T. ) ;
#4448 = CARTESIAN_POINT ( 'NONE',  ( -2.800000000000004700, 4.944146853836610200, 2.109999999999907500 ) ) ;
#4449 = CARTESIAN_POINT ( 'NONE',  ( -2.565815600712991100, 1.100000000000000100, -2.140815600713008600 ) ) ;
#4450 = CARTESIAN_POINT ( 'NONE',  ( -2.835007647403544600, 0.6805018179845306900, 2.223692829934654600 ) ) ;
#4451 = EDGE_CURVE ( 'NONE', #797, #3923, #3935, .T. ) ;
#4452 =( GEOMETRIC_REPRESENTATION_CONTEXT ( 3 ) GLOBAL_UNCERTAINTY_ASSIGNED_CONTEXT ( ( #2724 ) ) GLOBAL_UNIT_ASSIGNED_CONTEXT ( ( #3766, #6050, #1993 ) ) REPRESENTATION_CONTEXT ( 'NONE', 'WORKASPACE' ) );
#4453 = CARTESIAN_POINT ( 'NONE',  ( -2.606781623075852900, 1.073619305475737000, 2.248172372620171900 ) ) ;
#4454 = EDGE_CURVE ( 'NONE', #1624, #2987, #4406, .T. ) ;
#4455 = EDGE_CURVE ( 'NONE', #6036, #4341, #6267, .T. ) ;
#4456 = CARTESIAN_POINT ( 'NONE',  ( -0.6499999999999926900, 0.2999999999999999300, -1.904999999999903900 ) ) ;
#4457 = FACE_OUTER_BOUND ( 'NONE', #4870, .T. ) ;
#4458 = DIRECTION ( 'NONE',  ( -1.000000000000000000, 0.0000000000000000000, -3.491481338843133400E-015 ) ) ;
#4459 = EDGE_LOOP ( 'NONE', ( #1118, #6210, #6165, #2334, #3932, #1735, #2399, #6891 ) ) ;
#4460 = DIRECTION ( 'NONE',  ( 6.680311257917186800E-015, -0.0000000000000000000, -1.000000000000000000 ) ) ;
#4461 = MECHANICAL_DESIGN_GEOMETRIC_PRESENTATION_REPRESENTATION (  '', ( #3805 ), #4209 ) ;
#4462 = PLANE ( 'NONE',  #4262 ) ;
#4463 = CARTESIAN_POINT ( 'NONE',  ( 2.875000000000008400, 0.3000000000000000400, -2.449999999999990400 ) ) ;
#4464 = DIRECTION ( 'NONE',  ( -2.949380252600381100E-015, 0.0000000000000000000, 1.000000000000000000 ) ) ;
#4465 = LINE ( 'NONE', #420, #3639 ) ;
#4466 = EDGE_CURVE ( 'NONE', #5855, #6012, #1386, .T. ) ;
#4467 = ORIENTED_EDGE ( 'NONE', *, *, #6726, .F. ) ;
#4468 = CARTESIAN_POINT ( 'NONE',  ( 2.565815600713005700, 1.100000000000000100, -2.140815600712990400 ) ) ;
#4469 = CARTESIAN_POINT ( 'NONE',  ( -2.821631632893178800, 0.8077660949809756200, -2.148001159051127200 ) ) ;
#4470 = DIRECTION ( 'NONE',  ( -0.0000000000000000000, -1.000000000000000000, 0.0000000000000000000 ) ) ;
#4471 = CARTESIAN_POINT ( 'NONE',  ( 2.800000000000065500, 0.05000000000000002400, -2.109999999999908400 ) ) ;
#4472 = ADVANCED_FACE ( 'NONE', ( #5746 ), #2869, .T. ) ;
#4473 = VECTOR ( 'NONE', #6350, 1000.000000000000000 ) ;
#4474 = VECTOR ( 'NONE', #5589, 1000.000000000000000 ) ;
#4475 = VERTEX_POINT ( 'NONE', #1686 ) ;
#4476 = CARTESIAN_POINT ( 'NONE',  ( -2.568458814361268800, 1.100000000000000100, -2.171424261741104800 ) ) ;
#4477 = EDGE_LOOP ( 'NONE', ( #3156, #4677, #2086, #3000 ) ) ;
#4478 = CARTESIAN_POINT ( 'NONE',  ( -2.875000000000008400, 0.3000000000000000400, 2.449999999999990400 ) ) ;
#4479 = ORIENTED_EDGE ( 'NONE', *, *, #2016, .T. ) ;
#4480 = CARTESIAN_POINT ( 'NONE',  ( -2.710280226426274200, 1.056305036834823200, 2.154262906990767500 ) ) ;
#4481 = ORIENTED_EDGE ( 'NONE', *, *, #6622, .T. ) ;
#4482 = EDGE_CURVE ( 'NONE', #5378, #1175, #3227, .T. ) ;
#4483 = VECTOR ( 'NONE', #329, 1000.000000000000000 ) ;
#4484 = DIRECTION ( 'NONE',  ( -1.000000000000000000, 0.0000000000000000000, -3.491481338843133400E-015 ) ) ;
#4485 = DIRECTION ( 'NONE',  ( 4.062114061203939100E-015, -0.0000000000000000000, -1.000000000000000000 ) ) ;
#4486 = DIRECTION ( 'NONE',  ( -0.0000000000000000000, -1.000000000000000000, 0.0000000000000000000 ) ) ;
#4487 = DIRECTION ( 'NONE',  ( 0.0000000000000000000, -1.000000000000000000, 0.0000000000000000000 ) ) ;
#4488 = EDGE_LOOP ( 'NONE', ( #356, #2353, #293, #3765 ) ) ;
#4489 = CARTESIAN_POINT ( 'NONE',  ( -2.800000000000013600, 0.3000000000000000400, -0.8399999999999819800 ) ) ;
#4490 = FACE_OUTER_BOUND ( 'NONE', #2231, .T. ) ;
#4491 = VERTEX_POINT ( 'NONE', #7346 ) ;
#4492 = CARTESIAN_POINT ( 'NONE',  ( -2.874999999999991100, 0.3000000000000000400, -2.450000000000010400 ) ) ;
#4493 = ORIENTED_EDGE ( 'NONE', *, *, #6404, .T. ) ;
#4494 = ADVANCED_FACE ( 'NONE', ( #2434 ), #3347, .T. ) ;
#4495 = ORIENTED_EDGE ( 'NONE', *, *, #2301, .F. ) ;
#4497 = ORIENTED_EDGE ( 'NONE', *, *, #5442, .T. ) ;
#4496 = VECTOR ( 'NONE', #6915, 1000.000000000000000 ) ;
#4498 = ORIENTED_EDGE ( 'NONE', *, *, #5697, .T. ) ;
#4499 = LINE ( 'NONE', #1684, #2865 ) ;
#4500 = CARTESIAN_POINT ( 'NONE',  ( -2.874999999999993800, 0.05000000000000000300, -1.699999999999926700 ) ) ;
#4501 = ORIENTED_EDGE ( 'NONE', *, *, #1452, .T. ) ;
#4502 = CARTESIAN_POINT ( 'NONE',  ( 1.974999999999999900, 1.090000000000000100, 6.969154452164029300E-015 ) ) ;
#4503 = CARTESIAN_POINT ( 'NONE',  ( -2.565815600712991100, 1.100000000000000100, -2.140815600713008600 ) ) ;
#4504 = PLANE ( 'NONE',  #1701 ) ;
#4505 = EDGE_CURVE ( 'NONE', #3332, #3377, #1733, .T. ) ;
#4506 = FACE_OUTER_BOUND ( 'NONE', #5992, .T. ) ;
#4507 = LINE ( 'NONE', #855, #7014 ) ;
#4508 = ORIENTED_EDGE ( 'NONE', *, *, #2481, .F. ) ;
#4509 = LINE ( 'NONE', #2479, #3770 ) ;
#4510 = CARTESIAN_POINT ( 'NONE',  ( -2.591215425438047500, 1.100000000000000100, 2.155866473548474700 ) ) ;
#4511 = AXIS2_PLACEMENT_3D ( 'NONE', #6724, #3378, #1619 ) ;
#4512 = CARTESIAN_POINT ( 'NONE',  ( 2.800000000000062900, 0.05000000000000002400, -1.699999999999908700 ) ) ;
#4513 = VERTEX_POINT ( 'NONE', #3967 ) ;
#4514 = COLOUR_RGB ( '',0.7921568627450980000, 0.8196078431372548800, 0.9333333333333333500 ) ;
#4515 = FACE_OUTER_BOUND ( 'NONE', #4016, .T. ) ;
#4516 = VERTEX_POINT ( 'NONE', #2327 ) ;
#4517 = DIRECTION ( 'NONE',  ( -1.000000000000000000, 0.0000000000000000000, -3.491481338843133400E-015 ) ) ;
#4518 = EDGE_CURVE ( 'NONE', #1706, #385, #5187, .T. ) ;
#4519 = DIRECTION ( 'NONE',  ( -0.7071067811870299600, 0.0000000000000000000, 0.7071067811860651800 ) ) ;
#4520 = ORIENTED_EDGE ( 'NONE', *, *, #1452, .F. ) ;
#4521 = ORIENTED_EDGE ( 'NONE', *, *, #2962, .F. ) ;
#4522 = VECTOR ( 'NONE', #4833, 1000.000000000000000 ) ;
#4523 = CARTESIAN_POINT ( 'NONE',  ( 2.750000000000064400, 4.944146853836610200, -2.159999999999909500 ) ) ;
#4524 = EDGE_LOOP ( 'NONE', ( #6355, #2450, #141, #3903 ) ) ;
#4525 = CARTESIAN_POINT ( 'NONE',  ( -2.790916611787450200, 1.099999999999999900, -2.365916611787468600 ) ) ;
#4526 = CARTESIAN_POINT ( 'NONE',  ( 2.621374133132676300, 1.094455121249999800, -2.161732617521012300 ) ) ;
#4527 = CARTESIAN_POINT ( 'NONE',  ( -0.9970000000000074400, 4.944146853836610200, 2.449999999999998000 ) ) ;
#4528 = CIRCLE ( 'NONE', #6821, 0.6099999999999999900 ) ;
#4529 = CARTESIAN_POINT ( 'NONE',  ( -2.750000000000012400, 4.944146853836610200, -0.8899999999999823600 ) ) ;
#4530 = CARTESIAN_POINT ( 'NONE',  ( 2.810387101451459200, 0.8805512600180576100, 2.208390429027121000 ) ) ;
#4531 = ORIENTED_EDGE ( 'NONE', *, *, #4115, .T. ) ;
#4532 = EDGE_CURVE ( 'NONE', #4023, #7274, #2076, .T. ) ;
#4533 = CARTESIAN_POINT ( 'NONE',  ( -2.568654174339862500, 1.100000000000000100, 2.171392511324869500 ) ) ;
#4534 = ADVANCED_FACE ( 'NONE', ( #2168 ), #4641, .F. ) ;
#4535 = DIRECTION ( 'NONE',  ( -3.491481338843133400E-015, 0.0000000000000000000, 1.000000000000000000 ) ) ;
#4536 = CARTESIAN_POINT ( 'NONE',  ( 2.568849760970802100, 1.100000000000000100, 2.171357977997336400 ) ) ;
#4537 = ORIENTED_EDGE ( 'NONE', *, *, #6896, .F. ) ;
#4538 = DIRECTION ( 'NONE',  ( 1.000000000000000000, 0.0000000000000000000, -2.909111085745247900E-013 ) ) ;
#4539 = ORIENTED_EDGE ( 'NONE', *, *, #876, .T. ) ;
#4540 = DIRECTION ( 'NONE',  ( -1.168734907595625700E-014, 0.0000000000000000000, -1.000000000000000000 ) ) ;
#4541 = AXIS2_PLACEMENT_3D ( 'NONE', #4769, #1357, #3093 ) ;
#4542 = DIRECTION ( 'NONE',  ( -1.000000000000000000, 0.0000000000000000000, -1.373532255474061000E-014 ) ) ;
#4543 = CARTESIAN_POINT ( 'NONE',  ( 2.750000000000012900, 0.0000000000000000000, -0.8899999999999244100 ) ) ;
#4544 = DIRECTION ( 'NONE',  ( 5.989264566803389000E-014, 0.0000000000000000000, 1.000000000000000000 ) ) ;
#4545 = DIRECTION ( 'NONE',  ( -0.7071067811871001300, 0.0000000000000000000, -0.7071067811859949000 ) ) ;
#4546 = ORIENTED_EDGE ( 'NONE', *, *, #6114, .F. ) ;
#4547 = PLANE ( 'NONE',  #2306 ) ;
#4548 = DIRECTION ( 'NONE',  ( -1.000000000000000000, 0.0000000000000000000, -1.946841225083295800E-013 ) ) ;
#4549 = FACE_OUTER_BOUND ( 'NONE', #4477, .T. ) ;
#4550 = CARTESIAN_POINT ( 'NONE',  ( 2.710400185261177000, 1.056223637731298300, -2.153301215384520400 ) ) ;
#4551 = CARTESIAN_POINT ( 'NONE',  ( -2.591215428888618400, 1.100000000000000100, -2.155866468956439100 ) ) ;
#4552 = CARTESIAN_POINT ( 'NONE',  ( 2.813845111441025000, 0.8780124951084453700, 2.180777684423923300 ) ) ;
#4553 = EDGE_CURVE ( 'NONE', #2634, #1802, #1468, .T. ) ;
#4554 = AXIS2_PLACEMENT_3D ( 'NONE', #733, #2603, #1482 ) ;
#4555 = VECTOR ( 'NONE', #6977, 1000.000000000000000 ) ;
#4556 = CARTESIAN_POINT ( 'NONE',  ( -2.576011395140728000, 1.072277086138961400, 2.258883852877780800 ) ) ;
#4557 = EDGE_CURVE ( 'NONE', #5747, #5465, #5558, .T. ) ;
#4558 = EDGE_CURVE ( 'NONE', #5300, #964, #6998, .T. ) ;
#4559 = CARTESIAN_POINT ( 'NONE',  ( 2.565815600712992000, 1.100000000000000100, 2.140815600713007700 ) ) ;
#4560 = CARTESIAN_POINT ( 'NONE',  ( 2.762529584587974300, 0.9155742305496630300, -2.296707326899359600 ) ) ;
#4561 = CARTESIAN_POINT ( 'NONE',  ( 2.793603836822346100, 1.074432761647642100, -2.119973362980260800 ) ) ;
#4562 = LINE ( 'NONE', #3440, #6413 ) ;
#4563 = ORIENTED_EDGE ( 'NONE', *, *, #5408, .T. ) ;
#4564 = ORIENTED_EDGE ( 'NONE', *, *, #6789, .F. ) ;
#4565 = DIRECTION ( 'NONE',  ( 3.491481338843133400E-015, 0.0000000000000000000, -1.000000000000000000 ) ) ;
#4566 = CARTESIAN_POINT ( 'NONE',  ( 2.489999999999998000, 0.3000000000000000400, 0.8899999999999449500 ) ) ;
#4567 = DIRECTION ( 'NONE',  ( 0.7071067811862200600, 0.0000000000000000000, 0.7071067811868750900 ) ) ;
#4568 = ADVANCED_FACE ( 'NONE', ( #2598 ), #4093, .T. ) ;
#4569 = FACE_OUTER_BOUND ( 'NONE', #5582, .T. ) ;
#4570 = LINE ( 'NONE', #5508, #3645 ) ;
#4571 = EDGE_LOOP ( 'NONE', ( #3058, #3221, #166, #1440 ) ) ;
#4572 = DIRECTION ( 'NONE',  ( -0.0000000000000000000, -1.000000000000000000, 0.0000000000000000000 ) ) ;
#4573 = CARTESIAN_POINT ( 'NONE',  ( 2.576292836554597200, 1.100000000000000100, -2.168825746007057900 ) ) ;
#4574 = DIRECTION ( 'NONE',  ( 1.000000000000000000, 0.0000000000000000000, 1.481907712820748700E-013 ) ) ;
#4575 = CARTESIAN_POINT ( 'NONE',  ( 2.784725898066036100, 0.8849511582121432100, 2.275913867392560100 ) ) ;
#4576 = LINE ( 'NONE', #1473, #6255 ) ;
#4577 = ORIENTED_EDGE ( 'NONE', *, *, #6885, .T. ) ;
#4578 = VERTEX_POINT ( 'NONE', #5240 ) ;
#4579 = EDGE_LOOP ( 'NONE', ( #6112, #6722, #3790, #1569 ) ) ;
#4580 = CARTESIAN_POINT ( 'NONE',  ( -2.749999999999996400, 0.2999999999999999300, -0.3799999999999820200 ) ) ;
#4581 =( NAMED_UNIT ( * ) SI_UNIT ( $, .STERADIAN. ) SOLID_ANGLE_UNIT ( ) );
#4583 = VERTEX_POINT ( 'NONE', #5783 ) ;
#4582 = LINE ( 'NONE', #4963, #480 ) ;
#4584 = EDGE_LOOP ( 'NONE', ( #3913, #1755, #4174, #2985 ) ) ;
#4585 = LINE ( 'NONE', #136, #7343 ) ;
#4586 = CARTESIAN_POINT ( 'NONE',  ( 2.590986782471029800, 0.8765143461028250800, -2.389382077747715700 ) ) ;
#4587 = DIRECTION ( 'NONE',  ( 1.000000000000000000, 0.0000000000000000000, 1.839926121052110700E-014 ) ) ;
#4588 = DIRECTION ( 'NONE',  ( -0.0000000000000000000, -1.000000000000000000, 0.0000000000000000000 ) ) ;
#4589 = CARTESIAN_POINT ( 'NONE',  ( 2.490000000000006400, 0.3000000000000000400, -1.649999999999908900 ) ) ;
#4590 = LINE ( 'NONE', #1737, #6899 ) ;
#4591 = VECTOR ( 'NONE', #2435, 1000.000000000000000 ) ;
#4592 = VERTEX_POINT ( 'NONE', #1792 ) ;
#4593 = DIRECTION ( 'NONE',  ( 0.0000000000000000000, -1.000000000000000000, 0.0000000000000000000 ) ) ;
#4594 = DIRECTION ( 'NONE',  ( -1.000000000000000000, 0.0000000000000000000, -3.491481338843133400E-015 ) ) ;
#4595 = FACE_OUTER_BOUND ( 'NONE', #315, .T. ) ;
#4596 = VERTEX_POINT ( 'NONE', #1335 ) ;
#4597 = DIRECTION ( 'NONE',  ( 0.7071067811863260800, 0.0000000000000000000, -0.7071067811867689500 ) ) ;
#4598 = EDGE_CURVE ( 'NONE', #3683, #1047, #7180, .T. ) ;
#4599 = DIRECTION ( 'NONE',  ( 1.000000000000000000, 0.0000000000000000000, -2.531864063853214100E-015 ) ) ;
#4600 = LINE ( 'NONE', #2160, #1214 ) ;
#4601 = CARTESIAN_POINT ( 'NONE',  ( 2.708330161876652200, 1.056877884652687600, -2.163118712283643900 ) ) ;
#4602 = VECTOR ( 'NONE', #1603, 1000.000000000000000 ) ;
#4603 = EDGE_LOOP ( 'NONE', ( #2192, #2974, #4974, #6091 ) ) ;
#4604 = CARTESIAN_POINT ( 'NONE',  ( 2.489999999999991300, 4.944146853836610200, 0.3799999999999428800 ) ) ;
#4605 = VECTOR ( 'NONE', #1025, 1000.000000000000000 ) ;
#4606 = DIRECTION ( 'NONE',  ( 1.000000000000000000, -0.0000000000000000000, 2.908576945033690500E-015 ) ) ;
#4607 = EDGE_CURVE ( 'NONE', #4883, #1127, #4314, .T. ) ;
#4608 = EDGE_CURVE ( 'NONE', #3826, #1773, #6610, .T. ) ;
#4609 = VERTEX_POINT ( 'NONE', #1868 ) ;
#4610 = CARTESIAN_POINT ( 'NONE',  ( 2.750000000000006700, 0.2999999999999999300, 0.8899999999999437300 ) ) ;
#4611 = ORIENTED_EDGE ( 'NONE', *, *, #5489, .F. ) ;
#4612 = VECTOR ( 'NONE', #2842, 1000.000000000000100 ) ;
#4613 = ORIENTED_EDGE ( 'NONE', *, *, #4002, .F. ) ;
#4614 = ADVANCED_FACE ( 'NONE', ( #6448 ), #5653, .T. ) ;
#4615 = AXIS2_PLACEMENT_3D ( 'NONE', #5070, #1666, #1132 ) ;
#4616 = DIRECTION ( 'NONE',  ( -1.000000000000000000, 0.0000000000000000000, -3.491481338843133400E-015 ) ) ;
#4617 = ORIENTED_EDGE ( 'NONE', *, *, #2527, .F. ) ;
#4618 = DIRECTION ( 'NONE',  ( -1.000000000000000000, 0.0000000000000000000, -1.867031175364252400E-014 ) ) ;
#4619 = CARTESIAN_POINT ( 'NONE',  ( 2.875000000000008900, 0.3000000000000000400, -2.449999999999990400 ) ) ;
#4620 = ORIENTED_EDGE ( 'NONE', *, *, #3106, .F. ) ;
#4621 = LINE ( 'NONE', #31, #6032 ) ;
#4622 = VECTOR ( 'NONE', #1106, 1000.000000000000000 ) ;
#4623 = EDGE_CURVE ( 'NONE', #5126, #5927, #41, .T. ) ;
#4624 = DIRECTION ( 'NONE',  ( 1.000000000000000000, 0.0000000000000000000, 3.491481338843133400E-015 ) ) ;
#4625 = ORIENTED_EDGE ( 'NONE', *, *, #2612, .F. ) ;
#4626 = DIRECTION ( 'NONE',  ( 0.7071067811863260800, 0.0000000000000000000, -0.7071067811867689500 ) ) ;
#4627 = LINE ( 'NONE', #3945, #5954 ) ;
#4628 = CARTESIAN_POINT ( 'NONE',  ( -2.390000000000004600, 0.3000000000000000400, 1.649999999999909300 ) ) ;
#4629 = DIRECTION ( 'NONE',  ( 0.0000000000000000000, -1.000000000000000000, 0.0000000000000000000 ) ) ;
#4630 = CARTESIAN_POINT ( 'NONE',  ( 2.586732621947015300, 1.094455121289937400, -2.196374128785639100 ) ) ;
#4631 = ORIENTED_EDGE ( 'NONE', *, *, #878, .T. ) ;
#4632 = CARTESIAN_POINT ( 'NONE',  ( -2.390000000000010800, 4.944146853836610200, 0.8899999999999640400 ) ) ;
#4633 = VERTEX_POINT ( 'NONE', #4738 ) ;
#4634 = DIRECTION ( 'NONE',  ( 1.000000000000000000, 0.0000000000000000000, -1.171753811632145600E-015 ) ) ;
#4635 = AXIS2_PLACEMENT_3D ( 'NONE', #446, #2221, #7333 ) ;
#4636 = CARTESIAN_POINT ( 'NONE',  ( 2.875000000000003100, 0.3000000000000000400, -0.8399999999999628900 ) ) ;
#4637 = LINE ( 'NONE', #336, #894 ) ;
#4638 = DIRECTION ( 'NONE',  ( -1.000000000000000000, 0.0000000000000000000, -1.481907712820748700E-013 ) ) ;
#4639 = CARTESIAN_POINT ( 'NONE',  ( 2.586233664771065800, 0.9362677717270933000, -2.377258690362694400 ) ) ;
#4640 = DIRECTION ( 'NONE',  ( -3.311355821850256100E-015, 0.0000000000000000000, -1.000000000000000000 ) ) ;
#4641 = PLANE ( 'NONE',  #5253 ) ;
#4642 = CARTESIAN_POINT ( 'NONE',  ( 2.573001159051109300, 0.8077660949809754000, 2.396631632893195400 ) ) ;
#4643 = CARTESIAN_POINT ( 'NONE',  ( -0.7429999999999930000, 0.05000000000000002400, -2.109999999999900400 ) ) ;
#4644 = LINE ( 'NONE', #5626, #3104 ) ;
#4645 = ADVANCED_FACE ( 'NONE', ( #3836 ), #7004, .T. ) ;
#4646 = DIRECTION ( 'NONE',  ( -1.000000000000000000, 0.0000000000000000000, -4.093815879112860300E-015 ) ) ;
#4647 = PLANE ( 'NONE',  #3620 ) ;
#4648 = AXIS2_PLACEMENT_3D ( 'NONE', #4122, #2972, #2919 ) ;
#4649 = CARTESIAN_POINT ( 'NONE',  ( 2.710400185260796000, 1.056223637731555900, -2.153301215387569900 ) ) ;
#4650 = VECTOR ( 'NONE', #2094, 1000.000000000000000 ) ;
#4651 = DIRECTION ( 'NONE',  ( -7.199956750943203300E-015, 0.0000000000000000000, -1.000000000000000000 ) ) ;
#4652 = EDGE_LOOP ( 'NONE', ( #6917, #6769, #275, #6805 ) ) ;
#4653 = VERTEX_POINT ( 'NONE', #5804 ) ;
#4654 = ORIENTED_EDGE ( 'NONE', *, *, #5489, .T. ) ;
#4655 = AXIS2_PLACEMENT_3D ( 'NONE', #4066, #4689, #1842 ) ;
#4656 = EDGE_CURVE ( 'NONE', #5136, #1145, #5105, .T. ) ;
#4657 = LINE ( 'NONE', #5881, #5713 ) ;
#4658 = LINE ( 'NONE', #2602, #2666 ) ;
#4659 = EDGE_CURVE ( 'NONE', #7139, #3393, #5468, .T. ) ;
#4660 = DIRECTION ( 'NONE',  ( -1.000000000000000000, 0.0000000000000000000, -7.968680068296319000E-014 ) ) ;
#4661 = VERTEX_POINT ( 'NONE', #1278 ) ;
#4662 = VERTEX_POINT ( 'NONE', #3556 ) ;
#4663 = DIRECTION ( 'NONE',  ( 1.000000000000000000, 0.0000000000000000000, 7.828290028785151100E-015 ) ) ;
#4664 = DIRECTION ( 'NONE',  ( 0.0000000000000000000, -1.000000000000000000, 0.0000000000000000000 ) ) ;
#4665 = DIRECTION ( 'NONE',  ( 0.0000000000000000000, -1.000000000000000000, 0.0000000000000000000 ) ) ;
#4666 = VECTOR ( 'NONE', #2767, 1000.000000000000000 ) ;
#4667 = ORIENTED_EDGE ( 'NONE', *, *, #1165, .T. ) ;
#4668 = CARTESIAN_POINT ( 'NONE',  ( -2.389999999999962800, 4.944146853836610200, -2.159999999999928600 ) ) ;
#4669 = CARTESIAN_POINT ( 'NONE',  ( -2.999999999999987100, 0.0000000000000000000, -1.699999999999925100 ) ) ;
#4670 = CARTESIAN_POINT ( 'NONE',  ( -3.107418391570292500E-015, 0.05000000000000000300, 0.8899999999999723700 ) ) ;
#4671 = PLANE ( 'NONE',  #866 ) ;
#4672 = ADVANCED_FACE ( 'NONE', ( #2515 ), #3468, .T. ) ;
#4673 = VECTOR ( 'NONE', #3625, 1000.000000000000000 ) ;
#4674 = EDGE_CURVE ( 'NONE', #5393, #5224, #4028, .T. ) ;
#4675 = VERTEX_POINT ( 'NONE', #7053 ) ;
#4676 = CARTESIAN_POINT ( 'NONE',  ( -2.749999999999995100, 0.0000000000000000000, -1.649999999999927100 ) ) ;
#4677 = ORIENTED_EDGE ( 'NONE', *, *, #456, .T. ) ;
#4678 = CARTESIAN_POINT ( 'NONE',  ( -2.749999999999995100, 4.944146853836610200, -1.649999999999927100 ) ) ;
#4679 = CARTESIAN_POINT ( 'NONE',  ( -2.683883852877781100, 1.072277086138961000, -2.151011395140730800 ) ) ;
#4680 = ORIENTED_EDGE ( 'NONE', *, *, #7218, .T. ) ;
#4682 = EDGE_LOOP ( 'NONE', ( #4013, #1323, #6083, #2743, #5484, #7176, #6824, #4729 ) ) ;
#4681 = VECTOR ( 'NONE', #1550, 1000.000000000000000 ) ;
#4683 = ORIENTED_EDGE ( 'NONE', *, *, #2854, .T. ) ;
#4684 = LINE ( 'NONE', #150, #4311 ) ;
#4685 = ORIENTED_EDGE ( 'NONE', *, *, #3013, .F. ) ;
#4686 = DIRECTION ( 'NONE',  ( 1.000000000000000000, -0.0000000000000000000, 3.491481338843133400E-015 ) ) ;
#4687 = CARTESIAN_POINT ( 'NONE',  ( -2.583839457273967800, 0.9906556768458135700, 2.349533543832313500 ) ) ;
#4688 = AXIS2_PLACEMENT_3D ( 'NONE', #826, #5962, #2546 ) ;
#4690 = ORIENTED_EDGE ( 'NONE', *, *, #1258, .F. ) ;
#4689 = DIRECTION ( 'NONE',  ( -0.7071067811860651800, 0.0000000000000000000, -0.7071067811870299600 ) ) ;
#4691 = VECTOR ( 'NONE', #435, 1000.000000000000000 ) ;
#4692 = VECTOR ( 'NONE', #4768, 1000.000000000000100 ) ;
#4693 = ORIENTED_EDGE ( 'NONE', *, *, #3676, .T. ) ;
#4694 = CARTESIAN_POINT ( 'NONE',  ( 2.586891725156189800, 0.9909316074637625200, -2.349096924047326500 ) ) ;
#4695 = CARTESIAN_POINT ( 'NONE',  ( 7.911682320524350700E-015, 0.05000000000000000300, -0.4300000000000149300 ) ) ;
#4696 = FACE_OUTER_BOUND ( 'NONE', #4373, .T. ) ;
#4697 = ORIENTED_EDGE ( 'NONE', *, *, #3164, .T. ) ;
#4698 = DIRECTION ( 'NONE',  ( 0.0000000000000000000, -1.000000000000000000, 0.0000000000000000000 ) ) ;
#4700 = ORIENTED_EDGE ( 'NONE', *, *, #7199, .F. ) ;
#4699 = LINE ( 'NONE', #151, #1645 ) ;
#4701 = FACE_OUTER_BOUND ( 'NONE', #237, .T. ) ;
#4702 = ORIENTED_EDGE ( 'NONE', *, *, #3717, .F. ) ;
#4703 = PLANE ( 'NONE',  #4840 ) ;
#4704 = DIRECTION ( 'NONE',  ( 1.000000000000000000, 0.0000000000000000000, 3.491481338843133400E-015 ) ) ;
#4705 = CARTESIAN_POINT ( 'NONE',  ( -2.587284338101301500, 0.8761377525753103500, -2.389445482107895600 ) ) ;
#4706 = EDGE_CURVE ( 'NONE', #5233, #3296, #573, .T. ) ;
#4707 = DIRECTION ( 'NONE',  ( 1.000000000000000000, 0.0000000000000000000, 2.949380252600381100E-015 ) ) ;
#4708 = CARTESIAN_POINT ( 'NONE',  ( -2.874999999999991100, 0.3000000000000000400, -2.450000000000010400 ) ) ;
#4709 = CARTESIAN_POINT ( 'NONE',  ( -2.578978969439605700, 1.048175076257953400, 2.293408155425432000 ) ) ;
#4710 = EDGE_LOOP ( 'NONE', ( #3917, #3854, #115, #944 ) ) ;
#4711 = VECTOR ( 'NONE', #6117, 1000.000000000000000 ) ;
#4712 = ORIENTED_EDGE ( 'NONE', *, *, #5989, .F. ) ;
#4713 = PLANE ( 'NONE',  #3192 ) ;
#4714 = EDGE_CURVE ( 'NONE', #4285, #299, #404, .T. ) ;
#4715 = EDGE_CURVE ( 'NONE', #6190, #7382, #1009, .T. ) ;
#4716 = PLANE ( 'NONE',  #2009 ) ;
#4717 = ORIENTED_EDGE ( 'NONE', *, *, #3198, .F. ) ;
#4718 = CARTESIAN_POINT ( 'NONE',  ( -2.692347414161993000, 0.9439359774640581100, 2.344401616987341200 ) ) ;
#4719 = LINE ( 'NONE', #6394, #7198 ) ;
#4720 = DIRECTION ( 'NONE',  ( 0.7071067811863515100, 0.0000000000000000000, -0.7071067811867435300 ) ) ;
#4721 = AXIS2_PLACEMENT_3D ( 'NONE', #683, #6339, #1872 ) ;
#4722 = ADVANCED_FACE ( 'NONE', ( #3756 ), #208, .T. ) ;
#4723 = DIRECTION ( 'NONE',  ( -1.877011598306432700E-013, 0.0000000000000000000, -1.000000000000000000 ) ) ;
#4724 = EDGE_CURVE ( 'NONE', #5815, #5747, #5295, .T. ) ;
#4725 = CARTESIAN_POINT ( 'NONE',  ( 2.489999999999991300, 0.05000000000000002400, 0.3799999999999428800 ) ) ;
#4726 = CARTESIAN_POINT ( 'NONE',  ( 2.571090194629085600, 1.094165267273311800, 2.201895891117761700 ) ) ;
#4727 = ORIENTED_EDGE ( 'NONE', *, *, #7123, .T. ) ;
#4728 = CARTESIAN_POINT ( 'NONE',  ( -2.750000000000003100, 0.3000000000000000400, 1.649999999999907800 ) ) ;
#4729 = ORIENTED_EDGE ( 'NONE', *, *, #3897, .F. ) ;
#4730 = CARTESIAN_POINT ( 'NONE',  ( 2.565815600713005700, 1.100000000000000100, -2.140815600712990400 ) ) ;
#4731 = VERTEX_POINT ( 'NONE', #1355 ) ;
#4732 = CARTESIAN_POINT ( 'NONE',  ( -2.749999999999981800, 0.3000000000000000400, 2.159999999999908200 ) ) ;
#4733 = VECTOR ( 'NONE', #1985, 1000.000000000000000 ) ;
#4734 = CARTESIAN_POINT ( 'NONE',  ( -2.875000000000008400, 0.3000000000000000400, 2.449999999999990400 ) ) ;
#4735 = CARTESIAN_POINT ( 'NONE',  ( -2.632132579914730800, 0.9107341199520375700, 2.380576096924317500 ) ) ;
#4736 = CARTESIAN_POINT ( 'NONE',  ( -0.9969999999999926700, 0.0000000000000000000, -2.109999999999901300 ) ) ;
#4737 = VERTEX_POINT ( 'NONE', #7031 ) ;
#4738 = CARTESIAN_POINT ( 'NONE',  ( -2.750000000000003100, 0.3000000000000000400, 1.649999999999907800 ) ) ;
#4739 = EDGE_CURVE ( 'NONE', #1339, #5590, #5380, .T. ) ;
#4740 = CARTESIAN_POINT ( 'NONE',  ( -2.750000000000000900, 0.2999999999999999300, 0.8899999999999627100 ) ) ;
#4741 = CARTESIAN_POINT ( 'NONE',  ( 2.587009817579240900, 0.9065729647699593000, 2.386246612405028800 ) ) ;
#4742 = FACE_OUTER_BOUND ( 'NONE', #1668, .T. ) ;
#4743 = VERTEX_POINT ( 'NONE', #7172 ) ;
#4744 = EDGE_CURVE ( 'NONE', #5777, #4317, #7174, .T. ) ;
#4745 = DIRECTION ( 'NONE',  ( -3.491481338843133400E-015, 0.0000000000000000000, 1.000000000000000000 ) ) ;
#4746 = ADVANCED_FACE ( 'NONE', ( #2777 ), #7197, .T. ) ;
#4747 = VERTEX_POINT ( 'NONE', #4636 ) ;
#4748 = EDGE_CURVE ( 'NONE', #6851, #6834, #3054, .T. ) ;
#4749 = CARTESIAN_POINT ( 'NONE',  ( -2.750000000000012400, 0.0000000000000000000, -0.8899999999999823600 ) ) ;
#4750 = CARTESIAN_POINT ( 'NONE',  ( 1.974999999999999900, 1.070000000000000100, 6.969154452164029300E-015 ) ) ;
#4751 = DIRECTION ( 'NONE',  ( 0.0000000000000000000, -1.000000000000000000, 0.0000000000000000000 ) ) ;
#4752 = LINE ( 'NONE', #4073, #209 ) ;
#4753 = FACE_OUTER_BOUND ( 'NONE', #5766, .T. ) ;
#4754 = AXIS2_PLACEMENT_3D ( 'NONE', #3521, #2370, #4095 ) ;
#4755 = EDGE_LOOP ( 'NONE', ( #1224, #1190, #1980, #5772 ) ) ;
#4756 = PLANE ( 'NONE',  #2150 ) ;
#4757 = CARTESIAN_POINT ( 'NONE',  ( -2.801936795764475600, 0.9366113776210216500, 2.164792184007807900 ) ) ;
#4758 = EDGE_CURVE ( 'NONE', #5556, #5622, #6603, .T. ) ;
#4759 = ORIENTED_EDGE ( 'NONE', *, *, #5846, .F. ) ;
#4760 = VECTOR ( 'NONE', #316, 1000.000000000000100 ) ;
#4761 = EDGE_LOOP ( 'NONE', ( #5128, #3772, #773, #1213 ) ) ;
#4762 = CARTESIAN_POINT ( 'NONE',  ( -2.875000000000007100, 0.3000000000000000400, 2.109999999999907900 ) ) ;
#4763 = VERTEX_POINT ( 'NONE', #6889 ) ;
#4764 = CARTESIAN_POINT ( 'NONE',  ( -2.874999999999991100, 0.05000000000000000300, -2.450000000000010400 ) ) ;
#4766 = ORIENTED_EDGE ( 'NONE', *, *, #5494, .T. ) ;
#4765 = VECTOR ( 'NONE', #1327, 1000.000000000000000 ) ;
#4767 = ORIENTED_EDGE ( 'NONE', *, *, #599, .F. ) ;
#4768 = DIRECTION ( 'NONE',  ( -0.7071067811863515100, 0.0000000000000000000, 0.7071067811867435300 ) ) ;
#4769 = CARTESIAN_POINT ( 'NONE',  ( -2.874999999999991100, 0.3000000000000000400, -2.450000000000010400 ) ) ;
#4770 = VECTOR ( 'NONE', #4665, 1000.000000000000000 ) ;
#4771 =( NAMED_UNIT ( * ) SI_UNIT ( $, .STERADIAN. ) SOLID_ANGLE_UNIT ( ) );
#4772 = DIRECTION ( 'NONE',  ( -8.176558940121068700E-014, 0.0000000000000000000, 1.000000000000000000 ) ) ;
#4773 = ORIENTED_EDGE ( 'NONE', *, *, #6111, .T. ) ;
#4774 = DIRECTION ( 'NONE',  ( 1.000000000000000000, 0.0000000000000000000, 3.491481338843133400E-015 ) ) ;
#4775 = EDGE_CURVE ( 'NONE', #2884, #7297, #4590, .T. ) ;
#4776 = DIRECTION ( 'NONE',  ( 1.011419298254362500E-014, 0.0000000000000000000, 1.000000000000000000 ) ) ;
#4777 = VECTOR ( 'NONE', #4588, 1000.000000000000000 ) ;
#4778 = FACE_OUTER_BOUND ( 'NONE', #7336, .T. ) ;
#4779 = VERTEX_POINT ( 'NONE', #4610 ) ;
#4780 = CARTESIAN_POINT ( 'NONE',  ( -0.9969999999999911200, 4.944146853836610200, -2.450000000000003700 ) ) ;
#4781 = VECTOR ( 'NONE', #4745, 1000.000000000000000 ) ;
#4783 = VERTEX_POINT ( 'NONE', #2343 ) ;
#4782 = LINE ( 'NONE', #2133, #6623 ) ;
#4784 = VECTOR ( 'NONE', #5933, 1000.000000000000000 ) ;
#4785 = ORIENTED_EDGE ( 'NONE', *, *, #598, .F. ) ;
#4786 = LINE ( 'NONE', #5047, #1557 ) ;
#4787 = CARTESIAN_POINT ( 'NONE',  ( -2.587009817579256900, 0.9065729647699590800, 2.386246612405010600 ) ) ;
#4788 = ADVANCED_FACE ( 'NONE', ( #6089 ), #1246, .T. ) ;
#4789 = CARTESIAN_POINT ( 'NONE',  ( -2.774425092825442800, 0.9908156901948974600, -2.160333628570357600 ) ) ;
#4790 = ORIENTED_EDGE ( 'NONE', *, *, #5310, .T. ) ;
#4791 = FACE_OUTER_BOUND ( 'NONE', #475, .T. ) ;
#4792 = EDGE_LOOP ( 'NONE', ( #180, #4940, #6370 ) ) ;
#4793 = EDGE_CURVE ( 'NONE', #6793, #6399, #922, .T. ) ;
#4794 = CARTESIAN_POINT ( 'NONE',  ( -2.389999999999962800, 0.3000000000000000400, -2.159999999999928600 ) ) ;
#4795 = CARTESIAN_POINT ( 'NONE',  ( -0.7430000000000072100, 0.0000000000000000000, 2.109999999999914600 ) ) ;
#4796 = PLANE ( 'NONE',  #5208 ) ;
#4797 = AXIS2_PLACEMENT_3D ( 'NONE', #6292, #1148, #6220 ) ;
#4798 = ORIENTED_EDGE ( 'NONE', *, *, #1174, .T. ) ;
#4799 = VECTOR ( 'NONE', #6207, 1000.000000000000000 ) ;
#4800 = DIRECTION ( 'NONE',  ( -0.0000000000000000000, -1.000000000000000000, 0.0000000000000000000 ) ) ;
#4801 = CARTESIAN_POINT ( 'NONE',  ( -2.390000000000004600, 0.2999999999999999300, 1.649999999999909300 ) ) ;
#4802 = ORIENTED_EDGE ( 'NONE', *, *, #4623, .F. ) ;
#4803 = EDGE_CURVE ( 'NONE', #4851, #4232, #1461, .T. ) ;
#4804 = AXIS2_PLACEMENT_3D ( 'NONE', #362, #460, #1020 ) ;
#4805 = CARTESIAN_POINT ( 'NONE',  ( -0.7429999999999907800, 0.0000000000000000000, -2.450000000000002800 ) ) ;
#4806 = EDGE_CURVE ( 'NONE', #6675, #719, #4124, .T. ) ;
#4807 = VECTOR ( 'NONE', #3675, 1000.000000000000000 ) ;
#4808 = EDGE_CURVE ( 'NONE', #2030, #1047, #7104, .T. ) ;
#4809 = EDGE_LOOP ( 'NONE', ( #1130, #5079, #2617, #4892 ) ) ;
#4810 = DIRECTION ( 'NONE',  ( -0.7071067811865507900, 0.0000000000000000000, -0.7071067811865441300 ) ) ;
#4811 = CARTESIAN_POINT ( 'NONE',  ( -0.6499999999999928100, 4.944146853836610200, -2.109999999999900400 ) ) ;
#4812 = ORIENTED_EDGE ( 'NONE', *, *, #1007, .F. ) ;
#4813 = CARTESIAN_POINT ( 'NONE',  ( -2.659982266249407300, 0.8824655181532784500, -2.377008213787131600 ) ) ;
#4814 = CARTESIAN_POINT ( 'NONE',  ( -2.749999999999981800, 0.3000000000000000400, 2.159999999999908200 ) ) ;
#4815 = DIRECTION ( 'NONE',  ( 0.7071067811865531200, 0.0000000000000000000, -0.7071067811865420200 ) ) ;
#4816 = SHAPE_DEFINITION_REPRESENTATION ( #5538, #106 ) ;
#4817 = CARTESIAN_POINT ( 'NONE',  ( -2.784027913087551400, 1.165541590046322200, 2.359027913087533300 ) ) ;
#4818 = ADVANCED_FACE ( 'NONE', ( #3576 ), #2862, .T. ) ;
#4819 = CARTESIAN_POINT ( 'NONE',  ( 2.800000000000028200, 0.05000000000000002400, 2.109999999999849800 ) ) ;
#4820 = CARTESIAN_POINT ( 'NONE',  ( -2.749999999999996400, 0.05000000000000002400, -0.3799999999999820200 ) ) ;
#4821 = CARTESIAN_POINT ( 'NONE',  ( 2.750000000000040400, 4.944146853836610200, -0.3799999999999621500 ) ) ;
#4822 = ORIENTED_EDGE ( 'NONE', *, *, #4608, .F. ) ;
#4823 = ORIENTED_EDGE ( 'NONE', *, *, #1626, .T. ) ;
#4824 = CARTESIAN_POINT ( 'NONE',  ( -2.697483728686239400, 0.9147751259848907500, -2.354006530111504500 ) ) ;
#4825 = VECTOR ( 'NONE', #4634, 1000.000000000000000 ) ;
#4826 = LINE ( 'NONE', #5236, #3293 ) ;
#4827 = VERTEX_POINT ( 'NONE', #3537 ) ;
#4828 = EDGE_LOOP ( 'NONE', ( #5505, #5902, #3474, #4024 ) ) ;
#4829 = EDGE_CURVE ( 'NONE', #5258, #2449, #2068, .T. ) ;
#4830 = ORIENTED_EDGE ( 'NONE', *, *, #4656, .F. ) ;
#4831 = AXIS2_PLACEMENT_3D ( 'NONE', #1905, #6402, #324 ) ;
#4832 = DIRECTION ( 'NONE',  ( -0.0000000000000000000, -1.000000000000000000, 0.0000000000000000000 ) ) ;
#4833 = DIRECTION ( 'NONE',  ( 1.000000000000000000, 0.0000000000000000000, 1.839926121052110700E-014 ) ) ;
#4834 = EDGE_CURVE ( 'NONE', #2742, #7039, #4850, .T. ) ;
#4835 = CARTESIAN_POINT ( 'NONE',  ( 2.750000000000064400, 0.2999999999999999300, -2.159999999999909500 ) ) ;
#4836 = VECTOR ( 'NONE', #7167, 1000.000000000000000 ) ;
#4837 = EDGE_CURVE ( 'NONE', #7321, #1807, #6173, .T. ) ;
#4838 = CARTESIAN_POINT ( 'NONE',  ( -2.750000000000007500, 0.3000000000000000400, 0.3799999999999628700 ) ) ;
#4839 = CARTESIAN_POINT ( 'NONE',  ( 2.749999999999999100, 0.3000000000000000400, 1.649999999999850700 ) ) ;
#4840 = AXIS2_PLACEMENT_3D ( 'NONE', #4260, #2525, #3075 ) ;
#4841 = ORIENTED_EDGE ( 'NONE', *, *, #7368, .F. ) ;
#4842 = LINE ( 'NONE', #3375, #3828 ) ;
#4843 = ORIENTED_EDGE ( 'NONE', *, *, #6445, .F. ) ;
#4844 = PLANE ( 'NONE',  #2519 ) ;
#4845 = EDGE_CURVE ( 'NONE', #385, #6360, #6434, .T. ) ;
#4846 = ADVANCED_FACE ( 'NONE', ( #4307 ), #4716, .F. ) ;
#4847 = UNCERTAINTY_MEASURE_WITH_UNIT (LENGTH_MEASURE( 1.000000000000000100E-005 ), #1229, 'distance_accuracy_value', 'NONE');
#4848 = CARTESIAN_POINT ( 'NONE',  ( -2.588812089678899800, 0.9067667404483481500, -2.386206656174967300 ) ) ;
#4849 = CARTESIAN_POINT ( 'NONE',  ( 2.605173162015658000, 0.9083540749647098800, 2.384931941873996000 ) ) ;
#4851 = VERTEX_POINT ( 'NONE', #1349 ) ;
#4850 = LINE ( 'NONE', #4580, #1630 ) ;
#4852 = ORIENTED_EDGE ( 'NONE', *, *, #117, .T. ) ;
#4853 = ORIENTED_EDGE ( 'NONE', *, *, #5814, .F. ) ;
#4854 = B_SPLINE_CURVE_WITH_KNOTS ( 'NONE', 3,
 ( #741, #2389, #4639, #6330, #3516, #6924, #1334, #2420, #2916, #6311 ),
 .UNSPECIFIED., .F., .F.,
 ( 4, 2, 2, 2, 4 ),
 ( 0.0000000000000000000, 0.2500000000000000000, 0.5000000000000000000, 0.7500000000000000000, 1.000000000000000000 ),
 .UNSPECIFIED. ) ;
#4855 = ORIENTED_EDGE ( 'NONE', *, *, #5744, .F. ) ;
#4856 = DIRECTION ( 'NONE',  ( 0.0000000000000000000, -1.000000000000000000, 0.0000000000000000000 ) ) ;
#4858 = ORIENTED_EDGE ( 'NONE', *, *, #4714, .F. ) ;
#4857 = VECTOR ( 'NONE', #1065, 1000.000000000000000 ) ;
#4859 = VECTOR ( 'NONE', #4127, 1000.000000000000000 ) ;
#4860 = ORIENTED_EDGE ( 'NONE', *, *, #5595, .T. ) ;
#4861 = DIRECTION ( 'NONE',  ( -7.965007296709267300E-014, 0.0000000000000000000, 1.000000000000000000 ) ) ;
#4862 = VECTOR ( 'NONE', #1043, 1000.000000000000000 ) ;
#4863 = CARTESIAN_POINT ( 'NONE',  ( -2.724000579525567700, 0.5538830474904877800, 2.423315816446583800 ) ) ;
#4864 = CARTESIAN_POINT ( 'NONE',  ( 2.490000000000001500, 0.05000000000000002400, -0.2499999999999913400 ) ) ;
#4865 = AXIS2_PLACEMENT_3D ( 'NONE', #5996, #1463, #6568 ) ;
#4866 = DIRECTION ( 'NONE',  ( 3.841223975128798700E-015, 0.0000000000000000000, -1.000000000000000000 ) ) ;
#4867 = DIRECTION ( 'NONE',  ( -1.000000000000000000, 0.0000000000000000000, 2.909111085745247400E-013 ) ) ;
#4868 = DIRECTION ( 'NONE',  ( 0.7071067811863515100, 0.0000000000000000000, -0.7071067811867435300 ) ) ;
#4869 = VECTOR ( 'NONE', #2354, 1000.000000000000000 ) ;
#4870 = EDGE_LOOP ( 'NONE', ( #4103, #5732, #6744, #4076 ) ) ;
#4871 = ORIENTED_EDGE ( 'NONE', *, *, #4845, .F. ) ;
#4872 = LINE ( 'NONE', #2686, #1846 ) ;
#4873 = VECTOR ( 'NONE', #7360, 1000.000000000000000 ) ;
#4874 = PLANE ( 'NONE',  #4554 ) ;
#4875 = CARTESIAN_POINT ( 'NONE',  ( -2.811036165193845400, 0.9069355791857381900, -2.165648438241186500 ) ) ;
#4876 = CARTESIAN_POINT ( 'NONE',  ( 2.586233664771049800, 0.9362677717270931900, 2.377258690362712200 ) ) ;
#4877 = CARTESIAN_POINT ( 'NONE',  ( 2.250000000000021300, 0.3000000000000000400, -1.904999999999893900 ) ) ;
#4878 = VERTEX_POINT ( 'NONE', #2412 ) ;
#4879 = LINE ( 'NONE', #6054, #5042 ) ;
#4880 = ORIENTED_EDGE ( 'NONE', *, *, #1528, .F. ) ;
#4881 = CARTESIAN_POINT ( 'NONE',  ( -2.605777684423922700, 0.8780124951084452600, 2.388845111441024300 ) ) ;
#4882 = DIRECTION ( 'NONE',  ( -0.7071067811862200600, 0.0000000000000000000, -0.7071067811868749800 ) ) ;
#4883 = VERTEX_POINT ( 'NONE', #5430 ) ;
#4884 = CARTESIAN_POINT ( 'NONE',  ( -2.544973362980278400, 1.074432761647642100, 2.368603836822330300 ) ) ;
#4885 = CARTESIAN_POINT ( 'NONE',  ( 2.750000000000038200, 4.944146853836610200, 0.3799999999999814100 ) ) ;
#4886 = ADVANCED_FACE ( 'NONE', ( #3926 ), #4756, .T. ) ;
#4887 = DIRECTION ( 'NONE',  ( 1.812821066739969300E-014, 0.0000000000000000000, -1.000000000000000000 ) ) ;
#4888 = CARTESIAN_POINT ( 'NONE',  ( 2.489999999999994000, 0.0000000000000000000, -0.3799999999999254500 ) ) ;
#4889 = DIRECTION ( 'NONE',  ( -0.0000000000000000000, -1.000000000000000000, 0.0000000000000000000 ) ) ;
#4890 = ORIENTED_EDGE ( 'NONE', *, *, #3656, .T. ) ;
#4891 = EDGE_CURVE ( 'NONE', #6315, #6560, #6796, .T. ) ;
#4892 = ORIENTED_EDGE ( 'NONE', *, *, #3760, .F. ) ;
#4893 = DIRECTION ( 'NONE',  ( 1.000000000000000000, 0.0000000000000000000, 1.946841225083295300E-013 ) ) ;
#4894 = CARTESIAN_POINT ( 'NONE',  ( 3.000000000000018700, 0.0000000000000000000, -0.4299999999999597500 ) ) ;
#4895 = ORIENTED_EDGE ( 'NONE', *, *, #3249, .T. ) ;
#4896 = CARTESIAN_POINT ( 'NONE',  ( -2.749999999999995100, 0.3000000000000000400, -1.649999999999927100 ) ) ;
#4897 = DIRECTION ( 'NONE',  ( 1.000000000000000000, 0.0000000000000000000, 1.946841225083295300E-013 ) ) ;
#4898 = CARTESIAN_POINT ( 'NONE',  ( -2.724949981125618100, 1.020333861194839400, -2.238416702442905600 ) ) ;
#4899 = CARTESIAN_POINT ( 'NONE',  ( 2.805576096922457500, 0.9107341199515951400, 2.207132579913234900 ) ) ;
#4900 = VECTOR ( 'NONE', #6975, 1000.000000000000000 ) ;
#4901 = EDGE_CURVE ( 'NONE', #7063, #4240, #4931, .T. ) ;
#4902 = DIRECTION ( 'NONE',  ( 1.000000000000000000, -0.0000000000000000000, 9.894763254153616200E-016 ) ) ;
#4903 = CARTESIAN_POINT ( 'NONE',  ( 2.250000000000007500, 0.2999999999999999300, 2.159999999999925500 ) ) ;
#4904 = CARTESIAN_POINT ( 'NONE',  ( 2.583838262297578400, 1.072695804771853300, 2.257178367944173500 ) ) ;
#4905 = LINE ( 'NONE', #441, #4650 ) ;
#4906 = PLANE ( 'NONE',  #5835 ) ;
#4907 = SURFACE_STYLE_USAGE ( .BOTH. , #921 ) ;
#4908 = DIRECTION ( 'NONE',  ( -0.0000000000000000000, -1.000000000000000000, 0.0000000000000000000 ) ) ;
#4909 = VECTOR ( 'NONE', #4119, 1000.000000000000000 ) ;
#4910 = ORIENTED_EDGE ( 'NONE', *, *, #81, .F. ) ;
#4911 = AXIS2_PLACEMENT_3D ( 'NONE', #6933, #3523, #144 ) ;
#4912 = EDGE_LOOP ( 'NONE', ( #2685, #7345, #5999, #6531 ) ) ;
#4913 = DIRECTION ( 'NONE',  ( -5.989264566803387700E-014, 0.0000000000000000000, -1.000000000000000000 ) ) ;
#4914 = PLANE ( 'NONE',  #4048 ) ;
#4915 = DIRECTION ( 'NONE',  ( 1.000000000000000000, 0.0000000000000000000, 3.491481338843133400E-015 ) ) ;
#4916 = ADVANCED_FACE ( 'NONE', ( #3402 ), #2581, .T. ) ;
#4917 = LINE ( 'NONE', #1772, #731 ) ;
#4918 = VECTOR ( 'NONE', #5457, 1000.000000000000000 ) ;
#4919 = CARTESIAN_POINT ( 'NONE',  ( -2.575030866248572800, 1.094256829469612400, -2.201043423281487900 ) ) ;
#4920 = CARTESIAN_POINT ( 'NONE',  ( 2.802258690362695100, 0.9362677717270938600, 2.161233664771067300 ) ) ;
#4921 = ORIENTED_EDGE ( 'NONE', *, *, #5120, .F. ) ;
#4922 = CARTESIAN_POINT ( 'NONE',  ( -2.454999999999950800, 0.05000000000000000300, -2.454999999999989400 ) ) ;
#4923 = LINE ( 'NONE', #2021, #5725 ) ;
#4924 = EDGE_CURVE ( 'NONE', #5655, #398, #5615, .T. ) ;
#4925 = ORIENTED_EDGE ( 'NONE', *, *, #4163, .F. ) ;
#4926 = CARTESIAN_POINT ( 'NONE',  ( 2.588955409432435900, 1.100000000000000100, 2.158780927090118200 ) ) ;
#4927 = EDGE_CURVE ( 'NONE', #6541, #1554, #1902, .T. ) ;
#4928 = CARTESIAN_POINT ( 'NONE',  ( -1.089999999999993000, 0.0000000000000000000, -2.109999999999902200 ) ) ;
#4929 = EDGE_CURVE ( 'NONE', #7321, #6196, #2422, .T. ) ;
#4930 =( NAMED_UNIT ( * ) SI_UNIT ( $, .STERADIAN. ) SOLID_ANGLE_UNIT ( ) );
#4932 = ORIENTED_EDGE ( 'NONE', *, *, #6571, .F. ) ;
#4931 = LINE ( 'NONE', #7132, #1537 ) ;
#4933 = CARTESIAN_POINT ( 'NONE',  ( -2.389999999999957500, 0.3000000000000000400, -1.649999999999929700 ) ) ;
#4934 = VERTEX_POINT ( 'NONE', #889 ) ;
#4935 = DIRECTION ( 'NONE',  ( 3.491481338843133400E-015, 0.0000000000000000000, -1.000000000000000000 ) ) ;
#4936 = VECTOR ( 'NONE', #5159, 1000.000000000000000 ) ;
#4937 = CARTESIAN_POINT ( 'NONE',  ( -0.6499999999999926900, 0.3000000000000000400, -1.904999999999903900 ) ) ;
#4938 = VECTOR ( 'NONE', #56, 1000.000000000000000 ) ;
#4939 = VECTOR ( 'NONE', #7205, 1000.000000000000000 ) ;
#4940 = ORIENTED_EDGE ( 'NONE', *, *, #4924, .F. ) ;
#4941 = VECTOR ( 'NONE', #4460, 1000.000000000000000 ) ;
#4942 = CARTESIAN_POINT ( 'NONE',  ( 2.750000000000040400, 4.944146853836610200, -0.3799999999999621500 ) ) ;
#4943 = CARTESIAN_POINT ( 'NONE',  ( -2.663167262604146500, 1.074102485728991600, -2.199313815730133700 ) ) ;
#4944 = CARTESIAN_POINT ( 'NONE',  ( 2.762529300106069600, 0.9155742386348935100, 2.296707690107546700 ) ) ;
#4945 = LINE ( 'NONE', #1176, #3420 ) ;
#4946 = LINE ( 'NONE', #1960, #6530 ) ;
#4947 = ORIENTED_EDGE ( 'NONE', *, *, #1579, .F. ) ;
#4948 = VECTOR ( 'NONE', #5500, 1000.000000000000000 ) ;
#4949 = CARTESIAN_POINT ( 'NONE',  ( 2.576292840156924900, 1.100000000000000100, 2.168825743760227200 ) ) ;
#4950 = EDGE_LOOP ( 'NONE', ( #4315, #3601, #7352, #3112 ) ) ;
#4951 = LINE ( 'NONE', #749, #3429 ) ;
#4952 = EDGE_LOOP ( 'NONE', ( #7392, #3042, #542, #5111 ) ) ;
#4953 = CARTESIAN_POINT ( 'NONE',  ( 2.250000000000008400, 0.3000000000000000400, 1.904999999999940100 ) ) ;
#4954 = DIRECTION ( 'NONE',  ( -3.491481338843133400E-015, 0.0000000000000000000, 1.000000000000000000 ) ) ;
#4955 = ADVANCED_FACE ( 'NONE', ( #5921 ), #4874, .F. ) ;
#4956 = DIRECTION ( 'NONE',  ( -1.000000000000000000, 0.0000000000000000000, 5.989264566803389000E-014 ) ) ;
#4957 = EDGE_LOOP ( 'NONE', ( #5092, #5659, #3311, #3446, #3305, #7296, #641, #6914, #1298, #5423, #3791, #7012, #923, #3703, #1607, #3642, #3321, #4921, #4841, #7068, #3056, #2607, #1535, #6544, #2267, #1864 ) ) ;
#4958 = VECTOR ( 'NONE', #2372, 1000.000000000000000 ) ;
#4959 = LINE ( 'NONE', #1169, #1410 ) ;
#4960 = CARTESIAN_POINT ( 'NONE',  ( -2.390000000000006300, 0.3000000000000000400, 2.159999999999909100 ) ) ;
#4961 = DIRECTION ( 'NONE',  ( -0.7071067811866018600, 0.0000000000000000000, 0.7071067811864932800 ) ) ;
#4962 = PLANE ( 'NONE',  #389 ) ;
#4963 = CARTESIAN_POINT ( 'NONE',  ( 2.874999999999993800, 0.3000000000000000400, 1.699999999999926500 ) ) ;
#4964 = LINE ( 'NONE', #3107, #2295 ) ;
#4965 = CARTESIAN_POINT ( 'NONE',  ( -2.683776913725249600, 1.072330042605236700, -2.151779359139765800 ) ) ;
#4966 = CARTESIAN_POINT ( 'NONE',  ( -1.090000000000007200, 0.3000000000000000400, 2.109999999999895500 ) ) ;
#4967 = ORIENTED_EDGE ( 'NONE', *, *, #5437, .T. ) ;
#4968 = EDGE_CURVE ( 'NONE', #5081, #6793, #2254, .T. ) ;
#4969 = EDGE_CURVE ( 'NONE', #3239, #4301, #7341, .T. ) ;
#4970 = EDGE_CURVE ( 'NONE', #1401, #3063, #3220, .T. ) ;
#4971 = DIRECTION ( 'NONE',  ( -1.000000000000000000, 0.0000000000000000000, -1.481907712820748700E-013 ) ) ;
#4972 = CARTESIAN_POINT ( 'NONE',  ( 2.595496241403063600, 1.073238682584974500, 2.253592704603605500 ) ) ;
#4973 = DIRECTION ( 'NONE',  ( 1.000000000000000000, 0.0000000000000000000, 3.220430795721757200E-015 ) ) ;
#4974 = ORIENTED_EDGE ( 'NONE', *, *, #5456, .T. ) ;
#4975 = CARTESIAN_POINT ( 'NONE',  ( -3.000000000000006200, 0.2999999999999999300, 2.109999999999907100 ) ) ;
#4976 = CARTESIAN_POINT ( 'NONE',  ( -0.7430000000000071000, 0.05000000000000000300, -4.963471264632517000E-015 ) ) ;
#4977 = LINE ( 'NONE', #778, #527 ) ;
#4978 = EDGE_CURVE ( 'NONE', #797, #5388, #3319, .T. ) ;
#4979 = CARTESIAN_POINT ( 'NONE',  ( 2.800000000000028200, 0.3000000000000000400, 2.109999999999849800 ) ) ;
#4980 = DIRECTION ( 'NONE',  ( -0.7071067811865536800, 0.0000000000000000000, 0.7071067811865412400 ) ) ;
#4981 = FACE_OUTER_BOUND ( 'NONE', #1631, .T. ) ;
#4982 = ADVANCED_FACE ( 'NONE', ( #664 ), #390, .F. ) ;
#4983 = CARTESIAN_POINT ( 'NONE',  ( -2.583839457273951400, 0.9906556768458133500, -2.349533543832331700 ) ) ;
#4984 = CARTESIAN_POINT ( 'NONE',  ( -0.6499999999999918100, 0.05000000000000000300, -4.675862814057307800E-015 ) ) ;
#4985 = FACE_OUTER_BOUND ( 'NONE', #574, .T. ) ;
#4986 = AXIS2_PLACEMENT_3D ( 'NONE', #3795, #5610, #6753 ) ;
#4987 = VERTEX_POINT ( 'NONE', #5878 ) ;
#4988 = CARTESIAN_POINT ( 'NONE',  ( -2.390000000000007200, 4.944146853836610200, 0.3799999999999915700 ) ) ;
#4989 = CARTESIAN_POINT ( 'NONE',  ( 2.595770326218152400, 1.094557070718812400, 2.191123715924288900 ) ) ;
#4990 = CARTESIAN_POINT ( 'NONE',  ( -3.000000000000017800, 4.944146853836610200, -2.109999999999927900 ) ) ;
#4991 = VECTOR ( 'NONE', #4519, 1000.000000000000000 ) ;
#4992 = VECTOR ( 'NONE', #2415, 1000.000000000000100 ) ;
#4993 = VERTEX_POINT ( 'NONE', #5458 ) ;
#4994 = DIRECTION ( 'NONE',  ( -1.000000000000000000, 0.0000000000000000000, -7.828290028785149500E-015 ) ) ;
#4995 = ORIENTED_EDGE ( 'NONE', *, *, #4256, .T. ) ;
#4996 = CARTESIAN_POINT ( 'NONE',  ( -2.750000000000003100, 0.0000000000000000000, 1.649999999999907800 ) ) ;
#4997 = AXIS2_PLACEMENT_3D ( 'NONE', #2505, #5336, #1450 ) ;
#4998 = ORIENTED_EDGE ( 'NONE', *, *, #6033, .F. ) ;
#4999 = CARTESIAN_POINT ( 'NONE',  ( 2.750000000000012900, 4.944146853836610200, -0.8899999999999244100 ) ) ;
#5000 = DIRECTION ( 'NONE',  ( 1.946841225083295800E-013, 0.0000000000000000000, -1.000000000000000000 ) ) ;
#5001 = CARTESIAN_POINT ( 'NONE',  ( -1.090000000000007200, 0.3000000000000000400, 2.109999999999895500 ) ) ;
#5003 = ORIENTED_EDGE ( 'NONE', *, *, #6585, .T. ) ;
#5002 = CARTESIAN_POINT ( 'NONE',  ( -2.565815600712991100, 1.100000000000000100, -2.140815600713008600 ) ) ;
#5004 = PLANE ( 'NONE',  #6913 ) ;
#5006 = ORIENTED_EDGE ( 'NONE', *, *, #489, .T. ) ;
#5005 = VECTOR ( 'NONE', #2219, 1000.000000000000000 ) ;
#5007 = ORIENTED_EDGE ( 'NONE', *, *, #4482, .F. ) ;
#5008 = AXIS2_PLACEMENT_3D ( 'NONE', #6660, #3250, #1042 ) ;
#5009 = CARTESIAN_POINT ( 'NONE',  ( -2.683776913446835900, 1.072330042740384300, 2.151779360558363900 ) ) ;
#5010 = AXIS2_PLACEMENT_3D ( 'NONE', #1834, #6477, #4162 ) ;
#5011 = DIRECTION ( 'NONE',  ( 0.0000000000000000000, 1.000000000000000000, 0.0000000000000000000 ) ) ;
#5013 = ORIENTED_EDGE ( 'NONE', *, *, #3041, .F. ) ;
#5012 = LINE ( 'NONE', #1503, #1294 ) ;
#5014 = EDGE_LOOP ( 'NONE', ( #6496, #5916, #658, #1750 ) ) ;
#5015 = VECTOR ( 'NONE', #5119, 1000.000000000000000 ) ;
#5016 = EDGE_CURVE ( 'NONE', #6774, #3937, #2957, .T. ) ;
#5017 = ADVANCED_FACE ( 'NONE', ( #5829 ), #3841, .F. ) ;
#5018 = EDGE_CURVE ( 'NONE', #5473, #6360, #2594, .T. ) ;
#5019 = CARTESIAN_POINT ( 'NONE',  ( 2.489999999999995800, 0.3000000000000000400, 1.649999999999926200 ) ) ;
#5021 = VERTEX_POINT ( 'NONE', #6723 ) ;
#5020 = CARTESIAN_POINT ( 'NONE',  ( -0.9969999999999911200, 0.2999999999999999300, -2.450000000000003700 ) ) ;
#5022 = LINE ( 'NONE', #4489, #4857 ) ;
#5023 = LINE ( 'NONE', #2269, #6911 ) ;
#5024 = EDGE_LOOP ( 'NONE', ( #7067, #4798, #5182, #7006 ) ) ;
#5025 = FACE_OUTER_BOUND ( 'NONE', #1288, .T. ) ;
#5026 = CARTESIAN_POINT ( 'NONE',  ( -2.770250515687705300, 1.296624770138966600, -2.345250515687722800 ) ) ;
#5027 = VECTOR ( 'NONE', #6375, 1000.000000000000000 ) ;
#5028 = CARTESIAN_POINT ( 'NONE',  ( -2.749999999999996400, 0.3000000000000000400, -0.3799999999999820200 ) ) ;
#5029 = VECTOR ( 'NONE', #5190, 1000.000000000000000 ) ;
#5030 = VERTEX_POINT ( 'NONE', #6057 ) ;
#5031 = DIRECTION ( 'NONE',  ( -2.920848616482327200E-015, 0.0000000000000000000, 1.000000000000000000 ) ) ;
#5032 = CARTESIAN_POINT ( 'NONE',  ( -2.749999999999996400, 0.0000000000000000000, -0.3799999999999820200 ) ) ;
#5033 = EDGE_CURVE ( 'NONE', #5473, #4285, #745, .T. ) ;
#5034 = CARTESIAN_POINT ( 'NONE',  ( -2.683565458855593700, 1.072362714407163200, 2.152578475707011700 ) ) ;
#5035 = ORIENTED_EDGE ( 'NONE', *, *, #5202, .F. ) ;
#5036 = FACE_OUTER_BOUND ( 'NONE', #6836, .T. ) ;
#5037 = LINE ( 'NONE', #6786, #5955 ) ;
#5038 = ADVANCED_FACE ( 'NONE', ( #1989 ), #6617, .F. ) ;
#5039 = CARTESIAN_POINT ( 'NONE',  ( 2.800000000000062900, 0.3000000000000000400, -1.699999999999908700 ) ) ;
#5040 = CARTESIAN_POINT ( 'NONE',  ( 8.425853578257122800E-016, 0.05000000000000000300, -0.2499999999999996700 ) ) ;
#5041 = DIRECTION ( 'NONE',  ( 1.000000000000000000, 0.0000000000000000000, 8.154716489318411500E-015 ) ) ;
#5042 = VECTOR ( 'NONE', #2139, 1000.000000000000000 ) ;
#5043 = AXIS2_PLACEMENT_3D ( 'NONE', #2921, #3497, #701 ) ;
#5044 = CARTESIAN_POINT ( 'NONE',  ( 2.490000000000001500, 0.0000000000000000000, -0.2499999999999913400 ) ) ;
#5045 = DIRECTION ( 'NONE',  ( -1.000000000000000000, 0.0000000000000000000, -2.407279166357629300E-015 ) ) ;
#5046 = PLANE ( 'NONE',  #2337 ) ;
#5047 = CARTESIAN_POINT ( 'NONE',  ( -2.800000000000017600, 4.944146853836610200, -2.109999999999927500 ) ) ;
#5048 =( GEOMETRIC_REPRESENTATION_CONTEXT ( 3 ) GLOBAL_UNCERTAINTY_ASSIGNED_CONTEXT ( ( #1428 ) ) GLOBAL_UNIT_ASSIGNED_CONTEXT ( ( #580, #6417, #5658 ) ) REPRESENTATION_CONTEXT ( 'NONE', 'WORKASPACE' ) );
#5049 = ORIENTED_EDGE ( 'NONE', *, *, #3049, .T. ) ;
#5050 = CARTESIAN_POINT ( 'NONE',  ( -2.565815600712991100, 1.100000000000000100, -2.140815600713008600 ) ) ;
#5051 = CARTESIAN_POINT ( 'NONE',  ( 1.974999999999999900, 1.060000000000000100, 6.969154452164029300E-015 ) ) ;
#5052 = EDGE_CURVE ( 'NONE', #6971, #5945, #5286, .T. ) ;
#5053 = AXIS2_PLACEMENT_3D ( 'NONE', #6177, #2748, #4574 ) ;
#5054 = CARTESIAN_POINT ( 'NONE',  ( -2.704001161731877500, 1.057728553685075300, 2.177667125177129600 ) ) ;
#5055 = ORIENTED_EDGE ( 'NONE', *, *, #76, .F. ) ;
#5056 = EDGE_CURVE ( 'NONE', #3774, #6174, #5012, .T. ) ;
#5057 = EDGE_CURVE ( 'NONE', #5290, #4047, #4395, .T. ) ;
#5058 = UNCERTAINTY_MEASURE_WITH_UNIT (LENGTH_MEASURE( 1.000000000000000100E-005 ), #1381, 'distance_accuracy_value', 'NONE');
#5059 = CARTESIAN_POINT ( 'NONE',  ( 2.750000000000064400, 0.3000000000000000400, -2.159999999999909500 ) ) ;
#5060 = CARTESIAN_POINT ( 'NONE',  ( 2.800000000000028200, 0.3000000000000000400, 1.699999999999926500 ) ) ;
#5061 = CARTESIAN_POINT ( 'NONE',  ( -0.7430000000000072100, 0.3000000000000000400, 2.109999999999914600 ) ) ;
#5062 = DIRECTION ( 'NONE',  ( -3.491481338843133700E-015, 0.0000000000000000000, 1.000000000000000000 ) ) ;
#5063 = VERTEX_POINT ( 'NONE', #4369 ) ;
#5064 = CARTESIAN_POINT ( 'NONE',  ( 3.000000000000032000, 4.944146853836610200, -1.699999999999904900 ) ) ;
#5065 = VECTOR ( 'NONE', #2266, 1000.000000000000000 ) ;
#5066 = DIRECTION ( 'NONE',  ( 3.491481338843133400E-015, -0.0000000000000000000, -1.000000000000000000 ) ) ;
#5067 = EDGE_CURVE ( 'NONE', #6053, #3296, #1098, .T. ) ;
#5068 = ADVANCED_FACE ( 'NONE', ( #1376 ), #1518, .T. ) ;
#5069 = EDGE_LOOP ( 'NONE', ( #6297, #1928, #576, #466, #2149, #3668, #7103, #1809, #1387, #4947 ) ) ;
#5070 = CARTESIAN_POINT ( 'NONE',  ( 2.800000000000065500, 0.3000000000000000400, -2.109999999999908400 ) ) ;
#5071 = CARTESIAN_POINT ( 'NONE',  ( -2.389999999999957500, 0.3000000000000000400, -1.649999999999929700 ) ) ;
#5072 = CARTESIAN_POINT ( 'NONE',  ( 2.626737699278898200, 1.094184019736996300, -2.146878253250497100 ) ) ;
#5073 = DIRECTION ( 'NONE',  ( 3.491481338843133400E-015, 0.0000000000000000000, -1.000000000000000000 ) ) ;
#5074 = VECTOR ( 'NONE', #3889, 1000.000000000000000 ) ;
#5075 = FILL_AREA_STYLE_COLOUR ( '', #5324 ) ;
#5076 = ORIENTED_EDGE ( 'NONE', *, *, #4532, .T. ) ;
#5077 = CARTESIAN_POINT ( 'NONE',  ( -2.575030863775495500, 1.094256829282859800, 2.201043423708116500 ) ) ;
#5078 = VECTOR ( 'NONE', #5784, 1000.000000000000000 ) ;
#5079 = ORIENTED_EDGE ( 'NONE', *, *, #1627, .T. ) ;
#5080 = CARTESIAN_POINT ( 'NONE',  ( 2.568458814361268800, 1.100000000000000100, 2.171424261741104400 ) ) ;
#5081 = VERTEX_POINT ( 'NONE', #7213 ) ;
#5082 = DIRECTION ( 'NONE',  ( -1.000000000000000000, 0.0000000000000000000, 1.171753811632144800E-015 ) ) ;
#5083 = DIRECTION ( 'NONE',  ( -0.0000000000000000000, -1.000000000000000000, 0.0000000000000000000 ) ) ;
#5084 = DIRECTION ( 'NONE',  ( -1.578183387398599100E-015, 0.0000000000000000000, 1.000000000000000000 ) ) ;
#5085 = LINE ( 'NONE', #7331, #5554 ) ;
#5086 = EDGE_LOOP ( 'NONE', ( #396, #3810, #292, #2698 ) ) ;
#5087 = DIRECTION ( 'NONE',  ( -7.370371334212277500E-014, 0.0000000000000000000, -1.000000000000000000 ) ) ;
#5088 = CARTESIAN_POINT ( 'NONE',  ( 2.544973362980262000, 1.074432761647642100, 2.368603836822348100 ) ) ;
#5089 = CARTESIAN_POINT ( 'NONE',  ( 2.489999999999998000, 4.944146853836610200, 0.8899999999999449500 ) ) ;
#5090 = DIRECTION ( 'NONE',  ( -7.968680068296319000E-014, 0.0000000000000000000, 1.000000000000000000 ) ) ;
#5091 = CARTESIAN_POINT ( 'NONE',  ( 2.800000000000038900, 4.944146853836610200, 0.4299999999999817900 ) ) ;
#5092 = ORIENTED_EDGE ( 'NONE', *, *, #7225, .F. ) ;
#5093 = VECTOR ( 'NONE', #5204, 1000.000000000000000 ) ;
#5094 = EDGE_CURVE ( 'NONE', #4653, #4596, #4582, .T. ) ;
#5095 = ORIENTED_EDGE ( 'NONE', *, *, #5950, .F. ) ;
#5096 = VECTOR ( 'NONE', #2664, 1000.000000000000000 ) ;
#5097 = ORIENTED_EDGE ( 'NONE', *, *, #4744, .F. ) ;
#5098 = DIRECTION ( 'NONE',  ( -1.578183387398599100E-015, 0.0000000000000000000, 1.000000000000000000 ) ) ;
#5099 = CARTESIAN_POINT ( 'NONE',  ( 2.682178367945923000, 1.072695804772115300, -2.158838262301841800 ) ) ;
#5100 = CARTESIAN_POINT ( 'NONE',  ( -2.565815600712992000, 1.100000000000000100, -2.140815600713007700 ) ) ;
#5101 = FILL_AREA_STYLE ('',( #5075 ) ) ;
#5102 = EDGE_CURVE ( 'NONE', #2742, #6155, #1820, .T. ) ;
#5103 = EDGE_CURVE ( 'NONE', #104, #5556, #7163, .T. ) ;
#5104 = EDGE_LOOP ( 'NONE', ( #6745, #4430, #568, #3657, #616, #3661, #7164, #2418 ) ) ;
#5105 = LINE ( 'NONE', #5299, #1204 ) ;
#5106 = FACE_OUTER_BOUND ( 'NONE', #4584, .T. ) ;
#5107 = VERTEX_POINT ( 'NONE', #7233 ) ;
#5108 = VECTOR ( 'NONE', #5403, 1000.000000000000000 ) ;
#5109 = CARTESIAN_POINT ( 'NONE',  ( -2.651655476305988700, 1.059342894805076300, 2.250256873253783800 ) ) ;
#5110 = ADVANCED_FACE ( 'NONE', ( #5179 ), #5586, .F. ) ;
#5111 = ORIENTED_EDGE ( 'NONE', *, *, #634, .F. ) ;
#5112 = AXIS2_PLACEMENT_3D ( 'NONE', #2405, #1937, #1347 ) ;
#5113 = DIRECTION ( 'NONE',  ( -1.000000000000000000, 0.0000000000000000000, -3.491481338843133400E-015 ) ) ;
#5114 = ORIENTED_EDGE ( 'NONE', *, *, #2848, .T. ) ;
#5115 = LINE ( 'NONE', #806, #4784 ) ;
#5116 = VERTEX_POINT ( 'NONE', #6692 ) ;
#5117 = CARTESIAN_POINT ( 'NONE',  ( 2.589136774997789400, 0.8763245035297329000, -2.389425853791628200 ) ) ;
#5118 = LINE ( 'NONE', #6661, #418 ) ;
#5119 = DIRECTION ( 'NONE',  ( 0.7071067811862200600, 0.0000000000000000000, 0.7071067811868750900 ) ) ;
#5120 = EDGE_CURVE ( 'NONE', #1894, #75, #6792, .T. ) ;
#5121 = DIRECTION ( 'NONE',  ( -3.182066876654327100E-016, 0.0000000000000000000, 1.000000000000000000 ) ) ;
#5122 = CARTESIAN_POINT ( 'NONE',  ( -2.875000000000007100, 0.05000000000000000300, 2.109999999999907500 ) ) ;
#5123 = VERTEX_POINT ( 'NONE', #3436 ) ;
#5124 = CARTESIAN_POINT ( 'NONE',  ( 2.777139214387620600, 1.231083180092644100, 2.352139214387638100 ) ) ;
#5125 = CARTESIAN_POINT ( 'NONE',  ( 7.367025624958726100E-015, 0.05000000000000000300, -2.109999999999918200 ) ) ;
#5126 = VERTEX_POINT ( 'NONE', #6133 ) ;
#5127 = VECTOR ( 'NONE', #2564, 1000.000000000000000 ) ;
#5128 = ORIENTED_EDGE ( 'NONE', *, *, #1929, .F. ) ;
#5129 = CARTESIAN_POINT ( 'NONE',  ( 2.750000000000040400, 0.0000000000000000000, -0.3799999999999621500 ) ) ;
#5130 = B_SPLINE_SURFACE_WITH_KNOTS ( 'NONE', 3, 3, ( 
 ( #3699, #4252, #4296, #5413, #280, #3613, #863, #2559, #3068, #6462, #4813, #1373, #891, #5343, #3133, #7134 ),
 ( #4272, #3113, #4875, #2027, #1945, #3037, #5926, #6524, #3632, #4824, #843, #2471, #233, #2543, #4848, #5433 ),
 ( #4189, #6548, #1422, #7117, #7051, #5958, #820, #5368, #801, #1400, #2514, #3677, #300, #1459, #1978, #3088 ),
 ( #1955, #4789, #2493, #5971, #5392, #6501, #1435, #7100, #6484, #7071, #257, #3651, #2002, #5993, #4219, #4983 ),
 ( #4393, #4322, #908, #6670, #6079, #5534, #4898, #1484, #3234, #962, #981, #6058, #5459, #2632, #2653, #391 ),
 ( #7237, #5567, #2678, #2101, #6039, #2604, #3183, #7195, #6017, #2127, #3263, #1521, #445, #6109, #6619, #1576 ),
 ( #4370, #4965, #3207, #7262, #3817, #3794, #4943, #2584, #4428, #5512, #1001, #1552, #2043, #6590, #6566, #3166 ),
 ( #4345, #7161, #3723, #7214, #2066, #348, #3743, #370, #3776, #939, #6647, #425, #4919, #1504, #5487, #2775 ),
 ( #2201, #1053, #6775, #7359, #3359, #3279, #4551, #2174, #486, #6803, #5632, #7313, #1075, #1595, #464, #4476 ),
 ( #5050, #4503, #5002, #4449, #1137, #5100, #3916, #6230, #6752, #1650, #3308, #1105, #7294, #6206, #3871, #1673 ) ),
 .UNSPECIFIED., .F., .F., .F.,
 ( 4, 2, 2, 2, 4 ),
 ( 4, 2, 1, 2, 2, 2, 1, 2, 4 ),
 ( 0.0000000000000000000, 0.2500000000000000000, 0.5000000000000000000, 0.7500000000000000000, 1.000000000000000000 ),
 ( 0.0000000000000000000, 0.01562500000000000000, 0.1250000000000000000, 0.2500000000000000000, 0.5000000000000000000, 0.7500000000000000000, 0.8750000000000000000, 0.9843750000000000000, 1.000000000000000000 ),
 .UNSPECIFIED. ) ;
#5131 = CARTESIAN_POINT ( 'NONE',  ( 2.570415886819815900, 1.100000000000000100, -2.171059826134698100 ) ) ;
#5132 = DIRECTION ( 'NONE',  ( -3.491481338843133400E-015, 0.0000000000000000000, 1.000000000000000000 ) ) ;
#5133 = ORIENTED_EDGE ( 'NONE', *, *, #3809, .T. ) ;
#5134 = LINE ( 'NONE', #5064, #3438 ) ;
#5135 = TOROIDAL_SURFACE ( 'NONE', #2828, 0.6099999999999999900, 0.01000000000000000000 ) ;
#5136 = VERTEX_POINT ( 'NONE', #443 ) ;
#5137 = EDGE_CURVE ( 'NONE', #3393, #7045, #1981, .T. ) ;
#5138 = DIRECTION ( 'NONE',  ( -0.7071067811866681400, 0.0000000000000000000, -0.7071067811864268900 ) ) ;
#5139 = LINE ( 'NONE', #4894, #4440 ) ;
#5140 = DIRECTION ( 'NONE',  ( -6.680311257917186800E-015, 0.0000000000000000000, 1.000000000000000000 ) ) ;
#5141 = CARTESIAN_POINT ( 'NONE',  ( -2.740094501019929100, 1.018993551217319200, 2.209437647979512100 ) ) ;
#5142 = ORIENTED_EDGE ( 'NONE', *, *, #7379, .T. ) ;
#5143 = PLANE ( 'NONE',  #5973 ) ;
#5144 = EDGE_LOOP ( 'NONE', ( #2863, #6595, #5633, #7381 ) ) ;
#5145 = AXIS2_PLACEMENT_3D ( 'NONE', #625, #4018, #3907 ) ;
#5146 = DIRECTION ( 'NONE',  ( -6.892899919189998100E-015, 0.0000000000000000000, 1.000000000000000000 ) ) ;
#5147 = PLANE ( 'NONE',  #5145 ) ;
#5148 = ADVANCED_FACE ( 'NONE', ( #3654 ), #2274, .T. ) ;
#5149 = PLANE ( 'NONE',  #795 ) ;
#5150 = FACE_OUTER_BOUND ( 'NONE', #1741, .T. ) ;
#5151 = CARTESIAN_POINT ( 'NONE',  ( 2.602667101270124600, 1.057728455367311200, -2.279000886271684000 ) ) ;
#5152 = AXIS2_PLACEMENT_3D ( 'NONE', #3643, #1930, #247 ) ;
#5153 = CARTESIAN_POINT ( 'NONE',  ( -2.750000000000003100, 0.3000000000000000400, 1.649999999999907800 ) ) ;
#5154 = EDGE_CURVE ( 'NONE', #6609, #4475, #7074, .T. ) ;
#5155 = LINE ( 'NONE', #6879, #2 ) ;
#5156 = EDGE_CURVE ( 'NONE', #3923, #4578, #1622, .T. ) ;
#5157 = EDGE_CURVE ( 'NONE', #6774, #429, #6594, .T. ) ;
#5158 = CARTESIAN_POINT ( 'NONE',  ( 2.784726100999016300, 0.8849511544987096500, -2.275913629128612400 ) ) ;
#5159 = DIRECTION ( 'NONE',  ( -1.000000000000000000, 0.0000000000000000000, -1.867031175364252700E-014 ) ) ;
#5160 = LINE ( 'NONE', #2122, #2223 ) ;
#5161 = EDGE_LOOP ( 'NONE', ( #5685, #6687, #1543, #4037 ) ) ;
#5162 = CARTESIAN_POINT ( 'NONE',  ( 2.724000579525550400, 0.5538830474904877800, 2.423315816446602900 ) ) ;
#5163 = LINE ( 'NONE', #1907, #6245 ) ;
#5164 = LINE ( 'NONE', #97, #3206 ) ;
#5165 = DIRECTION ( 'NONE',  ( -1.000000000000000000, 0.0000000000000000000, -3.491481338843133400E-015 ) ) ;
#5166 = ADVANCED_FACE ( 'NONE', ( #2588 ), #1617, .F. ) ;
#5167 = ORIENTED_EDGE ( 'NONE', *, *, #3154, .F. ) ;
#5168 =( NAMED_UNIT ( * ) PLANE_ANGLE_UNIT ( ) SI_UNIT ( $, .RADIAN. ) );
#5169 = CARTESIAN_POINT ( 'NONE',  ( 2.755675684515373400, 1.015484007411787200, -2.158544915649621900 ) ) ;
#5170 = CARTESIAN_POINT ( 'NONE',  ( -0.7429999999999930000, 0.3000000000000000400, -2.109999999999900400 ) ) ;
#5171 = DIRECTION ( 'NONE',  ( 1.000000000000000000, 0.0000000000000000000, 3.220430795721757200E-015 ) ) ;
#5172 = VECTOR ( 'NONE', #883, 1000.000000000000000 ) ;
#5173 = VECTOR ( 'NONE', #5904, 1000.000000000000000 ) ;
#5174 = ORIENTED_EDGE ( 'NONE', *, *, #2390, .F. ) ;
#5175 = DIRECTION ( 'NONE',  ( 0.0000000000000000000, -1.000000000000000000, 0.0000000000000000000 ) ) ;
#5176 = ADVANCED_FACE ( 'NONE', ( #1810 ), #2240, .F. ) ;
#5177 = ORIENTED_EDGE ( 'NONE', *, *, #1330, .T. ) ;
#5178 = CARTESIAN_POINT ( 'NONE',  ( -0.6500000000000070200, 0.05000000000000002400, 2.109999999999897300 ) ) ;
#5179 = FACE_OUTER_BOUND ( 'NONE', #4116, .T. ) ;
#5180 = ORIENTED_EDGE ( 'NONE', *, *, #4808, .F. ) ;
#5181 = ORIENTED_EDGE ( 'NONE', *, *, #2661, .F. ) ;
#5182 = ORIENTED_EDGE ( 'NONE', *, *, #3346, .T. ) ;
#5183 = CARTESIAN_POINT ( 'NONE',  ( 2.587987857884652700, 0.9364576177899196500, -2.377188879095452300 ) ) ;
#5184 = DIRECTION ( 'NONE',  ( -3.613946018757868500E-015, 0.0000000000000000000, 1.000000000000000000 ) ) ;
#5185 = CARTESIAN_POINT ( 'NONE',  ( 2.749999999999999100, 0.2999999999999999300, 1.649999999999850700 ) ) ;
#5186 = EDGE_LOOP ( 'NONE', ( #4700, #4498, #4654, #1032 ) ) ;
#5188 = EDGE_LOOP ( 'NONE', ( #133, #3489, #481, #5277, #5660, #522, #4142, #1078 ) ) ;
#5187 = LINE ( 'NONE', #2815, #6806 ) ;
#5189 = EDGE_LOOP ( 'NONE', ( #4546, #7231, #2837, #800 ) ) ;
#5190 = DIRECTION ( 'NONE',  ( 3.491481338843133400E-015, -0.0000000000000000000, -1.000000000000000000 ) ) ;
#5191 = LINE ( 'NONE', #3098, #2438 ) ;
#5192 = PLANE ( 'NONE',  #1635 ) ;
#5193 = EDGE_CURVE ( 'NONE', #2596, #1624, #5085, .T. ) ;
#5194 = AXIS2_PLACEMENT_3D ( 'NONE', #1193, #6356, #5795 ) ;
#5195 = CARTESIAN_POINT ( 'NONE',  ( -2.573001159051109300, 0.8077660949809754000, -2.396631632893194900 ) ) ;
#5196 = PRESENTATION_STYLE_ASSIGNMENT (( #4907 ) ) ;
#5197 = LINE ( 'NONE', #2257, #3672 ) ;
#5198 = ORIENTED_EDGE ( 'NONE', *, *, #5354, .F. ) ;
#5199 = CARTESIAN_POINT ( 'NONE',  ( -2.569299889771455600, 1.100000000000000500, 2.181163993580690400 ) ) ;
#5200 = VECTOR ( 'NONE', #6202, 1000.000000000000000 ) ;
#5201 = CARTESIAN_POINT ( 'NONE',  ( 1.375000000000000000, 1.060000000000000100, 4.800786840909308400E-015 ) ) ;
#5202 = EDGE_CURVE ( 'NONE', #3685, #6451, #4842, .T. ) ;
#5203 = EDGE_CURVE ( 'NONE', #4743, #5650, #473, .T. ) ;
#5204 = DIRECTION ( 'NONE',  ( -0.0000000000000000000, -1.000000000000000000, 0.0000000000000000000 ) ) ;
#5205 = SURFACE_STYLE_FILL_AREA ( #1756 ) ;
#5206 = LINE ( 'NONE', #6902, #4612 ) ;
#5207 = ORIENTED_EDGE ( 'NONE', *, *, #2859, .T. ) ;
#5208 = AXIS2_PLACEMENT_3D ( 'NONE', #1407, #3638, #3119 ) ;
#5209 = ADVANCED_FACE ( 'NONE', ( #5998 ), #6835, .T. ) ;
#5210 = CARTESIAN_POINT ( 'NONE',  ( 2.761846414967323400, 0.4902509089922657000, 2.430003823701778000 ) ) ;
#5211 = CARTESIAN_POINT ( 'NONE',  ( 2.753736413300398800, 0.9446649983309574100, -2.290164791360636400 ) ) ;
#5212 = DIRECTION ( 'NONE',  ( 9.006275849671552300E-017, 0.0000000000000000000, -1.000000000000000000 ) ) ;
#5213 = VERTEX_POINT ( 'NONE', #2852 ) ;
#5214 = ORIENTED_EDGE ( 'NONE', *, *, #227, .F. ) ;
#5215 = VECTOR ( 'NONE', #2031, 1000.000000000000000 ) ;
#5216 = LINE ( 'NONE', #1138, #690 ) ;
#5217 = EDGE_CURVE ( 'NONE', #4303, #4282, #5451, .T. ) ;
#5218 = CARTESIAN_POINT ( 'NONE',  ( 2.750000000000020900, 0.2999999999999999300, 2.159999999999888700 ) ) ;
#5219 = CARTESIAN_POINT ( 'NONE',  ( -2.749999999999995100, 0.2999999999999999300, -1.649999999999927100 ) ) ;
#5220 = DIRECTION ( 'NONE',  ( 0.7071067811863260800, 0.0000000000000000000, -0.7071067811867689500 ) ) ;
#5221 = FACE_OUTER_BOUND ( 'NONE', #3391, .T. ) ;
#5222 = DIRECTION ( 'NONE',  ( -3.491481338843133400E-015, 0.0000000000000000000, 1.000000000000000000 ) ) ;
#5223 = CARTESIAN_POINT ( 'NONE',  ( 2.750000000000006700, 0.3000000000000000400, 0.8899999999999437300 ) ) ;
#5224 = VERTEX_POINT ( 'NONE', #6802 ) ;
#5225 = CARTESIAN_POINT ( 'NONE',  ( -2.389999999999962800, 0.2999999999999999300, -2.159999999999928600 ) ) ;
#5226 = CARTESIAN_POINT ( 'NONE',  ( 2.565815600713005700, 1.100000000000000100, -2.140815600712990400 ) ) ;
#5227 = VERTEX_POINT ( 'NONE', #1729 ) ;
#5228 = DIRECTION ( 'NONE',  ( -6.680311257917186800E-015, 0.0000000000000000000, 1.000000000000000000 ) ) ;
#5229 = ORIENTED_EDGE ( 'NONE', *, *, #4715, .F. ) ;
#5230 = CARTESIAN_POINT ( 'NONE',  ( -2.565815600713006600, 1.100000000000000100, 2.140815600712989500 ) ) ;
#5231 = CARTESIAN_POINT ( 'NONE',  ( -2.726047558051710100, 0.8858387019321917200, 2.343036621828476800 ) ) ;
#5232 = DIRECTION ( 'NONE',  ( 1.000000000000000000, 0.0000000000000000000, -1.331179923943306900E-013 ) ) ;
#5233 = VERTEX_POINT ( 'NONE', #4502 ) ;
#5234 = ORIENTED_EDGE ( 'NONE', *, *, #3535, .T. ) ;
#5235 = CARTESIAN_POINT ( 'NONE',  ( 2.774096924319141300, 0.9909316085068237100, -2.161891734488082100 ) ) ;
#5236 = CARTESIAN_POINT ( 'NONE',  ( -6.754796200535888100E-015, 0.05000000000000000300, 1.649999999999919100 ) ) ;
#5237 = EDGE_LOOP ( 'NONE', ( #1264, #1393, #2855, #4357, #3902, #5207, #5627, #7357, #3127, #6965, #4501, #3437 ) ) ;
#5238 = VERTEX_POINT ( 'NONE', #6280 ) ;
#5239 = AXIS2_PLACEMENT_3D ( 'NONE', #2085, #6074, #5523 ) ;
#5240 = CARTESIAN_POINT ( 'NONE',  ( -0.7430000000000072100, 0.3000000000000000400, 2.449999999999998400 ) ) ;
#5241 = CARTESIAN_POINT ( 'NONE',  ( -2.572246908555366800, 1.090323238957874800, -2.216165661528465100 ) ) ;
#5242 = PLANE ( 'NONE',  #3099 ) ;
#5243 = EDGE_CURVE ( 'NONE', #1679, #6042, #5824, .T. ) ;
#5244 = CARTESIAN_POINT ( 'NONE',  ( -2.390000000000010800, 4.944146853836610200, 0.8899999999999640400 ) ) ;
#5245 = DIRECTION ( 'NONE',  ( 1.000000000000000000, 0.0000000000000000000, 8.695651766773108100E-015 ) ) ;
#5246 = VECTOR ( 'NONE', #827, 1000.000000000000000 ) ;
#5247 = CARTESIAN_POINT ( 'NONE',  ( -2.389999999999957500, 0.2999999999999999300, -1.649999999999929700 ) ) ;
#5248 = CARTESIAN_POINT ( 'NONE',  ( -2.814446074555059700, 0.8761321158169135300, -2.117286137945400400 ) ) ;
#5249 = ADVANCED_FACE ( 'NONE', ( #4490 ), #3408, .F. ) ;
#5250 = EDGE_CURVE ( 'NONE', #1453, #5370, #303, .T. ) ;
#5251 = CARTESIAN_POINT ( 'NONE',  ( -2.544973362980262000, 1.074432761647642100, -2.368603836822347700 ) ) ;
#5252 = CARTESIAN_POINT ( 'NONE',  ( -0.6499999999999926900, 0.3000000000000000400, -1.904999999999903900 ) ) ;
#5253 = AXIS2_PLACEMENT_3D ( 'NONE', #2391, #699, #2897 ) ;
#5254 = DIRECTION ( 'NONE',  ( 0.7071067811866681400, 0.0000000000000000000, 0.7071067811864268900 ) ) ;
#5255 = FACE_OUTER_BOUND ( 'NONE', #1140, .T. ) ;
#5256 = CARTESIAN_POINT ( 'NONE',  ( 2.565815600712991100, 1.100000000000000100, 2.140815600713008600 ) ) ;
#5257 = ORIENTED_EDGE ( 'NONE', *, *, #3717, .T. ) ;
#5258 = VERTEX_POINT ( 'NONE', #4471 ) ;
#5259 = AXIS2_PLACEMENT_3D ( 'NONE', #1663, #6266, #57 ) ;
#5260 = DIRECTION ( 'NONE',  ( -1.000000000000000000, 0.0000000000000000000, -1.839926121052110700E-014 ) ) ;
#5261 = CARTESIAN_POINT ( 'NONE',  ( -2.805576344958105000, 0.9107342042665190800, 2.207132624744189400 ) ) ;
#5262 = LINE ( 'NONE', #6321, #5985 ) ;
#5263 = VERTEX_POINT ( 'NONE', #1832 ) ;
#5264 = EDGE_CURVE ( 'NONE', #6706, #1047, #1375, .T. ) ;
#5265 = CARTESIAN_POINT ( 'NONE',  ( -2.578931072107336400, 1.049657221806950400, -2.292692928964334100 ) ) ;
#5266 = EDGE_LOOP ( 'NONE', ( #3701, #1434, #1010, #2362 ) ) ;
#5267 = EDGE_LOOP ( 'NONE', ( #4625, #3223, #4310, #4717 ) ) ;
#5268 = DIRECTION ( 'NONE',  ( -7.828290028785151100E-015, 0.0000000000000000000, 1.000000000000000000 ) ) ;
#5269 = DIRECTION ( 'NONE',  ( 1.946841225083295300E-013, 0.0000000000000000000, -1.000000000000000000 ) ) ;
#5270 = CARTESIAN_POINT ( 'NONE',  ( 2.750000000000039500, 0.3000000000000000400, -1.649999999999908700 ) ) ;
#5271 = LINE ( 'NONE', #572, #2407 ) ;
#5272 = FACE_OUTER_BOUND ( 'NONE', #5736, .T. ) ;
#5273 = ORIENTED_EDGE ( 'NONE', *, *, #5943, .F. ) ;
#5274 = PLANE ( 'NONE',  #5822 ) ;
#5275 = CARTESIAN_POINT ( 'NONE',  ( 2.489999999999995800, 0.3000000000000000400, 1.649999999999926200 ) ) ;
#5276 = CARTESIAN_POINT ( 'NONE',  ( -2.875000000000008400, 0.3000000000000000400, 2.449999999999990400 ) ) ;
#5277 = ORIENTED_EDGE ( 'NONE', *, *, #6257, .F. ) ;
#5278 = DIRECTION ( 'NONE',  ( 7.965007296709267300E-014, 0.0000000000000000000, -1.000000000000000000 ) ) ;
#5279 = VECTOR ( 'NONE', #5919, 1000.000000000000000 ) ;
#5280 = EDGE_CURVE ( 'NONE', #1127, #2069, #1003, .T. ) ;
#5281 = ORIENTED_EDGE ( 'NONE', *, *, #3581, .T. ) ;
#5282 = DIRECTION ( 'NONE',  ( 6.892899919189997300E-015, -0.0000000000000000000, -1.000000000000000000 ) ) ;
#5283 = CARTESIAN_POINT ( 'NONE',  ( 2.596392511269161900, 1.100000000000000100, -2.143654174466910900 ) ) ;
#5284 = CARTESIAN_POINT ( 'NONE',  ( 3.000000000000006200, 4.944146853836610200, 0.8399999999999853100 ) ) ;
#5285 = PLANE ( 'NONE',  #4004 ) ;
#5286 = LINE ( 'NONE', #5565, #1722 ) ;
#5287 = VERTEX_POINT ( 'NONE', #5816 ) ;
#5288 = LINE ( 'NONE', #6788, #317 ) ;
#5289 = CARTESIAN_POINT ( 'NONE',  ( -2.595718492661125400, 1.016472563041264800, 2.328390919919349800 ) ) ;
#5290 = VERTEX_POINT ( 'NONE', #5843 ) ;
#5291 = AXIS2_PLACEMENT_3D ( 'NONE', #6393, #1869, #1850 ) ;
#5292 = ADVANCED_FACE ( 'NONE', ( #2161 ), #2338, .F. ) ;
#5294 = ORIENTED_EDGE ( 'NONE', *, *, #2424, .T. ) ;
#5293 = CARTESIAN_POINT ( 'NONE',  ( 2.800000000000038900, 0.3000000000000000400, 0.4299999999999817900 ) ) ;
#5295 = LINE ( 'NONE', #6024, #7348 ) ;
#5296 = LINE ( 'NONE', #6493, #42 ) ;
#5297 = ORIENTED_EDGE ( 'NONE', *, *, #219, .T. ) ;
#5298 = VECTOR ( 'NONE', #6636, 1000.000000000000000 ) ;
#5299 = CARTESIAN_POINT ( 'NONE',  ( -1.212839163691740800E-014, 0.05000000000000000300, -1.649999999999947300 ) ) ;
#5300 = VERTEX_POINT ( 'NONE', #2381 ) ;
#5301 = EDGE_LOOP ( 'NONE', ( #4351, #6182, #6635, #4200 ) ) ;
#5302 = DIRECTION ( 'NONE',  ( 0.0000000000000000000, -1.000000000000000000, 0.0000000000000000000 ) ) ;
#5303 = VECTOR ( 'NONE', #4599, 1000.000000000000000 ) ;
#5304 = LINE ( 'NONE', #4196, #5936 ) ;
#5305 = ORIENTED_EDGE ( 'NONE', *, *, #3891, .T. ) ;
#5306 = DIRECTION ( 'NONE',  ( 0.7071067811866048600, 0.0000000000000000000, 0.7071067811864901700 ) ) ;
#5307 = LINE ( 'NONE', #1146, #7089 ) ;
#5308 = DIRECTION ( 'NONE',  ( 0.7071067811866017500, 0.0000000000000000000, -0.7071067811864932800 ) ) ;
#5309 = ORIENTED_EDGE ( 'NONE', *, *, #1191, .F. ) ;
#5310 = EDGE_CURVE ( 'NONE', #244, #1480, #7334, .T. ) ;
#5311 = AXIS2_PLACEMENT_3D ( 'NONE', #5946, #5337, #4182 ) ;
#5312 = DIRECTION ( 'NONE',  ( -1.000000000000000000, 0.0000000000000000000, 1.011419298254362500E-014 ) ) ;
#5313 = CARTESIAN_POINT ( 'NONE',  ( 2.750000000000038200, 0.0000000000000000000, 0.3799999999999814100 ) ) ;
#5314 = ORIENTED_EDGE ( 'NONE', *, *, #2612, .T. ) ;
#5315 = LINE ( 'NONE', #3705, #3773 ) ;
#5316 = VERTEX_POINT ( 'NONE', #6957 ) ;
#5317 = CARTESIAN_POINT ( 'NONE',  ( 2.490000000000006400, 4.944146853836610200, -1.649999999999908900 ) ) ;
#5318 = EDGE_CURVE ( 'NONE', #4349, #2357, #6167, .T. ) ;
#5319 = EDGE_CURVE ( 'NONE', #2555, #1847, #7152, .T. ) ;
#5320 = CARTESIAN_POINT ( 'NONE',  ( 2.800000000000049600, 0.3000000000000000400, -0.4299999999999634700 ) ) ;
#5321 = CARTESIAN_POINT ( 'NONE',  ( -2.811206656174964900, 0.9067667404483486000, 2.163812089678901700 ) ) ;
#5322 = ORIENTED_EDGE ( 'NONE', *, *, #2025, .T. ) ;
#5323 = VECTOR ( 'NONE', #2324, 999.9999999999998900 ) ;
#5324 = COLOUR_RGB ( '',0.7921568627450980000, 0.8196078431372548800, 0.9333333333333333500 ) ;
#5325 = ORIENTED_EDGE ( 'NONE', *, *, #1491, .T. ) ;
#5326 = CARTESIAN_POINT ( 'NONE',  ( 0.7750000000000000200, 1.070000000000000100, 2.705898037603428400E-015 ) ) ;
#5327 = CARTESIAN_POINT ( 'NONE',  ( -2.569300599926141300, 1.100000000000000100, -2.181172217238504600 ) ) ;
#5328 = DIRECTION ( 'NONE',  ( -1.000000000000000000, 0.0000000000000000000, -3.491481338843133000E-015 ) ) ;
#5329 = LINE ( 'NONE', #2558, #2116 ) ;
#5330 = ORIENTED_EDGE ( 'NONE', *, *, #1982, .F. ) ;
#5331 = DIRECTION ( 'NONE',  ( 1.000000000000000000, 0.0000000000000000000, 2.949380252600381100E-015 ) ) ;
#5332 = CARTESIAN_POINT ( 'NONE',  ( 2.250000000000021300, 0.0000000000000000000, -1.904999999999893900 ) ) ;
#5333 = ORIENTED_EDGE ( 'NONE', *, *, #7361, .F. ) ;
#5334 = CARTESIAN_POINT ( 'NONE',  ( 2.490000000000000200, 0.05000000000000002400, 0.2500000000000087700 ) ) ;
#5335 = CARTESIAN_POINT ( 'NONE',  ( -2.750000000000012400, 0.0000000000000000000, -0.8899999999999823600 ) ) ;
#5336 = DIRECTION ( 'NONE',  ( -0.7071067811859949000, 0.0000000000000000000, 0.7071067811871001300 ) ) ;
#5337 = DIRECTION ( 'NONE',  ( 0.0000000000000000000, -1.000000000000000000, 0.0000000000000000000 ) ) ;
#5338 = ORIENTED_EDGE ( 'NONE', *, *, #6352, .T. ) ;
#5339 = ORIENTED_EDGE ( 'NONE', *, *, #5016, .T. ) ;
#5340 = DIRECTION ( 'NONE',  ( 0.0000000000000000000, -1.000000000000000000, 0.0000000000000000000 ) ) ;
#5341 = LINE ( 'NONE', #193, #3797 ) ;
#5342 = CARTESIAN_POINT ( 'NONE',  ( -2.800416766313347700, 0.9379537708091906200, 2.178971795885319600 ) ) ;
#5343 = CARTESIAN_POINT ( 'NONE',  ( -2.590986794035165600, 0.8765143473294907400, -2.389382077854520500 ) ) ;
#5344 = FACE_OUTER_BOUND ( 'NONE', #1721, .T. ) ;
#5345 = ORIENTED_EDGE ( 'NONE', *, *, #2424, .F. ) ;
#5346 = EDGE_CURVE ( 'NONE', #6793, #5238, #6409, .T. ) ;
#5347 = CARTESIAN_POINT ( 'NONE',  ( 2.750000000000040400, 0.2999999999999999300, -0.3799999999999621500 ) ) ;
#5348 = CARTESIAN_POINT ( 'NONE',  ( -1.089999999999993000, 4.944146853836610200, -2.109999999999902200 ) ) ;
#5349 = APPLICATION_PROTOCOL_DEFINITION ( 'draft international standard', 'automotive_design', 1998, #5419 ) ;
#5350 = LINE ( 'NONE', #2725, #816 ) ;
#5351 = CARTESIAN_POINT ( 'NONE',  ( -2.800000000000006900, 0.0000000000000000000, 0.4299999999999900600 ) ) ;
#5352 = EDGE_CURVE ( 'NONE', #2884, #4662, #737, .T. ) ;
#5353 = DIRECTION ( 'NONE',  ( 1.000000000000000000, 0.0000000000000000000, 1.578183387398598800E-015 ) ) ;
#5354 = EDGE_CURVE ( 'NONE', #6698, #1947, #2508, .T. ) ;
#5355 = CARTESIAN_POINT ( 'NONE',  ( -2.874999999999991100, 0.3000000000000000400, -2.450000000000010400 ) ) ;
#5356 = DIRECTION ( 'NONE',  ( -0.7071067811865442400, 0.0000000000000000000, 0.7071067811865509000 ) ) ;
#5357 = CARTESIAN_POINT ( 'NONE',  ( -0.5500000000000321300, 0.05000000000000000300, -0.5500000000000384600 ) ) ;
#5358 = LINE ( 'NONE', #3934, #3557 ) ;
#5359 = FACE_OUTER_BOUND ( 'NONE', #5186, .T. ) ;
#5360 = ORIENTED_EDGE ( 'NONE', *, *, #3728, .T. ) ;
#5361 = CARTESIAN_POINT ( 'NONE',  ( -2.875000000000008400, 0.05000000000000000300, 2.449999999999990400 ) ) ;
#5362 = EDGE_CURVE ( 'NONE', #7039, #6387, #4117, .T. ) ;
#5363 = DIRECTION ( 'NONE',  ( -1.000000000000000000, 0.0000000000000000000, 7.395515293930516800E-016 ) ) ;
#5364 = EDGE_LOOP ( 'NONE', ( #907, #4212, #4773, #929 ) ) ;
#5365 = ADVANCED_FACE ( 'NONE', ( #2417 ), #1244, .F. ) ;
#5366 = LINE ( 'NONE', #994, #4666 ) ;
#5367 = ORIENTED_EDGE ( 'NONE', *, *, #1019, .F. ) ;
#5368 = CARTESIAN_POINT ( 'NONE',  ( -2.753736155147659100, 0.9446650052723386500, -2.290165118559472900 ) ) ;
#5369 = CARTESIAN_POINT ( 'NONE',  ( -0.7429999999999930000, 0.3000000000000000400, -2.109999999999900400 ) ) ;
#5370 = VERTEX_POINT ( 'NONE', #6883 ) ;
#5371 = FACE_OUTER_BOUND ( 'NONE', #1941, .T. ) ;
#5372 = ORIENTED_EDGE ( 'NONE', *, *, #2113, .T. ) ;
#5373 = DIRECTION ( 'NONE',  ( -0.7071067811867076700, 0.0000000000000000000, -0.7071067811863873700 ) ) ;
#5374 = CARTESIAN_POINT ( 'NONE',  ( 0.7850000000000000300, 1.060000000000000100, 2.740812850991859600E-015 ) ) ;
#5375 = ADVANCED_FACE ( 'NONE', ( #5371 ), #631, .F. ) ;
#5376 = DIRECTION ( 'NONE',  ( -0.7071067811870299600, 0.0000000000000000000, 0.7071067811860651800 ) ) ;
#5377 = STYLED_ITEM ( 'NONE', ( #6290 ), #543 ) ;
#5378 = VERTEX_POINT ( 'NONE', #4238 ) ;
#5379 = CARTESIAN_POINT ( 'NONE',  ( 2.750000000000039500, 0.3000000000000000400, -1.649999999999908700 ) ) ;
#5381 = ORIENTED_EDGE ( 'NONE', *, *, #7077, .T. ) ;
#5380 = LINE ( 'NONE', #6572, #2340 ) ;
#5382 = CARTESIAN_POINT ( 'NONE',  ( -2.800000000000013600, 0.2999999999999999300, -0.8399999999999819800 ) ) ;
#5383 = VERTEX_POINT ( 'NONE', #4805 ) ;
#5384 = CARTESIAN_POINT ( 'NONE',  ( -2.750000000000007500, 0.3000000000000000400, 0.3799999999999628700 ) ) ;
#5385 = FACE_OUTER_BOUND ( 'NONE', #5024, .T. ) ;
#5386 = LINE ( 'NONE', #5447, #2176 ) ;
#5387 = VECTOR ( 'NONE', #6227, 1000.000000000000000 ) ;
#5388 = VERTEX_POINT ( 'NONE', #834 ) ;
#5389 = LINE ( 'NONE', #6720, #675 ) ;
#5390 = DIRECTION ( 'NONE',  ( 1.000000000000000000, -0.0000000000000000000, 3.491481338843133400E-015 ) ) ;
#5391 = AXIS2_PLACEMENT_3D ( 'NONE', #359, #6605, #1565 ) ;
#5392 = CARTESIAN_POINT ( 'NONE',  ( -2.766839514592049900, 0.9937831759769290000, -2.196387451332370200 ) ) ;
#5393 = VERTEX_POINT ( 'NONE', #1933 ) ;
#5394 = FACE_OUTER_BOUND ( 'NONE', #331, .T. ) ;
#5395 = ORIENTED_EDGE ( 'NONE', *, *, #2962, .T. ) ;
#5396 = DIRECTION ( 'NONE',  ( 1.000000000000000000, 0.0000000000000000000, 1.373532255474061000E-014 ) ) ;
#5397 = VERTEX_POINT ( 'NONE', #1322 ) ;
#5398 = CARTESIAN_POINT ( 'NONE',  ( 2.800000000000049600, 4.944146853836610200, -0.4299999999999634700 ) ) ;
#5399 = ORIENTED_EDGE ( 'NONE', *, *, #5103, .T. ) ;
#5400 = LINE ( 'NONE', #6598, #7022 ) ;
#5401 = VECTOR ( 'NONE', #7263, 1000.000000000000000 ) ;
#5402 = CARTESIAN_POINT ( 'NONE',  ( -2.531195965580447900, 1.205515941740286500, 2.354826439422499800 ) ) ;
#5403 = DIRECTION ( 'NONE',  ( 3.491481338843133400E-015, -0.0000000000000000000, -1.000000000000000000 ) ) ;
#5404 = ADVANCED_FACE ( 'NONE', ( #5635 ), #2533, .T. ) ;
#5405 = ORIENTED_EDGE ( 'NONE', *, *, #419, .F. ) ;
#5406 = CARTESIAN_POINT ( 'NONE',  ( -2.783084821021384300, 0.9746086217667682100, 2.159556969120430800 ) ) ;
#5407 = ORIENTED_EDGE ( 'NONE', *, *, #2166, .T. ) ;
#5408 = EDGE_CURVE ( 'NONE', #3485, #1111, #2061, .T. ) ;
#5409 = VECTOR ( 'NONE', #4980, 1000.000000000000100 ) ;
#5410 = EDGE_CURVE ( 'NONE', #2126, #2232, #3919, .T. ) ;
#5411 = ORIENTED_EDGE ( 'NONE', *, *, #4402, .F. ) ;
#5412 = CARTESIAN_POINT ( 'NONE',  ( -2.750000000000003100, 0.0000000000000000000, 1.649999999999907800 ) ) ;
#5413 = CARTESIAN_POINT ( 'NONE',  ( -2.813845111441025000, 0.8780124951084452600, -2.180777684423925900 ) ) ;
#5414 = CARTESIAN_POINT ( 'NONE',  ( 2.587286107418067500, 0.8761321158169139700, 2.389446074555076700 ) ) ;
#5415 = ORIENTED_EDGE ( 'NONE', *, *, #6344, .T. ) ;
#5416 = B_SPLINE_CURVE_WITH_KNOTS ( 'NONE', 3,
 ( #2019, #2057, #6005, #5406, #2643, #5983, #342, #4336, #3733, #7148, #2084, #2572, #5474, #2553, #6535 ),
 .UNSPECIFIED., .F., .F.,
 ( 4, 2, 2, 1, 2, 2, 2, 4 ),
 ( 0.0000000000000000000, 0.2500000000000141000, 0.3750000000000208700, 0.4375000000000235400, 0.4687500000000236500, 0.5000000000000237600, 0.7500000000000118800, 1.000000000000000000 ),
 .UNSPECIFIED. ) ;
#5417 = EDGE_CURVE ( 'NONE', #5917, #1653, #6981, .T. ) ;
#5418 = DIRECTION ( 'NONE',  ( 1.000000000000000000, 0.0000000000000000000, -1.877011598306432700E-013 ) ) ;
#5419 = APPLICATION_CONTEXT ( 'automotive_design' ) ;
#5420 = CARTESIAN_POINT ( 'NONE',  ( -2.772937740722600800, 1.271057531786608900, 2.099307266880515100 ) ) ;
#5421 = DIRECTION ( 'NONE',  ( 0.0000000000000000000, -1.000000000000000000, 0.0000000000000000000 ) ) ;
#5422 = DIRECTION ( 'NONE',  ( -0.0000000000000000000, -1.000000000000000000, 0.0000000000000000000 ) ) ;
#5423 = ORIENTED_EDGE ( 'NONE', *, *, #1157, .F. ) ;
#5424 = FILL_AREA_STYLE_COLOUR ( '', #3210 ) ;
#5425 = LINE ( 'NONE', #64, #1062 ) ;
#5426 = AXIS2_PLACEMENT_3D ( 'NONE', #5729, #60, #3400 ) ;
#5427 = CARTESIAN_POINT ( 'NONE',  ( 2.489999999999994000, 0.2999999999999999300, -0.3799999999999254500 ) ) ;
#5428 = LINE ( 'NONE', #2039, #2317 ) ;
#5429 = DIRECTION ( 'NONE',  ( -1.000000000000000000, 0.0000000000000000000, -3.491481338843133400E-015 ) ) ;
#5430 = CARTESIAN_POINT ( 'NONE',  ( 2.800000000000028200, 0.2999999999999999300, 2.109999999999849800 ) ) ;
#5431 = ADVANCED_FACE ( 'NONE', ( #557 ), #200, .T. ) ;
#5432 = VERTEX_POINT ( 'NONE', #7020 ) ;
#5433 = CARTESIAN_POINT ( 'NONE',  ( -2.587009817579240400, 0.9065729647699590800, -2.386246612405028800 ) ) ;
#5434 = CARTESIAN_POINT ( 'NONE',  ( 2.774096924046562100, 0.9909316074636777000, 2.161891725156281500 ) ) ;
#5435 = LINE ( 'NONE', #6988, #2230 ) ;
#5436 = ORIENTED_EDGE ( 'NONE', *, *, #647, .T. ) ;
#5437 = EDGE_CURVE ( 'NONE', #4934, #2779, #5733, .T. ) ;
#5438 = ORIENTED_EDGE ( 'NONE', *, *, #1266, .T. ) ;
#5439 = AXIS2_PLACEMENT_3D ( 'NONE', #4604, #5740, #3457 ) ;
#5440 = DIRECTION ( 'NONE',  ( -1.000000000000000000, 0.0000000000000000000, -3.491481338843133400E-015 ) ) ;
#5441 = CARTESIAN_POINT ( 'NONE',  ( -2.874999999999991100, 0.3000000000000000400, -2.450000000000010400 ) ) ;
#5442 = EDGE_CURVE ( 'NONE', #1936, #6827, #4211, .T. ) ;
#5443 = PLANE ( 'NONE',  #111 ) ;
#5444 = VECTOR ( 'NONE', #5045, 1000.000000000000000 ) ;
#5445 = ORIENTED_EDGE ( 'NONE', *, *, #5494, .F. ) ;
#5446 = EDGE_CURVE ( 'NONE', #5909, #3923, #838, .T. ) ;
#5447 = CARTESIAN_POINT ( 'NONE',  ( 2.750000000000012900, 0.2999999999999999300, -0.8899999999999244100 ) ) ;
#5448 = CARTESIAN_POINT ( 'NONE',  ( 2.875000000000007100, 0.05000000000000000300, -2.109999999999908400 ) ) ;
#5449 = CARTESIAN_POINT ( 'NONE',  ( 2.250000000000007500, 0.0000000000000000000, 2.159999999999925500 ) ) ;
#5450 = EDGE_LOOP ( 'NONE', ( #6023, #1885, #950, #5372 ) ) ;
#5451 = LINE ( 'NONE', #1104, #6343 ) ;
#5452 = ORIENTED_EDGE ( 'NONE', *, *, #5914, .T. ) ;
#5453 = DIRECTION ( 'NONE',  ( 0.0000000000000000000, -1.000000000000000000, 0.0000000000000000000 ) ) ;
#5454 = ORIENTED_EDGE ( 'NONE', *, *, #3628, .F. ) ;
#5455 = DIRECTION ( 'NONE',  ( 3.491481338843133400E-015, 0.0000000000000000000, -1.000000000000000000 ) ) ;
#5456 = EDGE_CURVE ( 'NONE', #3254, #4403, #6520, .T. ) ;
#5457 = DIRECTION ( 'NONE',  ( 0.0000000000000000000, -1.000000000000000000, 0.0000000000000000000 ) ) ;
#5458 = CARTESIAN_POINT ( 'NONE',  ( -2.390000000000004600, 0.2999999999999999300, 1.649999999999909300 ) ) ;
#5460 = ORIENTED_EDGE ( 'NONE', *, *, #1732, .F. ) ;
#5459 = CARTESIAN_POINT ( 'NONE',  ( -2.595718526127709600, 1.016472566904662800, -2.328390922148588300 ) ) ;
#5461 = CARTESIAN_POINT ( 'NONE',  ( 2.633390469515667600, 0.8805512677905676900, 2.385387134913413500 ) ) ;
#5462 = VECTOR ( 'NONE', #1786, 1000.000000000000000 ) ;
#5463 = ORIENTED_EDGE ( 'NONE', *, *, #5735, .F. ) ;
#5464 = CARTESIAN_POINT ( 'NONE',  ( 1.375000000000000000, 1.100000000000000100, 4.800786840909308400E-015 ) ) ;
#5465 = VERTEX_POINT ( 'NONE', #5893 ) ;
#5466 = CARTESIAN_POINT ( 'NONE',  ( 2.750000000000038200, 0.3000000000000000400, 0.3799999999999814100 ) ) ;
#5467 = CARTESIAN_POINT ( 'NONE',  ( 2.626737699402837300, 1.094184019693813700, 2.146878252661953200 ) ) ;
#5468 = LINE ( 'NONE', #5883, #2688 ) ;
#5469 = LINE ( 'NONE', #4749, #2260 ) ;
#5470 = ORIENTED_EDGE ( 'NONE', *, *, #6678, .T. ) ;
#5471 = FACE_OUTER_BOUND ( 'NONE', #4957, .T. ) ;
#5472 = ADVANCED_FACE ( 'NONE', ( #3395 ), #7091, .F. ) ;
#5473 = VERTEX_POINT ( 'NONE', #6518 ) ;
#5474 = CARTESIAN_POINT ( 'NONE',  ( -2.641165661545217700, 1.090323238952621800, 2.147246908556870600 ) ) ;
#5475 = ORIENTED_EDGE ( 'NONE', *, *, #7314, .T. ) ;
#5476 = VECTOR ( 'NONE', #1115, 1000.000000000000000 ) ;
#5477 = ORIENTED_EDGE ( 'NONE', *, *, #5889, .T. ) ;
#5478 = VECTOR ( 'NONE', #6536, 1000.000000000000000 ) ;
#5479 = VERTEX_POINT ( 'NONE', #3026 ) ;
#5480 = DIRECTION ( 'NONE',  ( 0.7071067811865481300, 0.0000000000000000000, 0.7071067811865470200 ) ) ;
#5481 = ORIENTED_EDGE ( 'NONE', *, *, #3617, .T. ) ;
#5482 = ORIENTED_EDGE ( 'NONE', *, *, #5203, .F. ) ;
#5483 = VECTOR ( 'NONE', #1558, 1000.000000000000000 ) ;
#5484 = ORIENTED_EDGE ( 'NONE', *, *, #3284, .F. ) ;
#5485 = CARTESIAN_POINT ( 'NONE',  ( -3.000000000000008900, 4.944146853836610200, 0.8399999999999893100 ) ) ;
#5486 = CARTESIAN_POINT ( 'NONE',  ( -2.800000000000009100, 0.3000000000000000400, 0.8399999999999627800 ) ) ;
#5487 = CARTESIAN_POINT ( 'NONE',  ( -2.571479642831526300, 1.094177520935351500, -2.201832952004469500 ) ) ;
#5488 = CARTESIAN_POINT ( 'NONE',  ( 2.755675684897116500, 1.015484006987633400, 2.158544911844510600 ) ) ;
#5489 = EDGE_CURVE ( 'NONE', #5909, #6036, #6892, .T. ) ;
#5490 = DIRECTION ( 'NONE',  ( 1.000000000000000000, -0.0000000000000000000, -1.168734907595625700E-014 ) ) ;
#5491 = LINE ( 'NONE', #2768, #3964 ) ;
#5492 = VECTOR ( 'NONE', #6326, 1000.000000000000000 ) ;
#5493 = EDGE_CURVE ( 'NONE', #3570, #4737, #1976, .T. ) ;
#5494 = EDGE_CURVE ( 'NONE', #5777, #4349, #1447, .T. ) ;
#5495 = CARTESIAN_POINT ( 'NONE',  ( 7.474617719793691200E-015, 0.8500000000000000900, -2.140815600712999700 ) ) ;
#5496 = CARTESIAN_POINT ( 'NONE',  ( 2.576779360558364200, 1.072330042740383900, 2.258776913446838700 ) ) ;
#5497 = CARTESIAN_POINT ( 'NONE',  ( 2.750000000000006700, 0.0000000000000000000, 0.8899999999999437300 ) ) ;
#5498 = CARTESIAN_POINT ( 'NONE',  ( 2.875000000000001300, 0.3000000000000000400, -0.4299999999999620200 ) ) ;
#5499 = FACE_OUTER_BOUND ( 'NONE', #11, .T. ) ;
#5500 = DIRECTION ( 'NONE',  ( 1.000000000000000000, -0.0000000000000000000, -7.199956750943201700E-015 ) ) ;
#5501 = PLANE ( 'NONE',  #3658 ) ;
#5502 = CLOSED_SHELL ( 'NONE', ( #1029, #1483, #1680, #1384, #3528, #7203, #1588, #3431, #6305, #6483 ) ) ;
#5503 = EDGE_CURVE ( 'NONE', #5287, #6028, #123, .T. ) ;
#5504 = ORIENTED_EDGE ( 'NONE', *, *, #79, .T. ) ;
#5505 = ORIENTED_EDGE ( 'NONE', *, *, #5760, .F. ) ;
#5506 = DIRECTION ( 'NONE',  ( 6.680311257917186800E-015, -0.0000000000000000000, -1.000000000000000000 ) ) ;
#5507 = ORIENTED_EDGE ( 'NONE', *, *, #5018, .F. ) ;
#5508 = CARTESIAN_POINT ( 'NONE',  ( -2.389999999999957500, 0.0000000000000000000, -1.649999999999929700 ) ) ;
#5509 = CARTESIAN_POINT ( 'NONE',  ( 2.250000000000021300, 0.3000000000000000400, -1.904999999999893900 ) ) ;
#5510 = ADVANCED_FACE ( 'NONE', ( #25 ), #181, .F. ) ;
#5511 = ORIENTED_EDGE ( 'NONE', *, *, #1856, .T. ) ;
#5512 = CARTESIAN_POINT ( 'NONE',  ( -2.624313762002973500, 1.074102485032109500, -2.238167309024805100 ) ) ;
#5513 = CARTESIAN_POINT ( 'NONE',  ( 2.590648449826110000, 0.9069355804459419100, 2.386036165607208700 ) ) ;
#5514 = LINE ( 'NONE', #1358, #3366 ) ;
#5515 = EDGE_CURVE ( 'NONE', #964, #860, #384, .T. ) ;
#5516 = MANIFOLD_SOLID_BREP ( 'Body-Move/Copy1[4]', #7386 ) ;
#5517 = CARTESIAN_POINT ( 'NONE',  ( -2.835007263299477400, 0.6805054724904616700, -2.223690656381602800 ) ) ;
#5518 = CARTESIAN_POINT ( 'NONE',  ( 2.683776913725251800, 1.072330042605236700, 2.151779359139766300 ) ) ;
#5519 = ORIENTED_EDGE ( 'NONE', *, *, #1227, .F. ) ;
#5520 = FACE_OUTER_BOUND ( 'NONE', #1173, .T. ) ;
#5521 = DIRECTION ( 'NONE',  ( 0.7071067811864901700, 0.0000000000000000000, -0.7071067811866048600 ) ) ;
#5522 = DIRECTION ( 'NONE',  ( 3.491481338843133400E-015, 0.0000000000000000000, -1.000000000000000000 ) ) ;
#5523 = DIRECTION ( 'NONE',  ( -0.7071067811867076700, 0.0000000000000000000, -0.7071067811863873700 ) ) ;
#5524 = CARTESIAN_POINT ( 'NONE',  ( -0.6500000000000070200, 0.0000000000000000000, 2.109999999999897300 ) ) ;
#5525 = VECTOR ( 'NONE', #2729, 1000.000000000000000 ) ;
#5526 = VERTEX_POINT ( 'NONE', #7113 ) ;
#5527 = ORIENTED_EDGE ( 'NONE', *, *, #2620, .F. ) ;
#5528 = DIRECTION ( 'NONE',  ( 1.000000000000000000, -0.0000000000000000000, 2.286812258303601300E-015 ) ) ;
#5529 = CARTESIAN_POINT ( 'NONE',  ( -1.090000000000007200, 4.944146853836610200, 2.109999999999895500 ) ) ;
#5530 = DIRECTION ( 'NONE',  ( -0.7071067811863825900, 0.0000000000000000000, -0.7071067811867125500 ) ) ;
#5531 = VECTOR ( 'NONE', #2671, 1000.000000000000000 ) ;
#5532 = LINE ( 'NONE', #6429, #4992 ) ;
#5533 = ORIENTED_EDGE ( 'NONE', *, *, #2488, .T. ) ;
#5534 = CARTESIAN_POINT ( 'NONE',  ( -2.740094444700942800, 1.018993547695219900, -2.209437674754204800 ) ) ;
#5535 = PLANE ( 'NONE',  #1427 ) ;
#5536 = VERTEX_POINT ( 'NONE', #3669 ) ;
#5537 = EDGE_CURVE ( 'NONE', #488, #3616, #996, .T. ) ;
#5538 = PRODUCT_DEFINITION_SHAPE ( 'NONE', 'NONE',  #1938 ) ;
#5539 = MECHANICAL_DESIGN_GEOMETRIC_PRESENTATION_REPRESENTATION (  '', ( #2052 ), #3708 ) ;
#5540 = VERTEX_POINT ( 'NONE', #6607 ) ;
#5541 = VECTOR ( 'NONE', #6579, 1000.000000000000000 ) ;
#5542 = EDGE_CURVE ( 'NONE', #4731, #4195, #4923, .T. ) ;
#5543 = LINE ( 'NONE', #4191, #5173 ) ;
#5544 = PLANE ( 'NONE',  #1351 ) ;
#5545 = CARTESIAN_POINT ( 'NONE',  ( 2.683883852877783300, 1.072277086138961000, 2.151011395140731300 ) ) ;
#5546 = VERTEX_POINT ( 'NONE', #3126 ) ;
#5547 = DIRECTION ( 'NONE',  ( -0.7071067811867690600, 0.0000000000000000000, -0.7071067811863260800 ) ) ;
#5548 = EDGE_CURVE ( 'NONE', #5752, #7186, #3302, .T. ) ;
#5549 = DIRECTION ( 'NONE',  ( -0.7071067811865482400, 0.0000000000000000000, -0.7071067811865469100 ) ) ;
#5550 = ADVANCED_FACE ( 'NONE', ( #1896 ), #3195, .T. ) ;
#5551 = EDGE_CURVE ( 'NONE', #7382, #3296, #2940, .T. ) ;
#5552 = ORIENTED_EDGE ( 'NONE', *, *, #270, .T. ) ;
#5553 = CARTESIAN_POINT ( 'NONE',  ( 2.250000000000007500, 0.2999999999999999300, 2.159999999999925500 ) ) ;
#5554 = VECTOR ( 'NONE', #5712, 1000.000000000000000 ) ;
#5555 = DIRECTION ( 'NONE',  ( -0.7071067811865507900, 0.0000000000000000000, -0.7071067811865441300 ) ) ;
#5556 = VERTEX_POINT ( 'NONE', #4362 ) ;
#5557 = CARTESIAN_POINT ( 'NONE',  ( -1.089999999999993000, 0.3000000000000000400, -2.109999999999902200 ) ) ;
#5559 = EDGE_LOOP ( 'NONE', ( #2058, #6300, #414, #3747, #3197, #4932, #5035, #4118 ) ) ;
#5558 = LINE ( 'NONE', #5270, #3583 ) ;
#5560 = VECTOR ( 'NONE', #4458, 1000.000000000000000 ) ;
#5561 = ORIENTED_EDGE ( 'NONE', *, *, #6674, .T. ) ;
#5562 = LINE ( 'NONE', #7110, #44 ) ;
#5563 = DIRECTION ( 'NONE',  ( 1.000000000000000000, 0.0000000000000000000, 1.141449721469845900E-014 ) ) ;
#5564 = DIRECTION ( 'NONE',  ( -1.000000000000000000, 0.0000000000000000000, -6.687560834572014400E-014 ) ) ;
#5565 = CARTESIAN_POINT ( 'NONE',  ( 2.800000000000065500, 0.2999999999999999300, -2.109999999999908400 ) ) ;
#5566 = ORIENTED_EDGE ( 'NONE', *, *, #3236, .T. ) ;
#5567 = CARTESIAN_POINT ( 'NONE',  ( -2.710280226771525600, 1.056305036604360500, -2.154262904760918300 ) ) ;
#5568 = DIRECTION ( 'NONE',  ( -1.000000000000000000, 0.0000000000000000000, -2.286812258303601300E-015 ) ) ;
#5569 = VECTOR ( 'NONE', #1310, 1000.000000000000100 ) ;
#5570 = ORIENTED_EDGE ( 'NONE', *, *, #4455, .F. ) ;
#5571 = VECTOR ( 'NONE', #2119, 1000.000000000000000 ) ;
#5572 = CARTESIAN_POINT ( 'NONE',  ( 2.575030866249508500, 1.094256829469385500, 2.201043423279700000 ) ) ;
#5573 = ORIENTED_EDGE ( 'NONE', *, *, #1856, .F. ) ;
#5574 = LINE ( 'NONE', #7299, #2536 ) ;
#5575 = VERTEX_POINT ( 'NONE', #7206 ) ;
#5576 = DIRECTION ( 'NONE',  ( -3.491481338843133400E-015, 0.0000000000000000000, 1.000000000000000000 ) ) ;
#5577 = DIRECTION ( 'NONE',  ( 1.000000000000000000, 0.0000000000000000000, 3.491481338843133400E-015 ) ) ;
#5578 = CARTESIAN_POINT ( 'NONE',  ( -2.750000000000016900, 0.3000000000000000400, -2.159999999999927800 ) ) ;
#5579 = CARTESIAN_POINT ( 'NONE',  ( 0.0000000000000000000, 0.0000000000000000000, 0.0000000000000000000 ) ) ;
#5580 = ORIENTED_EDGE ( 'NONE', *, *, #647, .F. ) ;
#5581 = ORIENTED_EDGE ( 'NONE', *, *, #4451, .F. ) ;
#5582 = EDGE_LOOP ( 'NONE', ( #4998, #1861, #3710, #1362 ) ) ;
#5583 = CARTESIAN_POINT ( 'NONE',  ( 2.800000000000049600, 0.3000000000000000400, -0.4299999999999634700 ) ) ;
#5584 = CARTESIAN_POINT ( 'NONE',  ( 2.750000000000040400, 0.2999999999999999300, -0.3799999999999621500 ) ) ;
#5585 = AXIS2_PLACEMENT_3D ( 'NONE', #1855, #520, #5868 ) ;
#5586 = PLANE ( 'NONE',  #490 ) ;
#5587 = ADVANCED_FACE ( 'NONE', ( #4385 ), #5501, .T. ) ;
#5588 = LINE ( 'NONE', #6563, #961 ) ;
#5589 = DIRECTION ( 'NONE',  ( -1.000000000000000000, 0.0000000000000000000, -1.141449721469845700E-014 ) ) ;
#5590 = VERTEX_POINT ( 'NONE', #6638 ) ;
#5591 = EDGE_CURVE ( 'NONE', #5917, #1679, #649, .T. ) ;
#5592 = ORIENTED_EDGE ( 'NONE', *, *, #3248, .T. ) ;
#5593 = CARTESIAN_POINT ( 'NONE',  ( -2.571090194629101600, 1.094165267273312200, 2.201895891117744000 ) ) ;
#5594 = EDGE_CURVE ( 'NONE', #3685, #1044, #1279, .T. ) ;
#5595 = EDGE_CURVE ( 'NONE', #3356, #5116, #4576, .T. ) ;
#5596 = DIRECTION ( 'NONE',  ( 0.0000000000000000000, -1.000000000000000000, 0.0000000000000000000 ) ) ;
#5597 = ORIENTED_EDGE ( 'NONE', *, *, #3242, .T. ) ;
#5598 = CARTESIAN_POINT ( 'NONE',  ( 2.750000000000020900, 0.0000000000000000000, 2.159999999999888700 ) ) ;
#5599 = ORIENTED_EDGE ( 'NONE', *, *, #7050, .F. ) ;
#5600 = DIRECTION ( 'NONE',  ( -3.491481338843133400E-015, 0.0000000000000000000, 1.000000000000000000 ) ) ;
#5601 = CARTESIAN_POINT ( 'NONE',  ( 2.711027856123748900, 1.053603760305633400, 2.153328457442347200 ) ) ;
#5602 = DIRECTION ( 'NONE',  ( 1.000000000000000000, 0.0000000000000000000, 3.491481338843133400E-015 ) ) ;
#5603 = EDGE_CURVE ( 'NONE', #4491, #2634, #6513, .T. ) ;
#5604 = CARTESIAN_POINT ( 'NONE',  ( 2.800000000000028200, 0.2999999999999999300, 2.109999999999849800 ) ) ;
#5605 = CARTESIAN_POINT ( 'NONE',  ( 2.750000000000038200, 0.2999999999999999300, 0.3799999999999814100 ) ) ;
#5606 = LINE ( 'NONE', #5248, #4555 ) ;
#5607 = CARTESIAN_POINT ( 'NONE',  ( -2.749999999999996400, 0.2999999999999999300, -0.3799999999999820200 ) ) ;
#5608 = CARTESIAN_POINT ( 'NONE',  ( 2.750000000000006700, 0.3000000000000000400, 0.8899999999999437300 ) ) ;
#5609 = CARTESIAN_POINT ( 'NONE',  ( 2.648690656381601300, 0.6805054724904621200, -2.410007263299475800 ) ) ;
#5610 = DIRECTION ( 'NONE',  ( -1.000000000000000000, 0.0000000000000000000, -3.491481338843133400E-015 ) ) ;
#5611 = LINE ( 'NONE', #2821, #982 ) ;
#5612 = CARTESIAN_POINT ( 'NONE',  ( -2.576779359139762500, 1.072330042605237100, 2.258776913725249400 ) ) ;
#5613 = ORIENTED_EDGE ( 'NONE', *, *, #5846, .T. ) ;
#5614 = ORIENTED_EDGE ( 'NONE', *, *, #4978, .T. ) ;
#5615 =( BOUNDED_CURVE ( )  B_SPLINE_CURVE ( 2, ( #3030, #713, #3697 ),
 .UNSPECIFIED., .F., .F. ) 
 B_SPLINE_CURVE_WITH_KNOTS ( ( 3, 3 ),
 ( 0.0000000000000000000, 1.000000000000000000 ),
 .UNSPECIFIED. ) 
 CURVE ( )  GEOMETRIC_REPRESENTATION_ITEM ( )  RATIONAL_B_SPLINE_CURVE ( ( 1.000000000000000000, 0.7109592814054462900, 1.000000000000000000 ) ) 
 REPRESENTATION_ITEM ( '' )  );
#5616 = DIRECTION ( 'NONE',  ( 0.0000000000000000000, -1.000000000000000000, 0.0000000000000000000 ) ) ;
#5617 = CARTESIAN_POINT ( 'NONE',  ( -0.7430000000000072100, 0.05000000000000002400, 2.449999999999998400 ) ) ;
#5618 = DIRECTION ( 'NONE',  ( 1.000000000000000000, 0.0000000000000000000, 3.370341431302853500E-015 ) ) ;
#5619 = CARTESIAN_POINT ( 'NONE',  ( 2.750000000000064400, 0.0000000000000000000, -2.159999999999909500 ) ) ;
#5620 = VECTOR ( 'NONE', #487, 1000.000000000000000 ) ;
#5621 = ORIENTED_EDGE ( 'NONE', *, *, #4398, .F. ) ;
#5622 = VERTEX_POINT ( 'NONE', #901 ) ;
#5623 = AXIS2_PLACEMENT_3D ( 'NONE', #509, #5564, #2218 ) ;
#5624 = FACE_OUTER_BOUND ( 'NONE', #3060, .T. ) ;
#5625 = LINE ( 'NONE', #48, #5907 ) ;
#5627 = ORIENTED_EDGE ( 'NONE', *, *, #5950, .T. ) ;
#5626 = CARTESIAN_POINT ( 'NONE',  ( 2.750000000000020900, 0.3000000000000000400, 2.159999999999888700 ) ) ;
#5628 = EDGE_CURVE ( 'NONE', #2193, #5590, #4294, .T. ) ;
#5629 = CARTESIAN_POINT ( 'NONE',  ( -2.390000000000004600, 0.3000000000000000400, 1.649999999999909300 ) ) ;
#5630 = CARTESIAN_POINT ( 'NONE',  ( 1.375000000000000000, 1.060000000000000100, 4.800786840909308400E-015 ) ) ;
#5631 = DIRECTION ( 'NONE',  ( -1.000000000000000000, 0.0000000000000000000, 5.265536208154871600E-015 ) ) ;
#5633 = ORIENTED_EDGE ( 'NONE', *, *, #4970, .T. ) ;
#5632 = CARTESIAN_POINT ( 'NONE',  ( -2.576292840156924100, 1.100000000000000100, -2.168825743760228500 ) ) ;
#5634 = CARTESIAN_POINT ( 'NONE',  ( 2.250000000000021300, 0.3000000000000000400, -2.159999999999913500 ) ) ;
#5635 = FACE_OUTER_BOUND ( 'NONE', #3358, .T. ) ;
#5636 = CLOSED_SHELL ( 'NONE', ( #5068, #5292, #5038, #2652, #3501, #2065, #2115, #4143, #4050, #6233 ) ) ;
#5637 = EDGE_CURVE ( 'NONE', #5752, #5997, #4015, .T. ) ;
#5638 = ORIENTED_EDGE ( 'NONE', *, *, #1164, .F. ) ;
#5639 = CARTESIAN_POINT ( 'NONE',  ( -2.593825743760224800, 1.100000000000000100, 2.151292840156923300 ) ) ;
#5640 = ADVANCED_FACE ( 'NONE', ( #6158 ), #459, .F. ) ;
#5641 = ADVANCED_FACE ( 'NONE', ( #1612 ), #3715, .F. ) ;
#5642 = AXIS2_PLACEMENT_3D ( 'NONE', #6405, #4723, #4146 ) ;
#5643 = CARTESIAN_POINT ( 'NONE',  ( -2.389999999999957500, 0.0000000000000000000, -1.649999999999929700 ) ) ;
#5644 = DIRECTION ( 'NONE',  ( -1.000000000000000000, 0.0000000000000000000, 1.412078086043886200E-013 ) ) ;
#5646 = ORIENTED_EDGE ( 'NONE', *, *, #4607, .F. ) ;
#5645 = VECTOR ( 'NONE', #1594, 1000.000000000000000 ) ;
#5647 = ORIENTED_EDGE ( 'NONE', *, *, #526, .F. ) ;
#5648 = PLANE ( 'NONE',  #3887 ) ;
#5649 = EDGE_CURVE ( 'NONE', #398, #5238, #6430, .T. ) ;
#5650 = VERTEX_POINT ( 'NONE', #5524 ) ;
#5651 = CARTESIAN_POINT ( 'NONE',  ( -3.000000000000008900, 4.944146853836610200, 0.8399999999999893100 ) ) ;
#5652 = CARTESIAN_POINT ( 'NONE',  ( 2.490000000000003300, 0.2999999999999999300, -0.8899999999999274000 ) ) ;
#5653 = TOROIDAL_SURFACE ( 'NONE', #2711, 0.6099999999999999900, 0.01000000000000000000 ) ;
#5654 = VECTOR ( 'NONE', #4181, 1000.000000000000000 ) ;
#5655 = VERTEX_POINT ( 'NONE', #4444 ) ;
#5656 = DIRECTION ( 'NONE',  ( 0.0000000000000000000, -1.000000000000000000, 0.0000000000000000000 ) ) ;
#5657 = VECTOR ( 'NONE', #4378, 1000.000000000000000 ) ;
#5658 =( NAMED_UNIT ( * ) SI_UNIT ( $, .STERADIAN. ) SOLID_ANGLE_UNIT ( ) );
#5659 = ORIENTED_EDGE ( 'NONE', *, *, #5628, .F. ) ;
#5660 = ORIENTED_EDGE ( 'NONE', *, *, #4164, .F. ) ;
#5661 = PLANE ( 'NONE',  #3850 ) ;
#5662 = LINE ( 'NONE', #5355, #1223 ) ;
#5663 = CARTESIAN_POINT ( 'NONE',  ( 2.654730819516359900, 1.074261572502622300, -2.210302975941897100 ) ) ;
#5664 = FACE_OUTER_BOUND ( 'NONE', #5188, .T. ) ;
#5665 = ORIENTED_EDGE ( 'NONE', *, *, #2049, .F. ) ;
#5666 = DIRECTION ( 'NONE',  ( -1.000000000000000000, 0.0000000000000000000, 5.265536208154871600E-015 ) ) ;
#5667 = CARTESIAN_POINT ( 'NONE',  ( 1.984999999999999900, 1.100000000000000100, 7.005293912351610100E-015 ) ) ;
#5668 = CARTESIAN_POINT ( 'NONE',  ( 2.750000000000064400, 0.3000000000000000400, -2.159999999999909500 ) ) ;
#5669 = EDGE_CURVE ( 'NONE', #2943, #6211, #5366, .T. ) ;
#5670 = ORIENTED_EDGE ( 'NONE', *, *, #4482, .T. ) ;
#5671 = CARTESIAN_POINT ( 'NONE',  ( -2.755675684515373400, 1.015484007411787200, 2.158544915649621900 ) ) ;
#5672 = ORIENTED_EDGE ( 'NONE', *, *, #1641, .F. ) ;
#5673 = LINE ( 'NONE', #3754, #6828 ) ;
#5674 = ORIENTED_EDGE ( 'NONE', *, *, #4051, .F. ) ;
#5675 = CARTESIAN_POINT ( 'NONE',  ( 2.565815600712991100, 1.100000000000000100, 2.140815600713008600 ) ) ;
#5676 = CARTESIAN_POINT ( 'NONE',  ( -2.800000000000014000, 0.3000000000000000400, -0.4299999999999822900 ) ) ;
#5677 = LINE ( 'NONE', #82, #5323 ) ;
#5678 = CARTESIAN_POINT ( 'NONE',  ( -2.616578946677961700E-014, 0.05000000000000000300, 1.904999999999909400 ) ) ;
#5679 = ORIENTED_EDGE ( 'NONE', *, *, #2474, .F. ) ;
#5680 = CARTESIAN_POINT ( 'NONE',  ( 2.524307266880516200, 1.271057531786608600, 2.347937740722602300 ) ) ;
#5681 = PLANE ( 'NONE',  #6966 ) ;
#5682 = CARTESIAN_POINT ( 'NONE',  ( 2.875000000000008400, 0.3000000000000000400, -2.449999999999990400 ) ) ;
#5683 = ADVANCED_FACE ( 'NONE', ( #3649 ), #3863, .F. ) ;
#5684 = CARTESIAN_POINT ( 'NONE',  ( -2.800000000000004700, 0.0000000000000000000, 1.699999999999908500 ) ) ;
#5685 = ORIENTED_EDGE ( 'NONE', *, *, #2109, .F. ) ;
#5686 = DIRECTION ( 'NONE',  ( 7.395515293930508900E-016, 0.0000000000000000000, 1.000000000000000000 ) ) ;
#5687 = CARTESIAN_POINT ( 'NONE',  ( 2.571878252661937500, 1.094184019693825300, -2.201737699402937000 ) ) ;
#5688 = ORIENTED_EDGE ( 'NONE', *, *, #5056, .F. ) ;
#5689 = CARTESIAN_POINT ( 'NONE',  ( -2.749999999999981800, 0.0000000000000000000, 2.159999999999908200 ) ) ;
#5690 =( LENGTH_UNIT ( ) NAMED_UNIT ( * ) SI_UNIT ( .MILLI., .METRE. ) );
#5691 = EDGE_CURVE ( 'NONE', #1083, #1192, #3123, .T. ) ;
#5692 = AXIS2_PLACEMENT_3D ( 'NONE', #4632, #1345, #2484 ) ;
#5693 = ORIENTED_EDGE ( 'NONE', *, *, #5551, .T. ) ;
#5694 = CARTESIAN_POINT ( 'NONE',  ( -2.682178367945923000, 1.072695804772115300, 2.158838262301841800 ) ) ;
#5695 = ORIENTED_EDGE ( 'NONE', *, *, #1330, .F. ) ;
#5696 = EDGE_CURVE ( 'NONE', #6270, #7156, #218, .T. ) ;
#5697 = EDGE_CURVE ( 'NONE', #2735, #5909, #1526, .T. ) ;
#5698 = CARTESIAN_POINT ( 'NONE',  ( -2.875000000000007100, 0.3000000000000000400, 2.109999999999907900 ) ) ;
#5699 = DIRECTION ( 'NONE',  ( 0.0000000000000000000, -1.000000000000000000, 0.0000000000000000000 ) ) ;
#5700 = VECTOR ( 'NONE', #2923, 1000.000000000000000 ) ;
#5701 = CARTESIAN_POINT ( 'NONE',  ( 2.692347414161993000, 0.9439359774640581100, -2.344401616987341200 ) ) ;
#5702 = CARTESIAN_POINT ( 'NONE',  ( 2.724000579525567700, 0.5538830474904877800, -2.423315816446583800 ) ) ;
#5703 = PLANE ( 'NONE',  #2566 ) ;
#5704 = DIRECTION ( 'NONE',  ( -0.7071067811867689500, 0.0000000000000000000, -0.7071067811863260800 ) ) ;
#5705 = CARTESIAN_POINT ( 'NONE',  ( 2.875000000000008400, 0.05000000000000000300, -2.449999999999990400 ) ) ;
#5706 = CARTESIAN_POINT ( 'NONE',  ( 2.490000000000001500, 4.944146853836610200, -0.2499999999999913400 ) ) ;
#5707 = VECTOR ( 'NONE', #6442, 1000.000000000000000 ) ;
#5708 = ORIENTED_EDGE ( 'NONE', *, *, #1055, .F. ) ;
#5709 = DIRECTION ( 'NONE',  ( -0.0000000000000000000, -1.000000000000000000, 0.0000000000000000000 ) ) ;
#5710 = CARTESIAN_POINT ( 'NONE',  ( 2.250000000000008400, 4.944146853836610200, 1.904999999999940100 ) ) ;
#5711 = CARTESIAN_POINT ( 'NONE',  ( 2.575030863775495500, 1.094256829282859800, -2.201043423708116500 ) ) ;
#5712 = DIRECTION ( 'NONE',  ( -0.0000000000000000000, -1.000000000000000000, 0.0000000000000000000 ) ) ;
#5713 = VECTOR ( 'NONE', #2448, 1000.000000000000000 ) ;
#5714 = PLANE ( 'NONE',  #6676 ) ;
#5715 = ORIENTED_EDGE ( 'NONE', *, *, #6248, .T. ) ;
#5716 = ADVANCED_FACE ( 'NONE', ( #1713 ), #7326, .F. ) ;
#5717 = VECTOR ( 'NONE', #623, 1000.000000000000000 ) ;
#5718 = LINE ( 'NONE', #1886, #7066 ) ;
#5719 = CARTESIAN_POINT ( 'NONE',  ( -2.875000000000008400, 0.3000000000000000400, 2.449999999999990400 ) ) ;
#5720 = ORIENTED_EDGE ( 'NONE', *, *, #6073, .F. ) ;
#5721 = CARTESIAN_POINT ( 'NONE',  ( 2.700913867392556800, 0.8849511582121431000, -2.359725898066035400 ) ) ;
#5722 = CARTESIAN_POINT ( 'NONE',  ( 2.875000000000008900, 0.3000000000000000400, -2.449999999999990400 ) ) ;
#5723 = VERTEX_POINT ( 'NONE', #6195 ) ;
#5724 = CARTESIAN_POINT ( 'NONE',  ( 2.250000000000021300, 4.944146853836610200, -1.904999999999893900 ) ) ;
#5725 = VECTOR ( 'NONE', #5984, 1000.000000000000000 ) ;
#5726 = ORIENTED_EDGE ( 'NONE', *, *, #3211, .F. ) ;
#5727 = VERTEX_POINT ( 'NONE', #5557 ) ;
#5728 = DIRECTION ( 'NONE',  ( -2.908576945033690800E-015, 0.0000000000000000000, 1.000000000000000000 ) ) ;
#5729 = CARTESIAN_POINT ( 'NONE',  ( 1.375000000000000000, 1.070000000000000100, 4.800786840909308400E-015 ) ) ;
#5730 = MECHANICAL_DESIGN_GEOMETRIC_PRESENTATION_REPRESENTATION (  '', ( #6341 ), #5048 ) ;
#5731 = DIRECTION ( 'NONE',  ( -1.011419298254362300E-014, 0.0000000000000000000, -1.000000000000000000 ) ) ;
#5732 = ORIENTED_EDGE ( 'NONE', *, *, #4277, .T. ) ;
#5734 = ORIENTED_EDGE ( 'NONE', *, *, #3762, .F. ) ;
#5733 = LINE ( 'NONE', #3573, #2680 ) ;
#5735 = EDGE_CURVE ( 'NONE', #3612, #4255, #4204, .T. ) ;
#5736 = EDGE_LOOP ( 'NONE', ( #3160, #3864, #4995, #1699 ) ) ;
#5737 = LINE ( 'NONE', #2981, #2904 ) ;
#5738 = CARTESIAN_POINT ( 'NONE',  ( 2.800000000000036700, 0.0000000000000000000, 0.8399999999999816500 ) ) ;
#5739 = CARTESIAN_POINT ( 'NONE',  ( 2.583838249510864900, 1.072695803522093700, -2.257178367888271100 ) ) ;
#5740 = DIRECTION ( 'NONE',  ( -1.000000000000000000, 0.0000000000000000000, -6.687560834572015700E-014 ) ) ;
#5741 = VERTEX_POINT ( 'NONE', #4492 ) ;
#5742 = CARTESIAN_POINT ( 'NONE',  ( -2.774533543832313800, 0.9906556768458135700, -2.158839457273969300 ) ) ;
#5743 = EDGE_CURVE ( 'NONE', #6971, #2214, #2665, .T. ) ;
#5744 = EDGE_CURVE ( 'NONE', #7045, #5300, #1519, .T. ) ;
#5745 = EDGE_LOOP ( 'NONE', ( #6582, #6700, #965, #2398 ) ) ;
#5747 = VERTEX_POINT ( 'NONE', #437 ) ;
#5746 = FACE_OUTER_BOUND ( 'NONE', #6328, .T. ) ;
#5748 = VECTOR ( 'NONE', #1415, 1000.000000000000100 ) ;
#5749 = ORIENTED_EDGE ( 'NONE', *, *, #6888, .F. ) ;
#5750 = LINE ( 'NONE', #6163, #1736 ) ;
#5751 = CARTESIAN_POINT ( 'NONE',  ( 1.375000000000000000, 1.100000000000000100, 4.800786840909308400E-015 ) ) ;
#5752 = VERTEX_POINT ( 'NONE', #2723 ) ;
#5754 = VERTEX_POINT ( 'NONE', #1540 ) ;
#5753 = LINE ( 'NONE', #312, #6906 ) ;
#5755 = LINE ( 'NONE', #1063, #6278 ) ;
#5756 = VERTEX_POINT ( 'NONE', #6095 ) ;
#5757 = CARTESIAN_POINT ( 'NONE',  ( 2.805576344958105000, 0.9107342042665190800, -2.207132624744189400 ) ) ;
#5758 = LINE ( 'NONE', #3175, #3425 ) ;
#5759 = CARTESIAN_POINT ( 'NONE',  ( 2.790916611787467100, 1.099999999999999900, -2.365916611787449100 ) ) ;
#5760 = EDGE_CURVE ( 'NONE', #4285, #385, #2322, .T. ) ;
#5761 = DIRECTION ( 'NONE',  ( 0.0000000000000000000, -1.000000000000000000, 0.0000000000000000000 ) ) ;
#5762 = CARTESIAN_POINT ( 'NONE',  ( -2.390000000000007200, 4.944146853836610200, 0.3799999999999915700 ) ) ;
#5763 = VERTEX_POINT ( 'NONE', #3252 ) ;
#5764 = CARTESIAN_POINT ( 'NONE',  ( -3.000000000000004900, 0.0000000000000000000, 1.699999999999906900 ) ) ;
#5765 = DIRECTION ( 'NONE',  ( -1.000000000000000000, 0.0000000000000000000, -3.220430795721757200E-015 ) ) ;
#5766 = EDGE_LOOP ( 'NONE', ( #4375, #1313, #5438, #6072, #6639, #4243, #3035, #190, #6372, #3312, #4667, #3294 ) ) ;
#5767 = VECTOR ( 'NONE', #5616, 1000.000000000000000 ) ;
#5768 = ORIENTED_EDGE ( 'NONE', *, *, #1361, .T. ) ;
#5769 = ADVANCED_FACE ( 'NONE', ( #2143 ), #7284, .F. ) ;
#5770 = PLANE ( 'NONE',  #3059 ) ;
#5771 = CARTESIAN_POINT ( 'NONE',  ( 2.704001161731877500, 1.057728553685075300, -2.177667125177129600 ) ) ;
#5772 = ORIENTED_EDGE ( 'NONE', *, *, #5979, .T. ) ;
#5773 = CARTESIAN_POINT ( 'NONE',  ( -2.572245843323329500, 1.090326956584015200, 2.216153803420260800 ) ) ;
#5774 = ORIENTED_EDGE ( 'NONE', *, *, #279, .T. ) ;
#5775 = VECTOR ( 'NONE', #2776, 1000.000000000000000 ) ;
#5776 = CARTESIAN_POINT ( 'NONE',  ( 2.750000000000064400, 0.0000000000000000000, -2.159999999999909500 ) ) ;
#5777 = VERTEX_POINT ( 'NONE', #1717 ) ;
#5778 = CARTESIAN_POINT ( 'NONE',  ( -2.565815600713005700, 1.100000000000000100, 2.140815600712990400 ) ) ;
#5779 = LINE ( 'NONE', #2171, #1142 ) ;
#5780 = CARTESIAN_POINT ( 'NONE',  ( 2.726047558051710100, 0.8858387019321917200, -2.343036621828476800 ) ) ;
#5781 = ORIENTED_EDGE ( 'NONE', *, *, #3898, .T. ) ;
#5782 = PLANE ( 'NONE',  #6514 ) ;
#5783 = CARTESIAN_POINT ( 'NONE',  ( -0.7429999999999930000, 0.0000000000000000000, -2.109999999999900400 ) ) ;
#5784 = DIRECTION ( 'NONE',  ( -1.000000000000000000, 0.0000000000000000000, -7.968680068296319000E-014 ) ) ;
#5785 = ORIENTED_EDGE ( 'NONE', *, *, #3966, .T. ) ;
#5786 = EDGE_LOOP ( 'NONE', ( #4702, #6288, #1580, #319 ) ) ;
#5787 = DIRECTION ( 'NONE',  ( -0.0000000000000000000, -1.000000000000000000, 0.0000000000000000000 ) ) ;
#5788 = ADVANCED_FACE ( 'NONE', ( #6970 ), #1687, .T. ) ;
#5789 = DIRECTION ( 'NONE',  ( 1.000000000000000000, -0.0000000000000000000, -1.168734907595625700E-014 ) ) ;
#5790 = CARTESIAN_POINT ( 'NONE',  ( 2.565815600713005700, 1.100000000000000100, -2.140815600712990400 ) ) ;
#5791 = PRESENTATION_LAYER_ASSIGNMENT (  '', '', ( #3240 ) ) ;
#5792 = CARTESIAN_POINT ( 'NONE',  ( -2.580000909794736100, 1.038501140921157100, 2.305083012012524100 ) ) ;
#5793 = CARTESIAN_POINT ( 'NONE',  ( -0.6499999999999928100, 0.3000000000000000400, -2.109999999999900400 ) ) ;
#5794 = VECTOR ( 'NONE', #216, 1000.000000000000000 ) ;
#5795 = DIRECTION ( 'NONE',  ( -1.000000000000000000, 0.0000000000000000000, 9.518944730982916700E-015 ) ) ;
#5796 = ADVANCED_FACE ( 'NONE', ( #6680 ), #3397, .F. ) ;
#5797 = EDGE_CURVE ( 'NONE', #7039, #311, #380, .T. ) ;
#5798 = DIRECTION ( 'NONE',  ( -1.000000000000000000, 0.0000000000000000000, -3.220430795721757200E-015 ) ) ;
#5799 = CARTESIAN_POINT ( 'NONE',  ( 2.603971746946822700, 0.9379537651895680800, -2.375416761949546500 ) ) ;
#5800 = CARTESIAN_POINT ( 'NONE',  ( -2.800000000000014000, 0.3000000000000000400, -0.4299999999999822900 ) ) ;
#5801 = DIRECTION ( 'NONE',  ( -0.0000000000000000000, -1.000000000000000000, 0.0000000000000000000 ) ) ;
#5802 = COLOUR_RGB ( '',0.7921568627450980000, 0.8196078431372548800, 0.9333333333333333500 ) ;
#5803 = ORIENTED_EDGE ( 'NONE', *, *, #5120, .T. ) ;
#5804 = CARTESIAN_POINT ( 'NONE',  ( 2.874999999999993800, 0.05000000000000000300, 1.699999999999926700 ) ) ;
#5805 = ORIENTED_EDGE ( 'NONE', *, *, #5446, .F. ) ;
#5806 = DIRECTION ( 'NONE',  ( -0.0000000000000000000, -1.000000000000000000, 0.0000000000000000000 ) ) ;
#5807 = CARTESIAN_POINT ( 'NONE',  ( 2.586233664771049800, 0.9362677717270931900, 2.377258690362712200 ) ) ;
#5808 = CARTESIAN_POINT ( 'NONE',  ( -1.090000000000000100, 0.0000000000000000000, 0.2499999999999967500 ) ) ;
#5809 = LINE ( 'NONE', #6922, #4909 ) ;
#5810 = LINE ( 'NONE', #6015, #1438 ) ;
#5811 = CARTESIAN_POINT ( 'NONE',  ( 2.800000000000049600, 0.2999999999999999300, -0.4299999999999634700 ) ) ;
#5812 = ORIENTED_EDGE ( 'NONE', *, *, #2541, .T. ) ;
#5813 = CARTESIAN_POINT ( 'NONE',  ( -2.811990905077318600, 0.8994914930250133000, -2.386990905077336100 ) ) ;
#5814 = EDGE_CURVE ( 'NONE', #6560, #1601, #906, .T. ) ;
#5815 = VERTEX_POINT ( 'NONE', #4589 ) ;
#5816 = CARTESIAN_POINT ( 'NONE',  ( -2.750000000000003100, 0.05000000000000002400, 1.649999999999907800 ) ) ;
#5817 = CARTESIAN_POINT ( 'NONE',  ( 0.0000000000000000000, 0.3000000000000000400, 0.0000000000000000000 ) ) ;
#5818 = VECTOR ( 'NONE', #3224, 1000.000000000000000 ) ;
#5819 = VERTEX_POINT ( 'NONE', #28 ) ;
#5820 = DIRECTION ( 'NONE',  ( -7.395515293930508900E-016, 0.0000000000000000000, -1.000000000000000000 ) ) ;
#5821 = CARTESIAN_POINT ( 'NONE',  ( -2.599049290126526300, 0.9920075492363225100, 2.347156992320184300 ) ) ;
#5822 = AXIS2_PLACEMENT_3D ( 'NONE', #1870, #1238, #2944 ) ;
#5823 = ADVANCED_FACE ( 'NONE', ( #6782 ), #6874, .T. ) ;
#5824 = LINE ( 'NONE', #3978, #4022 ) ;
#5825 = ORIENTED_EDGE ( 'NONE', *, *, #1277, .F. ) ;
#5826 = ORIENTED_EDGE ( 'NONE', *, *, #2244, .T. ) ;
#5827 = CARTESIAN_POINT ( 'NONE',  ( 2.674718273331034200, 0.9966906513126543300, -2.317135419288172100 ) ) ;
#5828 = DIRECTION ( 'NONE',  ( -0.7071067811865442400, 0.0000000000000000000, 0.7071067811865509000 ) ) ;
#5829 = FACE_OUTER_BOUND ( 'NONE', #1061, .T. ) ;
#5830 = VERTEX_POINT ( 'NONE', #1203 ) ;
#5831 = CARTESIAN_POINT ( 'NONE',  ( -2.389999999999955300, 0.2999999999999999300, -0.8899999999999824700 ) ) ;
#5832 = DIRECTION ( 'NONE',  ( -0.0000000000000000000, -1.000000000000000000, 0.0000000000000000000 ) ) ;
#5833 = LINE ( 'NONE', #987, #145 ) ;
#5834 = PLANE ( 'NONE',  #3295 ) ;
#5835 = AXIS2_PLACEMENT_3D ( 'NONE', #2569, #3191, #3152 ) ;
#5836 = CARTESIAN_POINT ( 'NONE',  ( -2.389999999999953500, 0.3000000000000000400, -0.3799999999999846300 ) ) ;
#5837 = EDGE_CURVE ( 'NONE', #2682, #5316, #6877, .T. ) ;
#5838 = CARTESIAN_POINT ( 'NONE',  ( 2.874999999999992500, 0.3000000000000000400, 2.109999999999848900 ) ) ;
#5840 = ORIENTED_EDGE ( 'NONE', *, *, #730, .F. ) ;
#5839 = VECTOR ( 'NONE', #1306, 1000.000000000000100 ) ;
#5841 = VECTOR ( 'NONE', #600, 1000.000000000000000 ) ;
#5842 = ORIENTED_EDGE ( 'NONE', *, *, #3434, .F. ) ;
#5843 = CARTESIAN_POINT ( 'NONE',  ( -2.389999999999955300, 0.0000000000000000000, -0.8899999999999824700 ) ) ;
#5844 = FACE_OUTER_BOUND ( 'NONE', #3213, .T. ) ;
#5845 = DIRECTION ( 'NONE',  ( -1.000000000000000000, 0.0000000000000000000, -4.062114061203939100E-015 ) ) ;
#5846 = EDGE_CURVE ( 'NONE', #2401, #2578, #5271, .T. ) ;
#5847 = VERTEX_POINT ( 'NONE', #5122 ) ;
#5848 = EDGE_CURVE ( 'NONE', #6274, #1903, #4917, .T. ) ;
#5849 = ORIENTED_EDGE ( 'NONE', *, *, #7119, .T. ) ;
#5850 = VECTOR ( 'NONE', #92, 1000.000000000000000 ) ;
#5851 = VECTOR ( 'NONE', #6250, 1000.000000000000000 ) ;
#5852 = ORIENTED_EDGE ( 'NONE', *, *, #2982, .F. ) ;
#5853 = CARTESIAN_POINT ( 'NONE',  ( -2.621387451338507800, 0.9937831759780271200, 2.341839514595266600 ) ) ;
#5854 = DIRECTION ( 'NONE',  ( -4.767013306472753900E-015, 0.0000000000000000000, 1.000000000000000000 ) ) ;
#5855 = VERTEX_POINT ( 'NONE', #4566 ) ;
#5856 = DIRECTION ( 'NONE',  ( 0.0000000000000000000, -1.000000000000000000, 0.0000000000000000000 ) ) ;
#5857 = EDGE_LOOP ( 'NONE', ( #6125, #5339, #6776, #6857 ) ) ;
#5858 = ORIENTED_EDGE ( 'NONE', *, *, #4518, .F. ) ;
#5859 = FACE_OUTER_BOUND ( 'NONE', #2800, .T. ) ;
#5860 = EDGE_LOOP ( 'NONE', ( #6435, #5076, #6871, #3259, #2319, #1677, #3608, #2658, #6748, #983 ) ) ;
#5861 = EDGE_CURVE ( 'NONE', #2578, #1843, #6324, .T. ) ;
#5862 = DIRECTION ( 'NONE',  ( 3.491481338843133400E-015, -0.0000000000000000000, -1.000000000000000000 ) ) ;
#5863 = CARTESIAN_POINT ( 'NONE',  ( -0.9970000000000074400, 0.2999999999999999300, 2.449999999999998000 ) ) ;
#5864 = CARTESIAN_POINT ( 'NONE',  ( 2.835007263299477400, 0.6805054724904626700, 2.223690656381602800 ) ) ;
#5865 = CARTESIAN_POINT ( 'NONE',  ( -2.750000000000012400, 0.3000000000000000400, -0.8899999999999823600 ) ) ;
#5866 = FACE_OUTER_BOUND ( 'NONE', #3086, .T. ) ;
#5867 = DIRECTION ( 'NONE',  ( -3.472354638749229900E-015, 0.1045284632676537100, 0.9945218953682734000 ) ) ;
#5868 = DIRECTION ( 'NONE',  ( 1.000000000000000000, 0.0000000000000000000, 3.491481338843133400E-015 ) ) ;
#5869 = ADVANCED_FACE ( 'NONE', ( #3731 ), #2841, .T. ) ;
#5870 = ORIENTED_EDGE ( 'NONE', *, *, #5103, .F. ) ;
#5871 = DIRECTION ( 'NONE',  ( 4.767013306472753900E-015, 0.0000000000000000000, -1.000000000000000000 ) ) ;
#5872 = CARTESIAN_POINT ( 'NONE',  ( 2.565815600713005700, 1.100000000000000300, -2.140815600712990400 ) ) ;
#5873 = ORIENTED_EDGE ( 'NONE', *, *, #5649, .F. ) ;
#5874 = CARTESIAN_POINT ( 'NONE',  ( 2.250000000000021300, 0.3000000000000000400, -1.904999999999893900 ) ) ;
#5875 = CARTESIAN_POINT ( 'NONE',  ( -4.107834984925963100E-013, 0.05000000000000000300, 2.110000000000107800 ) ) ;
#5876 = EDGE_LOOP ( 'NONE', ( #4168, #6754, #595, #1265 ) ) ;
#5877 = VERTEX_POINT ( 'NONE', #5652 ) ;
#5878 = CARTESIAN_POINT ( 'NONE',  ( 2.800000000000036700, 0.3000000000000000400, 0.8399999999999816500 ) ) ;
#5879 = CARTESIAN_POINT ( 'NONE',  ( -2.659982328883181900, 0.8824655146958287900, 2.377008118257921700 ) ) ;
#5880 = DIRECTION ( 'NONE',  ( -0.1045284632676537100, -0.9945218953682734000, -3.649591788769628400E-016 ) ) ;
#5881 = CARTESIAN_POINT ( 'NONE',  ( -2.874999999999991100, 0.05000000000000000300, -2.450000000000010400 ) ) ;
#5882 = ORIENTED_EDGE ( 'NONE', *, *, #5318, .F. ) ;
#5883 = CARTESIAN_POINT ( 'NONE',  ( -2.800000000000006900, 0.2999999999999999300, 0.4299999999999900600 ) ) ;
#5884 = EDGE_CURVE ( 'NONE', #2069, #224, #3205, .T. ) ;
#5885 = DIRECTION ( 'NONE',  ( 0.0000000000000000000, 1.000000000000000000, 0.0000000000000000000 ) ) ;
#5886 = VECTOR ( 'NONE', #2979, 1000.000000000000000 ) ;
#5887 = DIRECTION ( 'NONE',  ( 1.000000000000000000, 0.0000000000000000000, 3.491481338843133400E-015 ) ) ;
#5888 = DIRECTION ( 'NONE',  ( -3.841223975128798700E-015, 0.0000000000000000000, 1.000000000000000000 ) ) ;
#5889 = EDGE_CURVE ( 'NONE', #3542, #4779, #4006, .T. ) ;
#5890 = DIRECTION ( 'NONE',  ( -6.687560834572015700E-014, 0.0000000000000000000, 1.000000000000000000 ) ) ;
#5891 = EDGE_CURVE ( 'NONE', #3554, #7063, #5358, .T. ) ;
#5892 = DIRECTION ( 'NONE',  ( 0.7071067811867125500, 0.0000000000000000000, -0.7071067811863825900 ) ) ;
#5893 = CARTESIAN_POINT ( 'NONE',  ( 2.750000000000039500, 0.05000000000000002400, -1.649999999999908700 ) ) ;
#5894 = VECTOR ( 'NONE', #5709, 1000.000000000000000 ) ;
#5895 = DIRECTION ( 'NONE',  ( 1.000000000000000000, 0.0000000000000000000, 3.491481338843133400E-015 ) ) ;
#5896 = PRODUCT_RELATED_PRODUCT_CATEGORY ( 'part', '', ( #7138 ) ) ;
#5897 = CARTESIAN_POINT ( 'NONE',  ( -2.642441707378672800, 0.9950589152386579700, 2.333290809077233100 ) ) ;
#5898 = LINE ( 'NONE', #3952, #5525 ) ;
#5899 = EDGE_CURVE ( 'NONE', #2126, #1655, #16, .T. ) ;
#5900 = ORIENTED_EDGE ( 'NONE', *, *, #1317, .F. ) ;
#5901 = ADVANCED_FACE ( 'NONE', ( #5624 ), #2816, .T. ) ;
#5902 = ORIENTED_EDGE ( 'NONE', *, *, #4714, .T. ) ;
#5903 = DIRECTION ( 'NONE',  ( 1.000000000000000000, 0.0000000000000000000, 3.491481338843133400E-015 ) ) ;
#5904 = DIRECTION ( 'NONE',  ( 1.000000000000000000, 0.0000000000000000000, 1.867031175364252400E-014 ) ) ;
#5905 = CARTESIAN_POINT ( 'NONE',  ( 0.0000000000000000000, 0.3000000000000000400, 0.0000000000000000000 ) ) ;
#5906 = VECTOR ( 'NONE', #2942, 1000.000000000000000 ) ;
#5907 = VECTOR ( 'NONE', #3486, 1000.000000000000000 ) ;
#5908 = ORIENTED_EDGE ( 'NONE', *, *, #1157, .T. ) ;
#5909 = VERTEX_POINT ( 'NONE', #1251 ) ;
#5910 = CARTESIAN_POINT ( 'NONE',  ( -2.389999999999998800, 0.05000000000000000300, -8.344640399835085200E-015 ) ) ;
#5911 = CARTESIAN_POINT ( 'NONE',  ( 2.750000000000038200, 0.3000000000000000400, 0.3799999999999814100 ) ) ;
#5912 = DIRECTION ( 'NONE',  ( 0.0000000000000000000, 0.0000000000000000000, 1.000000000000000000 ) ) ;
#5913 = CARTESIAN_POINT ( 'NONE',  ( 2.490000000000000200, 0.3000000000000000400, 0.2500000000000087700 ) ) ;
#5914 = EDGE_CURVE ( 'NONE', #1697, #2840, #2236, .T. ) ;
#5915 = ORIENTED_EDGE ( 'NONE', *, *, #4060, .F. ) ;
#5916 = ORIENTED_EDGE ( 'NONE', *, *, #5352, .T. ) ;
#5917 = VERTEX_POINT ( 'NONE', #5219 ) ;
#5918 = DIRECTION ( 'NONE',  ( 4.236931729094537300E-016, 0.0000000000000000000, 1.000000000000000000 ) ) ;
#5919 = DIRECTION ( 'NONE',  ( -1.000000000000000000, 0.0000000000000000000, -3.370341431302853500E-015 ) ) ;
#5920 = EDGE_LOOP ( 'NONE', ( #5580, #1280, #105, #5826 ) ) ;
#5921 = FACE_OUTER_BOUND ( 'NONE', #3409, .T. ) ;
#5922 = VERTEX_POINT ( 'NONE', #518 ) ;
#5923 = VECTOR ( 'NONE', #3970, 1000.000000000000000 ) ;
#5924 = CARTESIAN_POINT ( 'NONE',  ( -2.590648438241612200, 0.9069355791857962600, 2.386036165194301600 ) ) ;
#5925 = ORIENTED_EDGE ( 'NONE', *, *, #1970, .F. ) ;
#5927 = VERTEX_POINT ( 'NONE', #3495 ) ;
#5926 = CARTESIAN_POINT ( 'NONE',  ( -2.779006324459107000, 0.9147751289074408400, -2.272483964626869300 ) ) ;
#5928 = LINE ( 'NONE', #3426, #7256 ) ;
#5929 = LINE ( 'NONE', #7088, #1122 ) ;
#5930 = ORIENTED_EDGE ( 'NONE', *, *, #3041, .T. ) ;
#5931 = VECTOR ( 'NONE', #5421, 1000.000000000000000 ) ;
#5932 = EDGE_CURVE ( 'NONE', #1912, #5741, #2494, .T. ) ;
#5933 = DIRECTION ( 'NONE',  ( -0.0000000000000000000, -1.000000000000000000, 0.0000000000000000000 ) ) ;
#5935 = ORIENTED_EDGE ( 'NONE', *, *, #4659, .T. ) ;
#5934 = FACE_OUTER_BOUND ( 'NONE', #1430, .T. ) ;
#5936 = VECTOR ( 'NONE', #4486, 1000.000000000000000 ) ;
#5937 = ORIENTED_EDGE ( 'NONE', *, *, #5548, .T. ) ;
#5938 = AXIS2_PLACEMENT_3D ( 'NONE', #4360, #7181, #3193 ) ;
#5939 = LINE ( 'NONE', #992, #6459 ) ;
#5940 = DIRECTION ( 'NONE',  ( 3.370341431302853500E-015, 0.0000000000000000000, -1.000000000000000000 ) ) ;
#5941 = ADVANCED_FACE ( 'NONE', ( #4379 ), #2973, .T. ) ;
#5942 = ORIENTED_EDGE ( 'NONE', *, *, #1776, .T. ) ;
#5943 = EDGE_CURVE ( 'NONE', #6155, #6940, #3910, .T. ) ;
#5944 = PRESENTATION_LAYER_ASSIGNMENT (  '', '', ( #1836 ) ) ;
#5945 = VERTEX_POINT ( 'NONE', #6973 ) ;
#5946 = CARTESIAN_POINT ( 'NONE',  ( 0.0000000000000000000, 0.05000000000000000300, 0.0000000000000000000 ) ) ;
#5947 = LINE ( 'NONE', #1385, #4423 ) ;
#5948 = LINE ( 'NONE', #5710, #5387 ) ;
#5949 = VERTEX_POINT ( 'NONE', #6950 ) ;
#5950 = EDGE_CURVE ( 'NONE', #2682, #5393, #1082, .T. ) ;
#5951 = EDGE_CURVE ( 'NONE', #7017, #4737, #1971, .T. ) ;
#5952 = CARTESIAN_POINT ( 'NONE',  ( -2.800000000000013600, 4.944146853836610200, -0.8399999999999819800 ) ) ;
#5953 = ORIENTED_EDGE ( 'NONE', *, *, #2798, .F. ) ;
#5954 = VECTOR ( 'NONE', #1726, 1000.000000000000000 ) ;
#5955 = VECTOR ( 'NONE', #6812, 1000.000000000000000 ) ;
#5956 = CARTESIAN_POINT ( 'NONE',  ( -2.587027748204752800, 0.9045974181296118100, -2.386454250723895500 ) ) ;
#5957 = ORIENTED_EDGE ( 'NONE', *, *, #5537, .F. ) ;
#5958 = CARTESIAN_POINT ( 'NONE',  ( -2.786688985852413300, 0.9418288295460983700, -2.229685100836574100 ) ) ;
#5959 = VECTOR ( 'NONE', #4391, 1000.000000000000100 ) ;
#5960 = B_SPLINE_CURVE_WITH_KNOTS ( 'NONE', 3,
 ( #3181, #905, #6616, #7193 ),
 .UNSPECIFIED., .F., .F.,
 ( 4, 4 ),
 ( -0.002503912117704342900, -0.001897828461488615800 ),
 .UNSPECIFIED. ) ;
#5961 = CARTESIAN_POINT ( 'NONE',  ( 2.489999999999991300, 0.3000000000000000400, 0.3799999999999428800 ) ) ;
#5962 = DIRECTION ( 'NONE',  ( -7.199956750943201700E-015, 0.0000000000000000000, -1.000000000000000000 ) ) ;
#5963 = VERTEX_POINT ( 'NONE', #652 ) ;
#5964 = DIRECTION ( 'NONE',  ( -1.000000000000000000, 0.0000000000000000000, -3.491481338843133000E-015 ) ) ;
#5965 = CARTESIAN_POINT ( 'NONE',  ( 2.489999999999991300, 4.944146853836610200, 0.3799999999999428800 ) ) ;
#5966 = DIRECTION ( 'NONE',  ( -3.491481338843133400E-015, 0.0000000000000000000, 1.000000000000000000 ) ) ;
#5967 = DIRECTION ( 'NONE',  ( -0.7071067811866681400, 0.0000000000000000000, -0.7071067811864268900 ) ) ;
#5968 = ORIENTED_EDGE ( 'NONE', *, *, #6063, .T. ) ;
#5969 = DIRECTION ( 'NONE',  ( -8.695651766773109700E-015, 0.0000000000000000000, 1.000000000000000000 ) ) ;
#5970 = ADVANCED_FACE ( 'NONE', ( #4569 ), #5242, .T. ) ;
#5971 = CARTESIAN_POINT ( 'NONE',  ( -2.772156992326189100, 0.9920075492370857800, -2.174049290132152200 ) ) ;
#5972 = LINE ( 'NONE', #91, #7309 ) ;
#5973 = AXIS2_PLACEMENT_3D ( 'NONE', #5676, #4540, #6869 ) ;
#5974 = EDGE_CURVE ( 'NONE', #5830, #2373, #4110, .T. ) ;
#5975 = CARTESIAN_POINT ( 'NONE',  ( -0.6500000000000054600, 0.0000000000000000000, 1.904999999999900600 ) ) ;
#5976 = FACE_OUTER_BOUND ( 'NONE', #1891, .T. ) ;
#5977 = CARTESIAN_POINT ( 'NONE',  ( -2.538084664280363200, 1.139974351693964200, 2.361715138122415100 ) ) ;
#5978 = ORIENTED_EDGE ( 'NONE', *, *, #395, .F. ) ;
#5979 = EDGE_CURVE ( 'NONE', #6360, #6262, #1704, .T. ) ;
#5980 = CARTESIAN_POINT ( 'NONE',  ( 2.875000000000008400, 0.3000000000000000400, -2.449999999999990400 ) ) ;
#5981 = ORIENTED_EDGE ( 'NONE', *, *, #5446, .T. ) ;
#5982 = EDGE_CURVE ( 'NONE', #5370, #5922, #989, .T. ) ;
#5983 = CARTESIAN_POINT ( 'NONE',  ( -2.760721846182619300, 1.006759644806170900, 2.157637249184015000 ) ) ;
#5984 = DIRECTION ( 'NONE',  ( 0.0000000000000000000, -1.000000000000000000, 0.0000000000000000000 ) ) ;
#5985 = VECTOR ( 'NONE', #2364, 1000.000000000000000 ) ;
#5986 = TOROIDAL_SURFACE ( 'NONE', #7062, 0.5899999999999999700, 0.01000000000000000000 ) ;
#5987 = VERTEX_POINT ( 'NONE', #678 ) ;
#5988 = ORIENTED_EDGE ( 'NONE', *, *, #1626, .F. ) ;
#5989 = EDGE_CURVE ( 'NONE', #2831, #2840, #4752, .T. ) ;
#5990 = ORIENTED_EDGE ( 'NONE', *, *, #4558, .F. ) ;
#5991 = VECTOR ( 'NONE', #792, 1000.000000000000000 ) ;
#5992 = EDGE_LOOP ( 'NONE', ( #3739, #5003, #426, #6808 ) ) ;
#5993 = CARTESIAN_POINT ( 'NONE',  ( -2.586891734490384100, 0.9909316085066615100, -2.349096924317763100 ) ) ;
#5994 = CARTESIAN_POINT ( 'NONE',  ( 2.774425092825442400, 0.9908156901948976800, 2.160333628570357600 ) ) ;
#5995 = VERTEX_POINT ( 'NONE', #4750 ) ;
#5996 = CARTESIAN_POINT ( 'NONE',  ( -2.800000000000009100, 4.944146853836610200, 0.8399999999999627800 ) ) ;
#5997 = VERTEX_POINT ( 'NONE', #1916 ) ;
#5998 = FACE_OUTER_BOUND ( 'NONE', #4952, .T. ) ;
#5999 = ORIENTED_EDGE ( 'NONE', *, *, #1465, .T. ) ;
#6000 = DIRECTION ( 'NONE',  ( 1.000000000000000000, 0.0000000000000000000, 3.220430795721757200E-015 ) ) ;
#6001 = EDGE_LOOP ( 'NONE', ( #6978, #5781, #1002, #2998 ) ) ;
#6002 = SURFACE_SIDE_STYLE ('',( #355 ) ) ;
#6003 = CARTESIAN_POINT ( 'NONE',  ( -2.524307266880532600, 1.271057531786608900, 2.347937740722584500 ) ) ;
#6004 = ADVANCED_FACE ( 'NONE', ( #639 ), #661, .F. ) ;
#6005 = CARTESIAN_POINT ( 'NONE',  ( -2.803412428285004100, 0.9335502146964275200, 2.161313168728752600 ) ) ;
#6006 = VECTOR ( 'NONE', #3015, 1000.000000000000000 ) ;
#6007 = CARTESIAN_POINT ( 'NONE',  ( -2.390000000000010800, 0.3000000000000000400, 0.8899999999999640400 ) ) ;
#6008 = ORIENTED_EDGE ( 'NONE', *, *, #1077, .T. ) ;
#6009 = CARTESIAN_POINT ( 'NONE',  ( -2.800000000000017600, 0.3000000000000000400, -1.699999999999927600 ) ) ;
#6010 = FACE_OUTER_BOUND ( 'NONE', #1092, .T. ) ;
#6011 = VECTOR ( 'NONE', #7105, 1000.000000000000000 ) ;
#6012 = VERTEX_POINT ( 'NONE', #3555 ) ;
#6013 = FACE_OUTER_BOUND ( 'NONE', #3829, .T. ) ;
#6014 = PLANE ( 'NONE',  #1256 ) ;
#6015 = CARTESIAN_POINT ( 'NONE',  ( 2.875000000000007100, 0.3000000000000000400, -2.109999999999908400 ) ) ;
#6016 = CARTESIAN_POINT ( 'NONE',  ( -2.389999999999955300, 0.3000000000000000400, -0.8899999999999824700 ) ) ;
#6017 = CARTESIAN_POINT ( 'NONE',  ( -2.651655354387864300, 1.059342892322835800, -2.250256969556286600 ) ) ;
#6018 = CARTESIAN_POINT ( 'NONE',  ( 2.772156992325533600, 0.9920075492369206900, 2.174049290125879000 ) ) ;
#6019 = EDGE_CURVE ( 'NONE', #5526, #3686, #5163, .T. ) ;
#6020 = ORIENTED_EDGE ( 'NONE', *, *, #1491, .F. ) ;
#6021 = FACE_OUTER_BOUND ( 'NONE', #4111, .T. ) ;
#6022 = ORIENTED_EDGE ( 'NONE', *, *, #6127, .T. ) ;
#6023 = ORIENTED_EDGE ( 'NONE', *, *, #1495, .F. ) ;
#6024 = CARTESIAN_POINT ( 'NONE',  ( 2.750000000000039500, 0.3000000000000000400, -1.649999999999908700 ) ) ;
#6025 = ORIENTED_EDGE ( 'NONE', *, *, #3381, .F. ) ;
#6026 = ORIENTED_EDGE ( 'NONE', *, *, #7003, .F. ) ;
#6027 = LINE ( 'NONE', #334, #3865 ) ;
#6028 = VERTEX_POINT ( 'NONE', #188 ) ;
#6029 = AXIS2_PLACEMENT_3D ( 'NONE', #6178, #2709, #5031 ) ;
#6030 = DIRECTION ( 'NONE',  ( -7.395515293930508900E-016, 0.0000000000000000000, -1.000000000000000000 ) ) ;
#6031 = SURFACE_SIDE_STYLE ('',( #2502 ) ) ;
#6032 = VECTOR ( 'NONE', #1126, 1000.000000000000000 ) ;
#6033 = EDGE_CURVE ( 'NONE', #5479, #171, #1367, .T. ) ;
#6034 = EDGE_LOOP ( 'NONE', ( #3244, #5177, #10, #6964 ) ) ;
#6035 = CARTESIAN_POINT ( 'NONE',  ( 2.489999999999995800, 0.0000000000000000000, 1.649999999999926200 ) ) ;
#6036 = VERTEX_POINT ( 'NONE', #2935 ) ;
#6037 = CARTESIAN_POINT ( 'NONE',  ( -2.800000000000017600, 4.944146853836610200, -2.109999999999927500 ) ) ;
#6038 = ADVANCED_FACE ( 'NONE', ( #1888 ), #99, .T. ) ;
#6039 = CARTESIAN_POINT ( 'NONE',  ( -2.704000886269538400, 1.057728455366579100, -2.177667101266033400 ) ) ;
#6040 = CARTESIAN_POINT ( 'NONE',  ( 2.697483728713062400, 0.9147751259830498900, 2.354006530092510400 ) ) ;
#6041 = VERTEX_POINT ( 'NONE', #4170 ) ;
#6042 = VERTEX_POINT ( 'NONE', #1248 ) ;
#6043 = EDGE_CURVE ( 'NONE', #997, #398, #3020, .T. ) ;
#6044 = DIRECTION ( 'NONE',  ( 3.491481338843133400E-015, -0.0000000000000000000, -1.000000000000000000 ) ) ;
#6045 = CARTESIAN_POINT ( 'NONE',  ( -2.999999999999983100, 4.944146853836610200, -0.4299999999999799500 ) ) ;
#6046 = CARTESIAN_POINT ( 'NONE',  ( 2.580268506245600300, 1.056357375895773600, 2.285013233457068500 ) ) ;
#6047 = EDGE_LOOP ( 'NONE', ( #6817, #2473, #5436, #5407 ) ) ;
#6048 = DIRECTION ( 'NONE',  ( -1.000000000000000000, 0.0000000000000000000, -8.154716489318411500E-015 ) ) ;
#6049 = DIRECTION ( 'NONE',  ( 0.7071067811871001300, 0.0000000000000000000, 0.7071067811859949000 ) ) ;
#6050 =( NAMED_UNIT ( * ) PLANE_ANGLE_UNIT ( ) SI_UNIT ( $, .RADIAN. ) );
#6051 = LINE ( 'NONE', #7036, #7048 ) ;
#6052 =( LENGTH_UNIT ( ) NAMED_UNIT ( * ) SI_UNIT ( .MILLI., .METRE. ) );
#6053 = VERTEX_POINT ( 'NONE', #5326 ) ;
#6054 = CARTESIAN_POINT ( 'NONE',  ( 2.800000000000065500, 0.3000000000000000400, -2.109999999999908400 ) ) ;
#6055 = VECTOR ( 'NONE', #782, 1000.000000000000000 ) ;
#6056 = DIRECTION ( 'NONE',  ( -1.000000000000000000, 0.0000000000000000000, 1.877011598306432700E-013 ) ) ;
#6057 = CARTESIAN_POINT ( 'NONE',  ( -2.749999999999981800, 0.2999999999999999300, 2.159999999999908200 ) ) ;
#6058 = CARTESIAN_POINT ( 'NONE',  ( -2.615595327721583100, 1.017943610348291900, -2.323192411634067000 ) ) ;
#6059 = CARTESIAN_POINT ( 'NONE',  ( 2.755350376141249200, 1.015578268585495300, 2.159928773695321400 ) ) ;
#6060 = CARTESIAN_POINT ( 'NONE',  ( -1.089999999999993000, 0.2999999999999999300, -2.109999999999902200 ) ) ;
#6061 = FACE_OUTER_BOUND ( 'NONE', #5876, .T. ) ;
#6062 = EDGE_LOOP ( 'NONE', ( #2507, #2861, #4539, #1295 ) ) ;
#6063 = EDGE_CURVE ( 'NONE', #5126, #171, #821, .T. ) ;
#6064 = DIRECTION ( 'NONE',  ( 1.000000000000000000, 0.0000000000000000000, 7.968680068296320200E-014 ) ) ;
#6065 = CARTESIAN_POINT ( 'NONE',  ( 2.638229348838443800, 1.059090530519465600, 2.260426541471355100 ) ) ;
#6066 = DIRECTION ( 'NONE',  ( 0.7071067811863873700, 0.0000000000000000000, -0.7071067811867076700 ) ) ;
#6067 = EDGE_CURVE ( 'NONE', #5847, #1044, #2844, .T. ) ;
#6068 = DIRECTION ( 'NONE',  ( -1.000000000000000000, 0.0000000000000000000, -3.491481338843133400E-015 ) ) ;
#6069 = ADVANCED_FACE ( 'NONE', ( #902 ), #207, .F. ) ;
#6070 = VECTOR ( 'NONE', #2233, 1000.000000000000000 ) ;
#6071 = VECTOR ( 'NONE', #189, 1000.000000000000000 ) ;
#6072 = ORIENTED_EDGE ( 'NONE', *, *, #2752, .T. ) ;
#6073 = EDGE_CURVE ( 'NONE', #3845, #3686, #4657, .T. ) ;
#6074 = DIRECTION ( 'NONE',  ( 0.7071067811863873700, 0.0000000000000000000, -0.7071067811867076700 ) ) ;
#6075 = ORIENTED_EDGE ( 'NONE', *, *, #1641, .T. ) ;
#6076 = DIRECTION ( 'NONE',  ( -1.000000000000000000, 0.0000000000000000000, 1.168734907595625700E-014 ) ) ;
#6077 = VECTOR ( 'NONE', #3786, 1000.000000000000000 ) ;
#6078 = ORIENTED_EDGE ( 'NONE', *, *, #1586, .T. ) ;
#6079 = CARTESIAN_POINT ( 'NONE',  ( -2.748192020582949500, 1.017943471250289900, -2.190595289109105600 ) ) ;
#6080 = CARTESIAN_POINT ( 'NONE',  ( 2.753736155174205000, 0.9446650052750968900, 2.290165118539651900 ) ) ;
#6082 = ORIENTED_EDGE ( 'NONE', *, *, #1277, .T. ) ;
#6081 = VECTOR ( 'NONE', #6961, 999.9999999999998900 ) ;
#6083 = ORIENTED_EDGE ( 'NONE', *, *, #1627, .F. ) ;
#6084 = LINE ( 'NONE', #3349, #4129 ) ;
#6085 = ORIENTED_EDGE ( 'NONE', *, *, #876, .F. ) ;
#6086 = ORIENTED_EDGE ( 'NONE', *, *, #4715, .T. ) ;
#6087 = PLANE ( 'NONE',  #3226 ) ;
#6088 = CARTESIAN_POINT ( 'NONE',  ( 2.606781611693276700, 1.073619306321832200, 2.248172393109013200 ) ) ;
#6089 = FACE_OUTER_BOUND ( 'NONE', #6668, .T. ) ;
#6090 = FACE_OUTER_BOUND ( 'NONE', #6556, .T. ) ;
#6091 = ORIENTED_EDGE ( 'NONE', *, *, #1918, .F. ) ;
#6092 = VECTOR ( 'NONE', #1087, 1000.000000000000000 ) ;
#6093 = DIRECTION ( 'NONE',  ( -0.0000000000000000000, -1.000000000000000000, 0.0000000000000000000 ) ) ;
#6094 = CARTESIAN_POINT ( 'NONE',  ( -2.390000000000004600, 0.3000000000000000400, 1.649999999999909300 ) ) ;
#6095 = CARTESIAN_POINT ( 'NONE',  ( 2.250000000000007500, 0.3000000000000000400, 2.159999999999925500 ) ) ;
#6096 = VECTOR ( 'NONE', #1609, 1000.000000000000000 ) ;
#6097 = LINE ( 'NONE', #1948, #1638 ) ;
#6098 = ORIENTED_EDGE ( 'NONE', *, *, #4320, .T. ) ;
#6099 = VECTOR ( 'NONE', #7261, 1000.000000000000000 ) ;
#6100 = DIRECTION ( 'NONE',  ( -1.000000000000000000, 0.0000000000000000000, -8.154716489318411500E-015 ) ) ;
#6101 = ORIENTED_EDGE ( 'NONE', *, *, #6499, .T. ) ;
#6102 = CARTESIAN_POINT ( 'NONE',  ( 2.800000000000036700, 0.3000000000000000400, 0.8399999999999816500 ) ) ;
#6103 = CARTESIAN_POINT ( 'NONE',  ( -3.000000000000004900, 4.944146853836610200, 1.699999999999906900 ) ) ;
#6104 = VECTOR ( 'NONE', #2371, 1000.000000000000000 ) ;
#6105 = ORIENTED_EDGE ( 'NONE', *, *, #4978, .F. ) ;
#6106 = AXIS2_PLACEMENT_3D ( 'NONE', #3290, #1660, #5041 ) ;
#6107 = DIRECTION ( 'NONE',  ( 0.0000000000000000000, -1.000000000000000000, 0.0000000000000000000 ) ) ;
#6108 = ADVANCED_FACE ( 'NONE', ( #1798 ), #7029, .T. ) ;
#6109 = CARTESIAN_POINT ( 'NONE',  ( -2.580268506246267400, 1.056357375895611700, -2.285013233455791800 ) ) ;
#6110 = CARTESIAN_POINT ( 'NONE',  ( -2.875000000000006200, 0.3000000000000000400, 1.699999999999907800 ) ) ;
#6111 = EDGE_CURVE ( 'NONE', #3040, #4042, #2836, .T. ) ;
#6112 = ORIENTED_EDGE ( 'NONE', *, *, #4270, .F. ) ;
#6113 = LINE ( 'NONE', #1731, #4622 ) ;
#6114 = EDGE_CURVE ( 'NONE', #6174, #3612, #5809, .T. ) ;
#6115 = VERTEX_POINT ( 'NONE', #2996 ) ;
#6116 = EDGE_CURVE ( 'NONE', #7208, #5815, #2574, .T. ) ;
#6117 = DIRECTION ( 'NONE',  ( 0.0000000000000000000, -1.000000000000000000, 0.0000000000000000000 ) ) ;
#6118 = CARTESIAN_POINT ( 'NONE',  ( 2.683565458973820500, 1.072362714127418100, 2.152578472738258900 ) ) ;
#6119 = ORIENTED_EDGE ( 'NONE', *, *, #1317, .T. ) ;
#6120 = CARTESIAN_POINT ( 'NONE',  ( 1.184999999999828200, 0.05000000000000000300, 1.185000000000010000 ) ) ;
#6121 = VECTOR ( 'NONE', #5890, 1000.000000000000000 ) ;
#6122 = DIRECTION ( 'NONE',  ( 1.000000000000000000, -0.0000000000000000000, 3.370341431302853500E-015 ) ) ;
#6123 = CARTESIAN_POINT ( 'NONE',  ( -2.814446074555074800, 0.8761321158169127500, 2.162286107418065900 ) ) ;
#6124 = ORIENTED_EDGE ( 'NONE', *, *, #2563, .F. ) ;
#6125 = ORIENTED_EDGE ( 'NONE', *, *, #2481, .T. ) ;
#6126 = ORIENTED_EDGE ( 'NONE', *, *, #6585, .F. ) ;
#6127 = EDGE_CURVE ( 'NONE', #5847, #1581, #2046, .T. ) ;
#6128 = ORIENTED_EDGE ( 'NONE', *, *, #5548, .F. ) ;
#6129 = CARTESIAN_POINT ( 'NONE',  ( 2.490000000000000200, 0.05000000000000000300, 1.011466401239780900E-014 ) ) ;
#6130 = VERTEX_POINT ( 'NONE', #1332 ) ;
#6131 = EDGE_LOOP ( 'NONE', ( #3847, #2524, #823, #7189 ) ) ;
#6132 = DIRECTION ( 'NONE',  ( 1.000000000000000000, 0.0000000000000000000, 4.767013306472753900E-015 ) ) ;
#6133 = CARTESIAN_POINT ( 'NONE',  ( 2.874999999999998700, 0.05000000000000000300, 0.4299999999999820600 ) ) ;
#6134 = CYLINDRICAL_SURFACE ( 'NONE', #1168, 0.5999999999999999800 ) ;
#6135 = ORIENTED_EDGE ( 'NONE', *, *, #7119, .F. ) ;
#6136 = EDGE_CURVE ( 'NONE', #3923, #4341, #4289, .T. ) ;
#6137 = DIRECTION ( 'NONE',  ( 1.000000000000000000, 0.0000000000000000000, 3.491481338843133400E-015 ) ) ;
#6138 = CARTESIAN_POINT ( 'NONE',  ( 2.708330161253725600, 1.056877882530685000, 2.163118692273128000 ) ) ;
#6139 = VECTOR ( 'NONE', #2744, 1000.000000000000000 ) ;
#6140 = PLANE ( 'NONE',  #6389 ) ;
#6141 = DIRECTION ( 'NONE',  ( 0.0000000000000000000, -1.000000000000000000, 0.0000000000000000000 ) ) ;
#6142 = ADVANCED_FACE ( 'NONE', ( #1882 ), #5130, .T. ) ;
#6143 = CARTESIAN_POINT ( 'NONE',  ( 2.729161479766001100, 1.039276679520670900, 2.154920160734721300 ) ) ;
#6144 = DIRECTION ( 'NONE',  ( 3.472354638749229900E-015, 0.1045284632676537100, -0.9945218953682734000 ) ) ;
#6145 = DIRECTION ( 'NONE',  ( 1.000000000000000000, 0.0000000000000000000, 2.949380252600381100E-015 ) ) ;
#6146 = LINE ( 'NONE', #6129, #6672 ) ;
#6147 = EDGE_LOOP ( 'NONE', ( #1995, #1867, #1372, #4563 ) ) ;
#6148 = VERTEX_POINT ( 'NONE', #131 ) ;
#6149 = DIRECTION ( 'NONE',  ( -0.0000000000000000000, -1.000000000000000000, 0.0000000000000000000 ) ) ;
#6150 = DIRECTION ( 'NONE',  ( -3.491481338843133400E-015, 0.0000000000000000000, 1.000000000000000000 ) ) ;
#6151 = CARTESIAN_POINT ( 'NONE',  ( 2.800000000000028200, 4.944146853836610200, 2.109999999999849800 ) ) ;
#6152 = LINE ( 'NONE', #5153, #9 ) ;
#6153 = LINE ( 'NONE', #2586, #1606 ) ;
#6154 = CARTESIAN_POINT ( 'NONE',  ( -2.750000000000003100, 0.2999999999999999300, 1.649999999999907800 ) ) ;
#6155 = VERTEX_POINT ( 'NONE', #1274 ) ;
#6156 = EDGE_LOOP ( 'NONE', ( #7247, #4479, #6650, #5621 ) ) ;
#6157 = CARTESIAN_POINT ( 'NONE',  ( -2.611670101833140300, 1.094589963740504300, 2.176493846182999000 ) ) ;
#6158 = FACE_OUTER_BOUND ( 'NONE', #176, .T. ) ;
#6159 = EDGE_LOOP ( 'NONE', ( #1374, #5470, #7366, #6652 ) ) ;
#6160 = AXIS2_PLACEMENT_3D ( 'NONE', #1263, #94, #5171 ) ;
#6161 = CARTESIAN_POINT ( 'NONE',  ( 2.565815600712990600, 1.100000000000000100, 2.140815600713009000 ) ) ;
#6162 = DIRECTION ( 'NONE',  ( -3.491481338843133400E-015, 0.0000000000000000000, 1.000000000000000000 ) ) ;
#6163 = CARTESIAN_POINT ( 'NONE',  ( -2.390000000000006300, 4.944146853836610200, 2.159999999999909100 ) ) ;
#6164 = EDGE_CURVE ( 'NONE', #5877, #4827, #7229, .T. ) ;
#6165 = ORIENTED_EDGE ( 'NONE', *, *, #1258, .T. ) ;
#6166 = CARTESIAN_POINT ( 'NONE',  ( -0.7430000000000072100, 0.0000000000000000000, 2.109999999999914600 ) ) ;
#6167 = LINE ( 'NONE', #1672, #1287 ) ;
#6168 = ORIENTED_EDGE ( 'NONE', *, *, #1241, .F. ) ;
#6169 = VERTEX_POINT ( 'NONE', #555 ) ;
#6170 = ORIENTED_EDGE ( 'NONE', *, *, #2378, .F. ) ;
#6171 = CARTESIAN_POINT ( 'NONE',  ( 2.750000000000006700, 0.3000000000000000400, 0.8899999999999437300 ) ) ;
#6172 = EDGE_LOOP ( 'NONE', ( #2303, #4215, #725, #211 ) ) ;
#6174 = VERTEX_POINT ( 'NONE', #6154 ) ;
#6173 = LINE ( 'NONE', #2469, #565 ) ;
#6175 = ORIENTED_EDGE ( 'NONE', *, *, #1413, .T. ) ;
#6176 = CARTESIAN_POINT ( 'NONE',  ( 2.750000000000020900, 0.3000000000000000400, 2.159999999999888700 ) ) ;
#6177 = CARTESIAN_POINT ( 'NONE',  ( 2.750000000000038200, 0.3000000000000000400, 0.3799999999999814100 ) ) ;
#6178 = CARTESIAN_POINT ( 'NONE',  ( 2.489999999999995800, 0.3000000000000000400, 1.649999999999926200 ) ) ;
#6179 = EDGE_CURVE ( 'NONE', #2578, #4047, #373, .T. ) ;
#6180 = FACE_OUTER_BOUND ( 'NONE', #2766, .T. ) ;
#6181 = VECTOR ( 'NONE', #1509, 1000.000000000000000 ) ;
#6182 = ORIENTED_EDGE ( 'NONE', *, *, #970, .T. ) ;
#6183 = LINE ( 'NONE', #3050, #3851 ) ;
#6184 = CARTESIAN_POINT ( 'NONE',  ( -2.626737699278898200, 1.094184019736996300, 2.146878253250497100 ) ) ;
#6185 = CARTESIAN_POINT ( 'NONE',  ( -2.581984346033690900, 1.015930066941344500, -2.328110674150028800 ) ) ;
#6186 = DIRECTION ( 'NONE',  ( 3.491481338843133400E-015, 0.0000000000000000000, -1.000000000000000000 ) ) ;
#6187 = CARTESIAN_POINT ( 'NONE',  ( 2.800000000000049600, 0.05000000000000002400, -0.4299999999999634700 ) ) ;
#6188 = ORIENTED_EDGE ( 'NONE', *, *, #4115, .F. ) ;
#6190 = VERTEX_POINT ( 'NONE', #5667 ) ;
#6189 = LINE ( 'NONE', #119, #2609 ) ;
#6191 = FACE_OUTER_BOUND ( 'NONE', #6510, .T. ) ;
#6192 = ORIENTED_EDGE ( 'NONE', *, *, #3955, .T. ) ;
#6193 = CARTESIAN_POINT ( 'NONE',  ( 2.800000000000038900, 0.2999999999999999300, 0.4299999999999817900 ) ) ;
#6194 = AXIS2_PLACEMENT_3D ( 'NONE', #7055, #3637, #4815 ) ;
#6195 = CARTESIAN_POINT ( 'NONE',  ( -2.390000000000007200, 0.3000000000000000400, 0.3799999999999915700 ) ) ;
#6196 = VERTEX_POINT ( 'NONE', #2145 ) ;
#6197 = VECTOR ( 'NONE', #6214, 1000.000000000000000 ) ;
#6198 = ADVANCED_FACE ( 'NONE', ( #4742 ), #2803, .T. ) ;
#6199 = ORIENTED_EDGE ( 'NONE', *, *, #2655, .T. ) ;
#6200 = ADVANCED_FACE ( 'NONE', ( #112 ), #3337, .F. ) ;
#6201 = CARTESIAN_POINT ( 'NONE',  ( 3.000000000000028400, 0.2999999999999999300, 2.109999999999847600 ) ) ;
#6202 = DIRECTION ( 'NONE',  ( -0.0000000000000000000, -1.000000000000000000, 0.0000000000000000000 ) ) ;
#6203 = VERTEX_POINT ( 'NONE', #1030 ) ;
#6204 = AXIS2_PLACEMENT_3D ( 'NONE', #6766, #2400, #2265 ) ;
#6205 = DIRECTION ( 'NONE',  ( -1.000000000000000000, 0.0000000000000000000, -8.176558940121068700E-014 ) ) ;
#6206 = CARTESIAN_POINT ( 'NONE',  ( -2.565815600712991100, 1.100000000000000100, -2.140815600713008600 ) ) ;
#6207 = DIRECTION ( 'NONE',  ( -1.011419298254362300E-014, 0.0000000000000000000, -1.000000000000000000 ) ) ;
#6208 = ORIENTED_EDGE ( 'NONE', *, *, #5603, .T. ) ;
#6209 = EDGE_CURVE ( 'NONE', #4878, #5136, #5898, .T. ) ;
#6210 = ORIENTED_EDGE ( 'NONE', *, *, #7130, .T. ) ;
#6211 = VERTEX_POINT ( 'NONE', #2220 ) ;
#6212 = CARTESIAN_POINT ( 'NONE',  ( -2.595213532762051100, 1.099999999999999900, 2.148371211140104100 ) ) ;
#6213 = EDGE_CURVE ( 'NONE', #3683, #2030, #6553, .T. ) ;
#6214 = DIRECTION ( 'NONE',  ( -0.0000000000000000000, -1.000000000000000000, 0.0000000000000000000 ) ) ;
#6215 = CARTESIAN_POINT ( 'NONE',  ( 2.565815600712991100, 1.099999999999999900, 2.140815600713009500 ) ) ;
#6216 = CARTESIAN_POINT ( 'NONE',  ( 2.800000000000028200, 4.944146853836610200, 2.109999999999849800 ) ) ;
#6217 = VERTEX_POINT ( 'NONE', #6694 ) ;
#6218 = DIRECTION ( 'NONE',  ( 0.0000000000000000000, 1.000000000000000000, 0.0000000000000000000 ) ) ;
#6219 = EDGE_LOOP ( 'NONE', ( #5599, #2946, #3269, #2629 ) ) ;
#6220 = DIRECTION ( 'NONE',  ( 1.000000000000000000, 0.0000000000000000000, 2.407279166357629300E-015 ) ) ;
#6221 = CARTESIAN_POINT ( 'NONE',  ( 2.750000000000020900, 0.0000000000000000000, 2.159999999999888700 ) ) ;
#6222 = PLANE ( 'NONE',  #817 ) ;
#6223 = CARTESIAN_POINT ( 'NONE',  ( -2.800000000000004700, 0.3000000000000000400, 1.699999999999908500 ) ) ;
#6224 = EDGE_CURVE ( 'NONE', #5107, #3148, #1513, .T. ) ;
#6225 = ORIENTED_EDGE ( 'NONE', *, *, #1525, .F. ) ;
#6226 = DIRECTION ( 'NONE',  ( 1.000000000000000000, -0.0000000000000000000, -5.265536208154871600E-015 ) ) ;
#6227 = DIRECTION ( 'NONE',  ( 0.0000000000000000000, -1.000000000000000000, 0.0000000000000000000 ) ) ;
#6228 = LINE ( 'NONE', #3120, #1683 ) ;
#6229 = CARTESIAN_POINT ( 'NONE',  ( 2.568654174339862500, 1.100000000000000100, -2.171392511324869500 ) ) ;
#6230 = CARTESIAN_POINT ( 'NONE',  ( -2.565815600712991100, 1.100000000000000100, -2.140815600713008600 ) ) ;
#6231 = VECTOR ( 'NONE', #1155, 1000.000000000000000 ) ;
#6232 = CARTESIAN_POINT ( 'NONE',  ( -2.586732621947015300, 1.094455121289937400, 2.196374128785639100 ) ) ;
#6233 = ADVANCED_FACE ( 'NONE', ( #3022 ), #40, .F. ) ;
#6234 = CARTESIAN_POINT ( 'NONE',  ( -2.389999999999955300, 4.944146853836610200, -0.8899999999999824700 ) ) ;
#6235 = CARTESIAN_POINT ( 'NONE',  ( 2.565815600712991100, 1.100000000000000300, 2.140815600713008600 ) ) ;
#6236 = CARTESIAN_POINT ( 'NONE',  ( 2.786689075101016500, 0.9418288341816615200, -2.229685053801175000 ) ) ;
#6237 = VECTOR ( 'NONE', #1698, 1000.000000000000000 ) ;
#6238 = DIRECTION ( 'NONE',  ( 1.000000000000000000, -0.0000000000000000000, -1.412078086043886200E-013 ) ) ;
#6239 = VERTEX_POINT ( 'NONE', #4083 ) ;
#6240 = CARTESIAN_POINT ( 'NONE',  ( -2.389999999999955300, 0.2999999999999999300, -0.8899999999999824700 ) ) ;
#6241 = CARTESIAN_POINT ( 'NONE',  ( 2.874999999999991600, 0.3000000000000000400, 2.450000000000010400 ) ) ;
#6242 = DIRECTION ( 'NONE',  ( 3.311355821850255300E-015, 0.0000000000000000000, 1.000000000000000000 ) ) ;
#6243 = DIRECTION ( 'NONE',  ( -3.491481338843133400E-015, 0.0000000000000000000, 1.000000000000000000 ) ) ;
#6244 = AXIS2_PLACEMENT_3D ( 'NONE', #833, #6517, #812 ) ;
#6245 = VECTOR ( 'NONE', #1353, 1000.000000000000000 ) ;
#6246 = FACE_OUTER_BOUND ( 'NONE', #617, .T. ) ;
#6247 = CARTESIAN_POINT ( 'NONE',  ( 2.814446074555059700, 0.8761321158169135300, 2.117286137945400900 ) ) ;
#6248 = EDGE_CURVE ( 'NONE', #6217, #5081, #7005, .T. ) ;
#6249 = EDGE_LOOP ( 'NONE', ( #5915, #1766, #740, #6983, #1818, #4055, #6268, #5167 ) ) ;
#6250 = DIRECTION ( 'NONE',  ( -1.000000000000000000, 0.0000000000000000000, -1.839926121052111000E-014 ) ) ;
#6251 = CARTESIAN_POINT ( 'NONE',  ( 2.626832952004467500, 1.094177520935351700, -2.146479642831526900 ) ) ;
#6252 = CARTESIAN_POINT ( 'NONE',  ( -2.874999999999991100, 0.3000000000000000400, -2.450000000000010400 ) ) ;
#6253 = ORIENTED_EDGE ( 'NONE', *, *, #3187, .T. ) ;
#6254 = EDGE_CURVE ( 'NONE', #1581, #3685, #3196, .T. ) ;
#6255 = VECTOR ( 'NONE', #7150, 1000.000000000000000 ) ;
#6256 = VERTEX_POINT ( 'NONE', #589 ) ;
#6257 = EDGE_CURVE ( 'NONE', #5723, #3570, #6773, .T. ) ;
#6258 = CARTESIAN_POINT ( 'NONE',  ( -2.685426541481644500, 1.059090530518492800, 2.213229348804524500 ) ) ;
#6259 = CARTESIAN_POINT ( 'NONE',  ( 0.0000000000000000000, 0.3000000000000000400, 0.0000000000000000000 ) ) ;
#6261 = VERTEX_POINT ( 'NONE', #6301 ) ;
#6260 = VECTOR ( 'NONE', #764, 1000.000000000000000 ) ;
#6262 = VERTEX_POINT ( 'NONE', #5689 ) ;
#6263 = CARTESIAN_POINT ( 'NONE',  ( 2.605777684423922700, 0.8780124951084452600, -2.388845111441024300 ) ) ;
#6264 = CARTESIAN_POINT ( 'NONE',  ( 2.848315816446601400, 0.5538830474904877800, -2.299000579525548800 ) ) ;
#6265 = EDGE_CURVE ( 'NONE', #6827, #5063, #5262, .T. ) ;
#6266 = DIRECTION ( 'NONE',  ( -1.141449721469845700E-014, 0.0000000000000000000, 1.000000000000000000 ) ) ;
#6268 = ORIENTED_EDGE ( 'NONE', *, *, #1783, .F. ) ;
#6267 = LINE ( 'NONE', #3394, #2871 ) ;
#6269 = LINE ( 'NONE', #5252, #4029 ) ;
#6270 = VERTEX_POINT ( 'NONE', #1805 ) ;
#6271 = CARTESIAN_POINT ( 'NONE',  ( 2.800000000000065500, 0.3000000000000000400, -2.109999999999908400 ) ) ;
#6272 = LINE ( 'NONE', #5980, #5108 ) ;
#6273 = ADVANCED_FACE ( 'NONE', ( #2931 ), #2318, .F. ) ;
#6274 = VERTEX_POINT ( 'NONE', #5776 ) ;
#6275 = DIRECTION ( 'NONE',  ( -1.000000000000000000, 0.0000000000000000000, -6.892899919189997300E-015 ) ) ;
#6276 = CARTESIAN_POINT ( 'NONE',  ( -2.663416702455394500, 1.020333861197660200, 2.299949981124684900 ) ) ;
#6277 = CARTESIAN_POINT ( 'NONE',  ( 2.611670101833140300, 1.094589963740504300, -2.176493846182999000 ) ) ;
#6278 = VECTOR ( 'NONE', #3344, 1000.000000000000000 ) ;
#6279 = ORIENTED_EDGE ( 'NONE', *, *, #7270, .T. ) ;
#6280 = CARTESIAN_POINT ( 'NONE',  ( -2.587284338101318000, 0.8761377525753096800, 2.389445482107877900 ) ) ;
#6281 = LINE ( 'NONE', #6103, #2526 ) ;
#6282 = DIRECTION ( 'NONE',  ( 1.000000000000000000, 0.0000000000000000000, 2.286812258303601300E-015 ) ) ;
#6283 = CARTESIAN_POINT ( 'NONE',  ( 2.726047188521633300, 0.8858386930824472300, 2.343036907158864100 ) ) ;
#6284 = CARTESIAN_POINT ( 'NONE',  ( -2.565815600713005700, 1.100000000000000100, 2.140815600712990400 ) ) ;
#6285 = LINE ( 'NONE', #4278, #1479 ) ;
#6286 = ORIENTED_EDGE ( 'NONE', *, *, #835, .F. ) ;
#6287 = CARTESIAN_POINT ( 'NONE',  ( 2.784027913087551400, 1.165541590046322200, -2.359027913087533300 ) ) ;
#6288 = ORIENTED_EDGE ( 'NONE', *, *, #5319, .T. ) ;
#6289 = LINE ( 'NONE', #3969, #6640 ) ;
#6290 = PRESENTATION_STYLE_ASSIGNMENT (( #3380 ) ) ;
#6291 = AXIS2_PLACEMENT_3D ( 'NONE', #7369, #2758, #3924 ) ;
#6292 = CARTESIAN_POINT ( 'NONE',  ( -2.800000000000006900, 0.3000000000000000400, 0.4299999999999900600 ) ) ;
#6293 = DIRECTION ( 'NONE',  ( -1.000000000000000000, 0.0000000000000000000, 7.370371334212277500E-014 ) ) ;
#6294 = CARTESIAN_POINT ( 'NONE',  ( 2.531195965580431500, 1.205515941740286500, 2.354826439422517600 ) ) ;
#6295 = CARTESIAN_POINT ( 'NONE',  ( -0.6500000000000070200, 0.0000000000000000000, 2.109999999999897300 ) ) ;
#6296 = LINE ( 'NONE', #1592, #2022 ) ;
#6297 = ORIENTED_EDGE ( 'NONE', *, *, #2529, .F. ) ;
#6298 = EDGE_CURVE ( 'NONE', #1847, #5107, #290, .T. ) ;
#6299 = CARTESIAN_POINT ( 'NONE',  ( 2.683776913446835900, 1.072330042740384300, -2.151779360558363900 ) ) ;
#6300 = ORIENTED_EDGE ( 'NONE', *, *, #4305, .F. ) ;
#6301 = CARTESIAN_POINT ( 'NONE',  ( 3.000000000000028400, 0.2999999999999999300, 1.699999999999927100 ) ) ;
#6302 = EDGE_CURVE ( 'NONE', #6698, #2203, #3552, .T. ) ;
#6303 = ORIENTED_EDGE ( 'NONE', *, *, #7040, .T. ) ;
#6304 = CARTESIAN_POINT ( 'NONE',  ( -2.596392511269161900, 1.100000000000000100, 2.143654174466910900 ) ) ;
#6305 = ADVANCED_FACE ( 'NONE', ( #6061 ), #615, .F. ) ;
#6306 = EDGE_CURVE ( 'NONE', #1917, #6130, #4562, .T. ) ;
#6307 = EDGE_CURVE ( 'NONE', #4633, #5287, #6152, .T. ) ;
#6308 = CARTESIAN_POINT ( 'NONE',  ( 2.800000000000036700, 0.05000000000000002400, 0.8399999999999816500 ) ) ;
#6309 = CYLINDRICAL_SURFACE ( 'NONE', #1534, 0.5999999999999999800 ) ;
#6310 = CARTESIAN_POINT ( 'NONE',  ( 2.811206656174964900, 0.9067667404483486000, -2.163812089678901700 ) ) ;
#6311 = CARTESIAN_POINT ( 'NONE',  ( 2.565815600713005700, 1.100000000000000100, -2.140815600712990400 ) ) ;
#6312 = DIRECTION ( 'NONE',  ( -0.0000000000000000000, -1.000000000000000000, 0.0000000000000000000 ) ) ;
#6313 = CARTESIAN_POINT ( 'NONE',  ( 2.814445482107879000, 0.8761377525753105700, 2.162284338101319900 ) ) ;
#6314 = VECTOR ( 'NONE', #3564, 1000.000000000000000 ) ;
#6315 = VERTEX_POINT ( 'NONE', #2826 ) ;
#6316 = CARTESIAN_POINT ( 'NONE',  ( 3.000000000000018700, 4.944146853836610200, -0.4299999999999597500 ) ) ;
#6317 = CARTESIAN_POINT ( 'NONE',  ( 3.000000000000028400, 4.944146853836610200, 2.109999999999847600 ) ) ;
#6318 = CARTESIAN_POINT ( 'NONE',  ( 2.601493867578209300, 1.094589964273577500, -2.186670085749400800 ) ) ;
#6319 = CARTESIAN_POINT ( 'NONE',  ( -2.584427696025789700, 0.9923472535404069800, 2.356342096945602800 ) ) ;
#6320 = FACE_OUTER_BOUND ( 'NONE', #5857, .T. ) ;
#6321 = CARTESIAN_POINT ( 'NONE',  ( 2.750000000000040400, 0.0000000000000000000, -0.3799999999999621500 ) ) ;
#6322 = ORIENTED_EDGE ( 'NONE', *, *, #5637, .T. ) ;
#6323 = CARTESIAN_POINT ( 'NONE',  ( 2.855003823701777000, 0.4902509089922653700, -2.336846414967322700 ) ) ;
#6324 = LINE ( 'NONE', #6240, #1181 ) ;
#6325 = VECTOR ( 'NONE', #1249, 1000.000000000000000 ) ;
#6326 = DIRECTION ( 'NONE',  ( -1.000000000000000000, 0.0000000000000000000, 1.877011598306432700E-013 ) ) ;
#6327 = ADVANCED_FACE ( 'NONE', ( #3292 ), #5714, .T. ) ;
#6328 = EDGE_LOOP ( 'NONE', ( #47, #375, #6348, #933 ) ) ;
#6329 = CARTESIAN_POINT ( 'NONE',  ( 2.697483964634003000, 0.9147751289090543200, -2.354006324458573400 ) ) ;
#6330 = CARTESIAN_POINT ( 'NONE',  ( 2.583839457273967800, 0.9906556768458135700, -2.349533543832313500 ) ) ;
#6331 = CARTESIAN_POINT ( 'NONE',  ( -2.390000000000007200, 0.3000000000000000400, 0.3799999999999915700 ) ) ;
#6332 = ORIENTED_EDGE ( 'NONE', *, *, #3434, .T. ) ;
#6333 = DIRECTION ( 'NONE',  ( 1.000000000000000000, 0.0000000000000000000, 2.407279166357628900E-015 ) ) ;
#6334 = VECTOR ( 'NONE', #1497, 1000.000000000000000 ) ;
#6335 = FACE_OUTER_BOUND ( 'NONE', #3045, .T. ) ;
#6336 = DIRECTION ( 'NONE',  ( 0.0000000000000000000, -1.000000000000000000, 0.0000000000000000000 ) ) ;
#6337 = CARTESIAN_POINT ( 'NONE',  ( 2.784027913087534900, 1.165541590046321700, 2.359027913087553300 ) ) ;
#6338 = DIRECTION ( 'NONE',  ( 1.000000000000000000, 0.0000000000000000000, 3.491481338843133400E-015 ) ) ;
#6339 = DIRECTION ( 'NONE',  ( 3.491481338843133400E-015, 0.0000000000000000000, -1.000000000000000000 ) ) ;
#6340 = ADVANCED_FACE ( 'NONE', ( #722 ), #2486, .F. ) ;
#6341 = STYLED_ITEM ( 'NONE', ( #7168 ), #3412 ) ;
#6342 = DIRECTION ( 'NONE',  ( -1.000000000000000000, 0.0000000000000000000, -8.176558940121072500E-014 ) ) ;
#6343 = VECTOR ( 'NONE', #3888, 1000.000000000000000 ) ;
#6344 = EDGE_CURVE ( 'NONE', #1145, #1210, #3114, .T. ) ;
#6345 = EDGE_LOOP ( 'NONE', ( #3071, #3169, #796, #7024 ) ) ;
#6346 = DIRECTION ( 'NONE',  ( -1.000000000000000000, 0.0000000000000000000, -1.373532255474061200E-014 ) ) ;
#6347 = CARTESIAN_POINT ( 'NONE',  ( 2.583780927090116600, 1.100000000000000100, -2.163955409432433800 ) ) ;
#6348 = ORIENTED_EDGE ( 'NONE', *, *, #3627, .T. ) ;
#6349 = DIRECTION ( 'NONE',  ( 1.000000000000000000, 0.0000000000000000000, 3.491481338843133400E-015 ) ) ;
#6350 = DIRECTION ( 'NONE',  ( 1.000000000000000000, -0.0000000000000000000, 3.491481338843133400E-015 ) ) ;
#6351 = EDGE_CURVE ( 'NONE', #3296, #5233, #2656, .T. ) ;
#6352 = EDGE_CURVE ( 'NONE', #5021, #6270, #2396, .T. ) ;
#6353 = ORIENTED_EDGE ( 'NONE', *, *, #830, .T. ) ;
#6354 = COLOUR_RGB ( '',0.7921568627450980000, 0.8196078431372548800, 0.9333333333333333500 ) ;
#6355 = ORIENTED_EDGE ( 'NONE', *, *, #2589, .T. ) ;
#6356 = DIRECTION ( 'NONE',  ( -9.518944730982916700E-015, 0.0000000000000000000, -1.000000000000000000 ) ) ;
#6357 = AXIS2_PLACEMENT_3D ( 'NONE', #6717, #507, #3304 ) ;
#6358 = DIRECTION ( 'NONE',  ( 0.0000000000000000000, 1.000000000000000000, 0.0000000000000000000 ) ) ;
#6359 = FACE_OUTER_BOUND ( 'NONE', #3090, .T. ) ;
#6360 = VERTEX_POINT ( 'NONE', #3718 ) ;
#6361 = CARTESIAN_POINT ( 'NONE',  ( 2.694356451016018700, 0.9972429809071317000, -2.303084907564146200 ) ) ;
#6362 = DIRECTION ( 'NONE',  ( 1.000000000000000000, 0.0000000000000000000, 3.491481338843133400E-015 ) ) ;
#6363 = LINE ( 'NONE', #4442, #3064 ) ;
#6364 = PLANE ( 'NONE',  #7217 ) ;
#6365 = EDGE_CURVE ( 'NONE', #2772, #3485, #4186, .T. ) ;
#6366 = CARTESIAN_POINT ( 'NONE',  ( 0.0000000000000000000, 0.05000000000000000300, 0.0000000000000000000 ) ) ;
#6367 = DIRECTION ( 'NONE',  ( -1.000000000000000000, 0.0000000000000000000, -3.491481338843133400E-015 ) ) ;
#6368 = CARTESIAN_POINT ( 'NONE',  ( 2.800000000000038900, 0.2999999999999999300, 0.4299999999999817900 ) ) ;
#6369 = CARTESIAN_POINT ( 'NONE',  ( 0.0000000000000000000, 0.0000000000000000000, 0.0000000000000000000 ) ) ;
#6370 = ORIENTED_EDGE ( 'NONE', *, *, #4300, .F. ) ;
#6371 = LINE ( 'NONE', #5705, #5029 ) ;
#6372 = ORIENTED_EDGE ( 'NONE', *, *, #177, .T. ) ;
#6373 = FILL_AREA_STYLE ('',( #1129 ) ) ;
#6374 = ADVANCED_FACE ( 'NONE', ( #1696 ), #4713, .T. ) ;
#6375 = DIRECTION ( 'NONE',  ( 0.0000000000000000000, -1.000000000000000000, 0.0000000000000000000 ) ) ;
#6376 = CARTESIAN_POINT ( 'NONE',  ( 2.565815600713005700, 1.100000000000000100, -2.140815600712990400 ) ) ;
#6377 = CARTESIAN_POINT ( 'NONE',  ( 2.802258690362489500, 0.9362677717276951500, -2.161233664776610800 ) ) ;
#6378 = ORIENTED_EDGE ( 'NONE', *, *, #6571, .T. ) ;
#6379 = VECTOR ( 'NONE', #4197, 1000.000000000000000 ) ;
#6380 = FACE_OUTER_BOUND ( 'NONE', #4259, .T. ) ;
#6381 = STYLED_ITEM ( 'NONE', ( #956 ), #788 ) ;
#6382 = CARTESIAN_POINT ( 'NONE',  ( 6.651271950495826000E-015, 0.05000000000000000300, -1.904999999999901900 ) ) ;
#6383 = CARTESIAN_POINT ( 'NONE',  ( -2.758290878373379900, 0.9950589195525034700, 2.217441674343900700 ) ) ;
#6384 = VECTOR ( 'NONE', #4366, 1000.000000000000000 ) ;
#6385 = CARTESIAN_POINT ( 'NONE',  ( -0.9970000000000074400, 0.3000000000000000400, 2.449999999999998000 ) ) ;
#6386 = CARTESIAN_POINT ( 'NONE',  ( 2.772156995532810300, 0.9920075539407815500, -2.174049330299034000 ) ) ;
#6387 = VERTEX_POINT ( 'NONE', #2954 ) ;
#6388 = ORIENTED_EDGE ( 'NONE', *, *, #7033, .T. ) ;
#6389 = AXIS2_PLACEMENT_3D ( 'NONE', #3930, #3900, #2719 ) ;
#6390 = UNCERTAINTY_MEASURE_WITH_UNIT (LENGTH_MEASURE( 1.000000000000000100E-005 ), #3174, 'distance_accuracy_value', 'NONE');
#6391 = CARTESIAN_POINT ( 'NONE',  ( 2.490000000000017100, 0.05000000000000000300, 1.665202647808443000E-013 ) ) ;
#6392 = EDGE_CURVE ( 'NONE', #4282, #1714, #1359, .T. ) ;
#6393 = CARTESIAN_POINT ( 'NONE',  ( -0.7430000000000072100, 0.3000000000000000400, 2.449999999999998400 ) ) ;
#6394 = CARTESIAN_POINT ( 'NONE',  ( 2.489999999999994000, 4.944146853836610200, -0.3799999999999254500 ) ) ;
#6395 = ORIENTED_EDGE ( 'NONE', *, *, #117, .F. ) ;
#6396 = EDGE_CURVE ( 'NONE', #5540, #7211, #5435, .T. ) ;
#6397 = CARTESIAN_POINT ( 'NONE',  ( 2.489999999999998000, 0.2999999999999999300, 0.8899999999999449500 ) ) ;
#6398 = CARTESIAN_POINT ( 'NONE',  ( 2.565815600713005700, 1.100000000000000100, -2.140815600712990400 ) ) ;
#6399 = VERTEX_POINT ( 'NONE', #5256 ) ;
#6400 = DIRECTION ( 'NONE',  ( 1.000000000000000000, -0.0000000000000000000, -7.370371334212277500E-014 ) ) ;
#6401 = LINE ( 'NONE', #5865, #5886 ) ;
#6402 = DIRECTION ( 'NONE',  ( 0.0000000000000000000, -1.000000000000000000, 0.0000000000000000000 ) ) ;
#6403 = CARTESIAN_POINT ( 'NONE',  ( -2.810387134913406600, 0.8805512677905708000, 2.208390469515699700 ) ) ;
#6404 = EDGE_CURVE ( 'NONE', #5213, #6036, #3901, .T. ) ;
#6405 = CARTESIAN_POINT ( 'NONE',  ( -0.7430000000000072100, 0.3000000000000000400, 2.109999999999914600 ) ) ;
#6406 = DIRECTION ( 'NONE',  ( -1.000000000000000000, 0.0000000000000000000, 1.412078086043886200E-013 ) ) ;
#6407 = PRESENTATION_STYLE_ASSIGNMENT (( #2063 ) ) ;
#6408 = CARTESIAN_POINT ( 'NONE',  ( 2.587284338101318000, 0.8761377525753096800, -2.389445482107877900 ) ) ;
#6409 = B_SPLINE_CURVE_WITH_KNOTS ( 'NONE', 3,
 ( #687, #5199, #5773, #3532, #2908, #6910, #4709, #2882, #1858, #5792, #6319, #39, #3478 ),
 .UNSPECIFIED., .F., .F.,
 ( 4, 2, 2, 1, 2, 2, 4 ),
 ( 0.0000000000000000000, 0.2500000000000076100, 0.3750000000000132100, 0.4375000000000142100, 0.4687500000000154300, 0.5000000000000166500, 1.000000000000000000 ),
 .UNSPECIFIED. ) ;
#6410 = DIRECTION ( 'NONE',  ( -8.695651766773108100E-015, 0.0000000000000000000, 1.000000000000000000 ) ) ;
#6411 = DIRECTION ( 'NONE',  ( 0.7071067811865413600, 0.0000000000000000000, 0.7071067811865536800 ) ) ;
#6412 = ADVANCED_FACE ( 'NONE', ( #6580 ), #5285, .F. ) ;
#6413 = VECTOR ( 'NONE', #6282, 1000.000000000000000 ) ;
#6415 = ORIENTED_EDGE ( 'NONE', *, *, #1667, .T. ) ;
#6414 = DIRECTION ( 'NONE',  ( -1.000000000000000000, 0.0000000000000000000, -7.193635098549793600E-015 ) ) ;
#6416 = ORIENTED_EDGE ( 'NONE', *, *, #636, .T. ) ;
#6417 =( NAMED_UNIT ( * ) PLANE_ANGLE_UNIT ( ) SI_UNIT ( $, .RADIAN. ) );
#6418 = EDGE_CURVE ( 'NONE', #5995, #6053, #4099, .T. ) ;
#6419 = VERTEX_POINT ( 'NONE', #2466 ) ;
#6420 = CARTESIAN_POINT ( 'NONE',  ( -2.390000000000007200, 0.2999999999999999300, 0.3799999999999915700 ) ) ;
#6421 = CARTESIAN_POINT ( 'NONE',  ( 2.580866468956437600, 1.100000000000000100, -2.166215428888616800 ) ) ;
#6422 = DIRECTION ( 'NONE',  ( 3.491481338843133400E-015, -0.0000000000000000000, -1.000000000000000000 ) ) ;
#6423 = VECTOR ( 'NONE', #6898, 1000.000000000000000 ) ;
#6424 = VECTOR ( 'NONE', #5232, 1000.000000000000000 ) ;
#6425 = ORIENTED_EDGE ( 'NONE', *, *, #449, .T. ) ;
#6426 = ORIENTED_EDGE ( 'NONE', *, *, #7335, .F. ) ;
#6427 = CARTESIAN_POINT ( 'NONE',  ( -2.749999999999981800, 4.944146853836610200, 2.159999999999908200 ) ) ;
#6428 = CARTESIAN_POINT ( 'NONE',  ( -2.768036907158861300, 0.8858386930824476700, 2.301047188521633500 ) ) ;
#6429 = CARTESIAN_POINT ( 'NONE',  ( -2.749999999999981800, 0.2999999999999999300, 2.159999999999908200 ) ) ;
#6430 = LINE ( 'NONE', #4383, #7328 ) ;
#6431 = ORIENTED_EDGE ( 'NONE', *, *, #2250, .F. ) ;
#6432 = CARTESIAN_POINT ( 'NONE',  ( 2.648692829934655700, 0.6805018179845313500, 2.410007647403546100 ) ) ;
#6433 = CARTESIAN_POINT ( 'NONE',  ( -2.587286107418084000, 0.8761321158169138600, 2.389446074555058500 ) ) ;
#6435 = ORIENTED_EDGE ( 'NONE', *, *, #1685, .T. ) ;
#6434 = LINE ( 'NONE', #7025, #6260 ) ;
#6436 = ORIENTED_EDGE ( 'NONE', *, *, #7227, .F. ) ;
#6437 = CARTESIAN_POINT ( 'NONE',  ( 2.250000000000007500, 0.3000000000000000400, 2.159999999999925500 ) ) ;
#6438 = CARTESIAN_POINT ( 'NONE',  ( 2.750000000000020900, 0.2999999999999999300, 2.159999999999888700 ) ) ;
#6439 = LINE ( 'NONE', #4990, #1541 ) ;
#6440 = ORIENTED_EDGE ( 'NONE', *, *, #2446, .F. ) ;
#6441 = AXIS2_PLACEMENT_3D ( 'NONE', #2211, #3878, #6763 ) ;
#6442 = DIRECTION ( 'NONE',  ( -0.0000000000000000000, -1.000000000000000000, 0.0000000000000000000 ) ) ;
#6443 = DIRECTION ( 'NONE',  ( -0.0000000000000000000, -1.000000000000000000, 0.0000000000000000000 ) ) ;
#6444 = ADVANCED_FACE ( 'NONE', ( #7056 ), #3011, .F. ) ;
#6445 = EDGE_CURVE ( 'NONE', #1127, #1339, #2041, .T. ) ;
#6446 = STYLED_ITEM ( 'NONE', ( #6686 ), #5516 ) ;
#6447 = DIRECTION ( 'NONE',  ( -1.000000000000000000, -0.0000000000000000000, -3.491481338843133400E-015 ) ) ;
#6448 = FACE_OUTER_BOUND ( 'NONE', #1346, .T. ) ;
#6449 = CARTESIAN_POINT ( 'NONE',  ( -2.800000000000009100, 0.2999999999999999300, 0.8399999999999627800 ) ) ;
#6450 = VECTOR ( 'NONE', #2403, 1000.000000000000000 ) ;
#6451 = VERTEX_POINT ( 'NONE', #4732 ) ;
#6452 = LINE ( 'NONE', #1445, #5657 ) ;
#6453 = EDGE_CURVE ( 'NONE', #6936, #5987, #4091, .T. ) ;
#6454 = EDGE_CURVE ( 'NONE', #2246, #4763, #3108, .T. ) ;
#6455 = CARTESIAN_POINT ( 'NONE',  ( -1.090000000000007200, 0.0000000000000000000, 2.109999999999895500 ) ) ;
#6456 = VECTOR ( 'NONE', #7126, 1000.000000000000000 ) ;
#6457 = VECTOR ( 'NONE', #6093, 1000.000000000000000 ) ;
#6458 = ORIENTED_EDGE ( 'NONE', *, *, #14, .T. ) ;
#6459 = VECTOR ( 'NONE', #7283, 1000.000000000000000 ) ;
#6460 = CARTESIAN_POINT ( 'NONE',  ( -2.582221402585060100, 1.015348775007399700, 2.330796319344249600 ) ) ;
#6461 = ORIENTED_EDGE ( 'NONE', *, *, #5743, .F. ) ;
#6462 = CARTESIAN_POINT ( 'NONE',  ( -2.700913629128591300, 0.8849511544987072000, -2.359726100999019600 ) ) ;
#6463 = ORIENTED_EDGE ( 'NONE', *, *, #4837, .T. ) ;
#6464 = FACE_OUTER_BOUND ( 'NONE', #2784, .T. ) ;
#6465 = ORIENTED_EDGE ( 'NONE', *, *, #2911, .F. ) ;
#6466 = DIRECTION ( 'NONE',  ( 0.0000000000000000000, -1.000000000000000000, 0.0000000000000000000 ) ) ;
#6467 = B_SPLINE_CURVE_WITH_KNOTS ( 'NONE', 3,
 ( #4478, #3235, #4450, #2730 ),
 .UNSPECIFIED., .F., .F.,
 ( 4, 4 ),
 ( -0.002503912117704342900, -0.001897834282525307800 ),
 .UNSPECIFIED. ) ;
#6468 = CARTESIAN_POINT ( 'NONE',  ( 2.800000000000049600, 0.0000000000000000000, -0.4299999999999634700 ) ) ;
#6469 = DIRECTION ( 'NONE',  ( 1.000000000000000000, 0.0000000000000000000, 0.0000000000000000000 ) ) ;
#6470 = EDGE_LOOP ( 'NONE', ( #4350, #6926, #4680, #1636 ) ) ;
#6471 = VECTOR ( 'NONE', #2999, 1000.000000000000000 ) ;
#6472 = CARTESIAN_POINT ( 'NONE',  ( 2.565815600712998200, 0.8500000000000000900, 8.958497288802018100E-015 ) ) ;
#6473 = DIRECTION ( 'NONE',  ( 1.000000000000000000, -0.0000000000000000000, 3.370341431302853500E-015 ) ) ;
#6474 = DIRECTION ( 'NONE',  ( -1.000000000000000000, 0.0000000000000000000, -3.491481338843133400E-015 ) ) ;
#6475 = PLANE ( 'NONE',  #774 ) ;
#6476 = DIRECTION ( 'NONE',  ( 0.0000000000000000000, -1.000000000000000000, 0.0000000000000000000 ) ) ;
#6477 = DIRECTION ( 'NONE',  ( 0.0000000000000000000, 1.000000000000000000, 0.0000000000000000000 ) ) ;
#6478 = LINE ( 'NONE', #3401, #6121 ) ;
#6479 = ORIENTED_EDGE ( 'NONE', *, *, #1589, .T. ) ;
#6480 = ORIENTED_EDGE ( 'NONE', *, *, #6779, .T. ) ;
#6481 = CARTESIAN_POINT ( 'NONE',  ( -2.630072183994841300, 0.9401911972051821800, 2.370544072921602700 ) ) ;
#6482 = EDGE_LOOP ( 'NONE', ( #7107, #3266, #5180 ) ) ;
#6483 = ADVANCED_FACE ( 'NONE', ( #3283 ), #930, .F. ) ;
#6484 = CARTESIAN_POINT ( 'NONE',  ( -2.694356198463426100, 0.9972429759540003500, -2.303085108221981900 ) ) ;
#6485 = ORIENTED_EDGE ( 'NONE', *, *, #742, .F. ) ;
#6486 = EDGE_CURVE ( 'NONE', #1655, #2510, #1877, .T. ) ;
#6487 = CARTESIAN_POINT ( 'NONE',  ( -0.7429999999999930000, 0.3000000000000000400, -2.109999999999900400 ) ) ;
#6488 = LINE ( 'NONE', #1284, #2476 ) ;
#6489 = CARTESIAN_POINT ( 'NONE',  ( 0.0000000000000000000, 0.0000000000000000000, 0.0000000000000000000 ) ) ;
#6490 = EDGE_CURVE ( 'NONE', #4161, #7230, #1598, .T. ) ;
#6491 = EDGE_CURVE ( 'NONE', #52, #7254, #6146, .T. ) ;
#6492 = CARTESIAN_POINT ( 'NONE',  ( -2.542286137945382500, 1.100000000000000100, -2.140815600713008100 ) ) ;
#6493 = CARTESIAN_POINT ( 'NONE',  ( 2.490000000000000200, 0.2999999999999999300, 0.2500000000000087700 ) ) ;
#6494 = CARTESIAN_POINT ( 'NONE',  ( -0.9970000000000069900, 0.3000000000000000400, 2.109999999999913700 ) ) ;
#6495 = VECTOR ( 'NONE', #4079, 1000.000000000000000 ) ;
#6496 = ORIENTED_EDGE ( 'NONE', *, *, #4775, .F. ) ;
#6497 = DIRECTION ( 'NONE',  ( -1.000000000000000000, 0.0000000000000000000, 2.909111085745247400E-013 ) ) ;
#6498 = LINE ( 'NONE', #2770, #3465 ) ;
#6499 = EDGE_CURVE ( 'NONE', #2831, #3356, #4905, .T. ) ;
#6500 = ORIENTED_EDGE ( 'NONE', *, *, #2359, .F. ) ;
#6501 = CARTESIAN_POINT ( 'NONE',  ( -2.758290809076734600, 0.9950589152401725400, -2.217441707385362300 ) ) ;
#6502 = VECTOR ( 'NONE', #5798, 1000.000000000000000 ) ;
#6503 = VECTOR ( 'NONE', #7001, 1000.000000000000000 ) ;
#6504 = ORIENTED_EDGE ( 'NONE', *, *, #3752, .F. ) ;
#6505 = B_SPLINE_CURVE_WITH_KNOTS ( 'NONE', 3,
 ( #7324, #1536, #6683, #6709, #1014, #5601, #412, #1590, #6143, #3324, #1564, #472, #2190 ),
 .UNSPECIFIED., .F., .F.,
 ( 4, 2, 2, 1, 2, 2, 4 ),
 ( 0.0000000000000000000, 0.2499999999999806800, 0.3749999999999725200, 0.4374999999999683000, 0.4687499999999679700, 0.4999999999999676900, 1.000000000000000000 ),
 .UNSPECIFIED. ) ;
#6506 = ORIENTED_EDGE ( 'NONE', *, *, #333, .T. ) ;
#6507 = CARTESIAN_POINT ( 'NONE',  ( 2.874999999999992500, 0.3000000000000000400, 2.109999999999848900 ) ) ;
#6508 = DIRECTION ( 'NONE',  ( 0.7071067811867125500, 0.0000000000000000000, -0.7071067811863825900 ) ) ;
#6509 = CARTESIAN_POINT ( 'NONE',  ( 3.000000000000006200, 0.2999999999999999300, 0.8399999999999853100 ) ) ;
#6510 = EDGE_LOOP ( 'NONE', ( #1390, #3109, #6551 ) ) ;
#6511 = CARTESIAN_POINT ( 'NONE',  ( -0.9970000000000069900, 4.944146853836610200, 2.109999999999913700 ) ) ;
#6512 = ADVANCED_FACE ( 'NONE', ( #632 ), #3771, .F. ) ;
#6513 = LINE ( 'NONE', #1431, #5541 ) ;
#6514 = AXIS2_PLACEMENT_3D ( 'NONE', #6946, #2351, #6406 ) ;
#6515 = ORIENTED_EDGE ( 'NONE', *, *, #5735, .T. ) ;
#6516 = CARTESIAN_POINT ( 'NONE',  ( 2.250000000000021300, 0.0000000000000000000, -1.904999999999893900 ) ) ;
#6517 = DIRECTION ( 'NONE',  ( 3.491481338843133400E-015, 0.0000000000000000000, -1.000000000000000000 ) ) ;
#6518 = CARTESIAN_POINT ( 'NONE',  ( -2.800000000000004700, 0.3000000000000016500, 2.109999999999907500 ) ) ;
#6519 = ORIENTED_EDGE ( 'NONE', *, *, #5318, .T. ) ;
#6521 = VERTEX_POINT ( 'NONE', #6644 ) ;
#6520 = LINE ( 'NONE', #3084, #3488 ) ;
#6522 = ORIENTED_EDGE ( 'NONE', *, *, #351, .F. ) ;
#6523 = CARTESIAN_POINT ( 'NONE',  ( 1.185000000000015400, 0.05000000000000000300, -1.185000000000026300 ) ) ;
#6524 = CARTESIAN_POINT ( 'NONE',  ( -2.762529300088373900, 0.9155742386330543200, -2.296707690120760600 ) ) ;
#6525 = VECTOR ( 'NONE', #980, 1000.000000000000000 ) ;
#6526 = VERTEX_POINT ( 'NONE', #4937 ) ;
#6527 = EDGE_CURVE ( 'NONE', #3063, #2517, #4465, .T. ) ;
#6528 = DIRECTION ( 'NONE',  ( -3.841223975128798700E-015, 0.0000000000000000000, 1.000000000000000000 ) ) ;
#6529 = FACE_BOUND ( 'NONE', #7268, .T. ) ;
#6530 = VECTOR ( 'NONE', #283, 1000.000000000000000 ) ;
#6531 = ORIENTED_EDGE ( 'NONE', *, *, #6418, .F. ) ;
#6532 = VECTOR ( 'NONE', #5555, 1000.000000000000100 ) ;
#6533 = CARTESIAN_POINT ( 'NONE',  ( -2.818944407858314300, 0.8333333333333331500, 2.393944407858296300 ) ) ;
#6534 = AXIS2_PLACEMENT_3D ( 'NONE', #5317, #5845, #1859 ) ;
#6535 = CARTESIAN_POINT ( 'NONE',  ( -2.565815600713005700, 1.100000000000000100, 2.140815600712990400 ) ) ;
#6536 = DIRECTION ( 'NONE',  ( 0.7071067811866048600, 0.0000000000000000000, 0.7071067811864901700 ) ) ;
#6537 = CARTESIAN_POINT ( 'NONE',  ( 2.250000000000021300, 4.944146853836610200, -2.159999999999913500 ) ) ;
#6538 = DIRECTION ( 'NONE',  ( -3.491481338843133400E-015, 0.0000000000000000000, 1.000000000000000000 ) ) ;
#6539 = PRESENTATION_STYLE_ASSIGNMENT (( #1827 ) ) ;
#6540 = LINE ( 'NONE', #3822, #1403 ) ;
#6541 = VERTEX_POINT ( 'NONE', #4387 ) ;
#6542 = EDGE_CURVE ( 'NONE', #997, #3928, #103, .T. ) ;
#6543 = DIRECTION ( 'NONE',  ( 8.176558940121071300E-014, 0.0000000000000000000, -1.000000000000000000 ) ) ;
#6544 = ORIENTED_EDGE ( 'NONE', *, *, #3164, .F. ) ;
#6545 = LINE ( 'NONE', #1530, #2280 ) ;
#6546 = VECTOR ( 'NONE', #4485, 1000.000000000000000 ) ;
#6547 = ADVANCED_FACE ( 'NONE', ( #5976 ), #3201, .F. ) ;
#6548 = CARTESIAN_POINT ( 'NONE',  ( -2.802188879095453900, 0.9364576177899197600, -2.162987857884654200 ) ) ;
#6549 = CARTESIAN_POINT ( 'NONE',  ( 2.802188879095453400, 0.9364576177899202000, 2.162987857884654200 ) ) ;
#6550 = CARTESIAN_POINT ( 'NONE',  ( 2.750000000000012900, 0.3000000000000000400, -0.8899999999999244100 ) ) ;
#6551 = ORIENTED_EDGE ( 'NONE', *, *, #6043, .F. ) ;
#6552 = LINE ( 'NONE', #1456, #2467 ) ;
#6553 = B_SPLINE_CURVE_WITH_KNOTS ( 'NONE', 3,
 ( #7389, #5609, #74, #3479 ),
 .UNSPECIFIED., .F., .F.,
 ( 4, 4 ),
 ( -0.0006060836562157262800, 0.0000000000000000000 ),
 .UNSPECIFIED. ) ;
#6554 = EDGE_CURVE ( 'NONE', #1843, #5290, #5428, .T. ) ;
#6555 = ORIENTED_EDGE ( 'NONE', *, *, #3013, .T. ) ;
#6556 = EDGE_LOOP ( 'NONE', ( #6561, #1908, #2968, #5638, #4123, #2670, #2695, #2888, #3396, #3313, #669, #7170, #3081, #7182, #4328, #6729, #5013, #5214, #1646, #2809, #3209, #746, #2868, #1076, #1455, #702 ) ) ;
#6557 = CARTESIAN_POINT ( 'NONE',  ( -2.875000000000008900, 0.2999999999999999900, 2.449999999999990400 ) ) ;
#6558 = PLANE ( 'NONE',  #4249 ) ;
#6559 = CARTESIAN_POINT ( 'NONE',  ( 2.250000000000021300, 0.3000000000000000400, -2.159999999999913500 ) ) ;
#6560 = VERTEX_POINT ( 'NONE', #3811 ) ;
#6561 = ORIENTED_EDGE ( 'NONE', *, *, #7171, .F. ) ;
#6562 = AXIS2_PLACEMENT_3D ( 'NONE', #4096, #213, #1337 ) ;
#6563 = CARTESIAN_POINT ( 'NONE',  ( 4.800033291481551500E-013, 0.05000000000000000300, 1.650000000000650700 ) ) ;
#6564 = ORIENTED_EDGE ( 'NONE', *, *, #5932, .T. ) ;
#6565 = CARTESIAN_POINT ( 'NONE',  ( 2.750000000000039500, 0.2999999999999999300, -1.649999999999908700 ) ) ;
#6566 = CARTESIAN_POINT ( 'NONE',  ( -2.576779360558363800, 1.072330042740384100, -2.258776913446838300 ) ) ;
#6567 = CARTESIAN_POINT ( 'NONE',  ( 2.758290809078217400, 0.9950589152397728600, 2.217441707385923600 ) ) ;
#6568 = DIRECTION ( 'NONE',  ( -1.000000000000000000, 0.0000000000000000000, 1.331179923943306900E-013 ) ) ;
#6569 = LINE ( 'NONE', #1796, #7394 ) ;
#6570 = AXIS2_PLACEMENT_3D ( 'NONE', #6223, #2795, #7378 ) ;
#6571 = EDGE_CURVE ( 'NONE', #6451, #2870, #533, .T. ) ;
#6572 = CARTESIAN_POINT ( 'NONE',  ( 2.250000000000007500, 4.944146853836610200, 2.159999999999925500 ) ) ;
#6573 = CARTESIAN_POINT ( 'NONE',  ( -2.814445482107879000, 0.8761377525753089000, -2.162284338101319500 ) ) ;
#6574 = VECTOR ( 'NONE', #2990, 1000.000000000000000 ) ;
#6575 = EDGE_CURVE ( 'NONE', #429, #3681, #5160, .T. ) ;
#6576 = ADVANCED_FACE ( 'NONE', ( #1262 ), #2628, .F. ) ;
#6577 = CARTESIAN_POINT ( 'NONE',  ( 2.800000000000036700, 4.944146853836610200, 0.8399999999999816500 ) ) ;
#6578 = DIRECTION ( 'NONE',  ( 1.000000000000000000, 0.0000000000000000000, 3.491481338843133400E-015 ) ) ;
#6579 = DIRECTION ( 'NONE',  ( -1.000000000000000000, 0.0000000000000000000, -3.491481338843133400E-015 ) ) ;
#6580 = FACE_OUTER_BOUND ( 'NONE', #3536, .T. ) ;
#6581 = ORIENTED_EDGE ( 'NONE', *, *, #3185, .T. ) ;
#6582 = ORIENTED_EDGE ( 'NONE', *, *, #3281, .F. ) ;
#6583 = DIRECTION ( 'NONE',  ( 3.491481338843133400E-015, -0.0000000000000000000, -1.000000000000000000 ) ) ;
#6584 = CARTESIAN_POINT ( 'NONE',  ( -3.000000000000008900, 0.2999999999999999300, 0.8399999999999893100 ) ) ;
#6585 = EDGE_CURVE ( 'NONE', #3040, #3542, #3893, .T. ) ;
#6586 = CARTESIAN_POINT ( 'NONE',  ( -2.390000000000007200, 0.2999999999999999300, 0.3799999999999915700 ) ) ;
#6587 = DIRECTION ( 'NONE',  ( -0.7071067811867125500, 0.0000000000000000000, 0.7071067811863825900 ) ) ;
#6588 = VECTOR ( 'NONE', #4626, 1000.000000000000000 ) ;
#6589 = ORIENTED_EDGE ( 'NONE', *, *, #66, .T. ) ;
#6590 = CARTESIAN_POINT ( 'NONE',  ( -2.577578475708085700, 1.072362714407087300, -2.258565458854950900 ) ) ;
#6591 = CARTESIAN_POINT ( 'NONE',  ( 2.587987863700634200, 0.9364576184234131300, 2.377188878861427500 ) ) ;
#6592 = PLANE ( 'NONE',  #3690 ) ;
#6593 = CARTESIAN_POINT ( 'NONE',  ( -2.472400542543710800E-015, 0.05000000000000000300, -2.109999999999901300 ) ) ;
#6594 = LINE ( 'NONE', #6252, #3310 ) ;
#6595 = ORIENTED_EDGE ( 'NONE', *, *, #2153, .T. ) ;
#6596 = CARTESIAN_POINT ( 'NONE',  ( 2.875000000000008400, 0.3000000000000000400, -2.449999999999990400 ) ) ;
#6597 = MANIFOLD_SOLID_BREP ( 'Body-Move/Copy1[7]', #2062 ) ;
#6598 = CARTESIAN_POINT ( 'NONE',  ( 2.800000000000028200, 0.3000000000000000400, 2.109999999999849800 ) ) ;
#6599 = CARTESIAN_POINT ( 'NONE',  ( 2.710013233519443300, 1.056357375423536700, 2.155268501614918000 ) ) ;
#6600 = VERTEX_POINT ( 'NONE', #4979 ) ;
#6601 = ORIENTED_EDGE ( 'NONE', *, *, #1542, .T. ) ;
#6602 = DIRECTION ( 'NONE',  ( -0.7071067811865531200, 0.0000000000000000000, 0.7071067811865420200 ) ) ;
#6604 = ORIENTED_EDGE ( 'NONE', *, *, #1582, .T. ) ;
#6603 = LINE ( 'NONE', #6382, #4496 ) ;
#6605 = DIRECTION ( 'NONE',  ( 0.0000000000000000000, -1.000000000000000000, 0.0000000000000000000 ) ) ;
#6606 = ORIENTED_EDGE ( 'NONE', *, *, #2301, .T. ) ;
#6607 = CARTESIAN_POINT ( 'NONE',  ( -1.090000000000000100, 0.2999999999999999300, 0.2499999999999966400 ) ) ;
#6608 = LINE ( 'NONE', #2229, #567 ) ;
#6609 = VERTEX_POINT ( 'NONE', #1644 ) ;
#6611 = ORIENTED_EDGE ( 'NONE', *, *, #5974, .T. ) ;
#6610 = LINE ( 'NONE', #2352, #5839 ) ;
#6612 = FACE_OUTER_BOUND ( 'NONE', #6715, .T. ) ;
#6613 = ORIENTED_EDGE ( 'NONE', *, *, #456, .F. ) ;
#6614 = FACE_OUTER_BOUND ( 'NONE', #6131, .T. ) ;
#6615 = CARTESIAN_POINT ( 'NONE',  ( -2.875000000000006200, 0.05000000000000000300, 1.699999999999908000 ) ) ;
#6616 = CARTESIAN_POINT ( 'NONE',  ( -2.648690656381584000, 0.6805054724904625600, -2.410007263299494400 ) ) ;
#6617 = PLANE ( 'NONE',  #726 ) ;
#6618 = ADVANCED_FACE ( 'NONE', ( #5255 ), #3178, .F. ) ;
#6619 = CARTESIAN_POINT ( 'NONE',  ( -2.579262906990766400, 1.056305036834823000, -2.285280226426277900 ) ) ;
#6620 = CARTESIAN_POINT ( 'NONE',  ( 2.728084907529024300, 0.9972429809097199700, 2.269356451058896600 ) ) ;
#6621 = ORIENTED_EDGE ( 'NONE', *, *, #3151, .T. ) ;
#6622 = EDGE_CURVE ( 'NONE', #4255, #1706, #2567, .T. ) ;
#6623 = VECTOR ( 'NONE', #7304, 1000.000000000000000 ) ;
#6624 = VECTOR ( 'NONE', #2497, 1000.000000000000000 ) ;
#6625 = ORIENTED_EDGE ( 'NONE', *, *, #6043, .T. ) ;
#6626 = VECTOR ( 'NONE', #953, 1000.000000000000000 ) ;
#6627 = EDGE_CURVE ( 'NONE', #5855, #4516, #3998, .T. ) ;
#6628 = ORIENTED_EDGE ( 'NONE', *, *, #1307, .T. ) ;
#6629 = EDGE_CURVE ( 'NONE', #1047, #5655, #4280, .T. ) ;
#6630 = DIRECTION ( 'NONE',  ( -1.000000000000000000, 0.0000000000000000000, 7.350540386010789200E-015 ) ) ;
#6631 = CARTESIAN_POINT ( 'NONE',  ( 2.654730755373901000, 1.074261574276385900, 2.210303057788124200 ) ) ;
#6632 = ORIENTED_EDGE ( 'NONE', *, *, #2018, .T. ) ;
#6633 = ORIENTED_EDGE ( 'NONE', *, *, #1667, .F. ) ;
#6634 = FACE_OUTER_BOUND ( 'NONE', #3905, .T. ) ;
#6635 = ORIENTED_EDGE ( 'NONE', *, *, #5837, .F. ) ;
#6636 = DIRECTION ( 'NONE',  ( -1.000000000000000000, 0.0000000000000000000, -1.946841225083295800E-013 ) ) ;
#6637 = AXIS2_PLACEMENT_3D ( 'NONE', #194, #4156, #751 ) ;
#6638 = CARTESIAN_POINT ( 'NONE',  ( 2.250000000000007500, 0.0000000000000000000, 2.159999999999925500 ) ) ;
#6639 = ORIENTED_EDGE ( 'NONE', *, *, #4058, .T. ) ;
#6640 = VECTOR ( 'NONE', #5656, 1000.000000000000000 ) ;
#6641 = VECTOR ( 'NONE', #3365, 1000.000000000000000 ) ;
#6642 = EDGE_CURVE ( 'NONE', #2461, #1145, #5611, .T. ) ;
#6643 = EDGE_LOOP ( 'NONE', ( #162, #7249, #6656, #302 ) ) ;
#6644 = CARTESIAN_POINT ( 'NONE',  ( -2.875000000000003100, 0.05000000000000000300, 0.8399999999999727700 ) ) ;
#6645 = PLANE ( 'NONE',  #999 ) ;
#6646 = VECTOR ( 'NONE', #6150, 1000.000000000000000 ) ;
#6647 = CARTESIAN_POINT ( 'NONE',  ( -2.586732617520963700, 1.094455121249672300, -2.196374133131334400 ) ) ;
#6648 = CARTESIAN_POINT ( 'NONE',  ( 2.748192020582696000, 1.017943471250542000, 2.190595289112225300 ) ) ;
#6649 = ORIENTED_EDGE ( 'NONE', *, *, #1107, .F. ) ;
#6650 = ORIENTED_EDGE ( 'NONE', *, *, #2433, .T. ) ;
#6651 = ORIENTED_EDGE ( 'NONE', *, *, #1623, .T. ) ;
#6652 = ORIENTED_EDGE ( 'NONE', *, *, #7368, .T. ) ;
#6653 = DIRECTION ( 'NONE',  ( 0.0000000000000000000, -1.000000000000000000, 0.0000000000000000000 ) ) ;
#6654 = CARTESIAN_POINT ( 'NONE',  ( 2.573371211140103900, 1.099999999999999900, 2.170213532762054000 ) ) ;
#6655 = ORIENTED_EDGE ( 'NONE', *, *, #2408, .T. ) ;
#6656 = ORIENTED_EDGE ( 'NONE', *, *, #1419, .T. ) ;
#6657 = CARTESIAN_POINT ( 'NONE',  ( -0.9969999999999926700, 0.05000000000000002400, -2.109999999999901300 ) ) ;
#6658 = ADVANCED_FACE ( 'NONE', ( #6320 ), #7380, .T. ) ;
#6659 = ORIENTED_EDGE ( 'NONE', *, *, #7271, .T. ) ;
#6660 = CARTESIAN_POINT ( 'NONE',  ( 2.250000000000007500, 0.3000000000000000400, 2.159999999999925500 ) ) ;
#6661 = CARTESIAN_POINT ( 'NONE',  ( -0.7429999999999930000, 4.944146853836610200, -2.109999999999900400 ) ) ;
#6662 = DIRECTION ( 'NONE',  ( -0.0000000000000000000, -1.000000000000000000, 0.0000000000000000000 ) ) ;
#6663 = FACE_OUTER_BOUND ( 'NONE', #4333, .T. ) ;
#6664 = DIRECTION ( 'NONE',  ( -0.7071067811865470200, 0.0000000000000000000, 0.7071067811865481300 ) ) ;
#6665 = DIRECTION ( 'NONE',  ( 1.000000000000000000, 0.0000000000000000000, -2.909111085745247400E-013 ) ) ;
#6666 = FACE_OUTER_BOUND ( 'NONE', #995, .T. ) ;
#6667 = CARTESIAN_POINT ( 'NONE',  ( 2.875000000000008400, 0.3000000000000000400, -2.449999999999990400 ) ) ;
#6668 = EDGE_LOOP ( 'NONE', ( #6992, #2535, #7350, #4094 ) ) ;
#6669 = DIRECTION ( 'NONE',  ( 0.0000000000000000000, 1.000000000000000000, 0.0000000000000000000 ) ) ;
#6670 = CARTESIAN_POINT ( 'NONE',  ( -2.753390919924957500, 1.016472563041977100, -2.170718492666377000 ) ) ;
#6671 = DIRECTION ( 'NONE',  ( -2.908576945033690500E-015, 0.0000000000000000000, 1.000000000000000000 ) ) ;
#6672 = VECTOR ( 'NONE', #1571, 1000.000000000000000 ) ;
#6673 = ORIENTED_EDGE ( 'NONE', *, *, #6396, .F. ) ;
#6674 = EDGE_CURVE ( 'NONE', #5030, #6262, #5350, .T. ) ;
#6675 = VERTEX_POINT ( 'NONE', #5583 ) ;
#6676 = AXIS2_PLACEMENT_3D ( 'NONE', #2853, #4606, #7154 ) ;
#6677 = CARTESIAN_POINT ( 'NONE',  ( 2.673172372620631800, 1.073619305476257100, 2.181781623079236200 ) ) ;
#6678 = EDGE_CURVE ( 'NONE', #4779, #4010, #6498, .T. ) ;
#6679 = DIRECTION ( 'NONE',  ( -1.000000000000000000, 0.0000000000000000000, -7.193635098549795200E-015 ) ) ;
#6680 = FACE_OUTER_BOUND ( 'NONE', #1185, .T. ) ;
#6681 = SURFACE_STYLE_FILL_AREA ( #2913 ) ;
#6682 = EDGE_CURVE ( 'NONE', #488, #104, #6870, .T. ) ;
#6683 = CARTESIAN_POINT ( 'NONE',  ( 2.641153803437264800, 1.090326956578684800, 2.147245843324860000 ) ) ;
#6684 = PLANE ( 'NONE',  #5391 ) ;
#6685 = ORIENTED_EDGE ( 'NONE', *, *, #1413, .F. ) ;
#6686 = PRESENTATION_STYLE_ASSIGNMENT (( #926 ) ) ;
#6687 = ORIENTED_EDGE ( 'NONE', *, *, #4744, .T. ) ;
#6689 = ORIENTED_EDGE ( 'NONE', *, *, #5691, .F. ) ;
#6688 = CARTESIAN_POINT ( 'NONE',  ( 2.750000000000064400, 4.944146853836610200, -2.159999999999909500 ) ) ;
#6690 = DIRECTION ( 'NONE',  ( 0.0000000000000000000, -1.000000000000000000, 0.0000000000000000000 ) ) ;
#6691 = CARTESIAN_POINT ( 'NONE',  ( 2.750000000000006700, 0.3000000000000000400, 0.8899999999999437300 ) ) ;
#6692 = CARTESIAN_POINT ( 'NONE',  ( -1.090000000000000100, 0.05000000000000002400, 0.2499999999999967500 ) ) ;
#6693 = ADVANCED_FACE ( 'NONE', ( #4985 ), #3371, .T. ) ;
#6695 = EDGE_LOOP ( 'NONE', ( #4407, #6008, #169, #1156 ) ) ;
#6694 = CARTESIAN_POINT ( 'NONE',  ( -2.814445482107879000, 0.8761377525753089000, -2.162284338101319500 ) ) ;
#6696 = DIRECTION ( 'NONE',  ( -1.000000000000000000, 0.0000000000000000000, 1.623157213851315000E-017 ) ) ;
#6698 = VERTEX_POINT ( 'NONE', #478 ) ;
#6697 = VECTOR ( 'NONE', #1900, 1000.000000000000000 ) ;
#6699 = ORIENTED_EDGE ( 'NONE', *, *, #1875, .F. ) ;
#6700 = ORIENTED_EDGE ( 'NONE', *, *, #6257, .T. ) ;
#6701 = ORIENTED_EDGE ( 'NONE', *, *, #3799, .F. ) ;
#6702 = ORIENTED_EDGE ( 'NONE', *, *, #7125, .T. ) ;
#6703 = DIRECTION ( 'NONE',  ( -7.395515293930508900E-016, 0.0000000000000000000, -1.000000000000000000 ) ) ;
#6704 = CARTESIAN_POINT ( 'NONE',  ( 2.596059826134700100, 1.100000000000000100, 2.145415886819817900 ) ) ;
#6706 = VERTEX_POINT ( 'NONE', #4468 ) ;
#6705 = VECTOR ( 'NONE', #648, 1000.000000000000000 ) ;
#6707 = ORIENTED_EDGE ( 'NONE', *, *, #506, .F. ) ;
#6708 = FACE_OUTER_BOUND ( 'NONE', #2411, .T. ) ;
#6709 = CARTESIAN_POINT ( 'NONE',  ( 2.682886332522784300, 1.071421919568826600, 2.150857270392807900 ) ) ;
#6711 = ORIENTED_EDGE ( 'NONE', *, *, #5891, .F. ) ;
#6710 = CARTESIAN_POINT ( 'NONE',  ( 2.750000000000012900, 0.3000000000000000400, -0.8899999999999244100 ) ) ;
#6712 = CARTESIAN_POINT ( 'NONE',  ( 2.800000000000065500, 4.944146853836610200, -2.109999999999908400 ) ) ;
#6713 = LINE ( 'NONE', #3547, #492 ) ;
#6714 = LINE ( 'NONE', #7318, #3506 ) ;
#6715 = EDGE_LOOP ( 'NONE', ( #551, #5381, #1121, #3577 ) ) ;
#6716 = FACE_OUTER_BOUND ( 'NONE', #7342, .T. ) ;
#6717 = CARTESIAN_POINT ( 'NONE',  ( 2.490000000000000200, 0.3000000000000000400, 0.2500000000000087700 ) ) ;
#6718 = CARTESIAN_POINT ( 'NONE',  ( 2.587284338101318000, 0.8761377525753096800, -2.389445482107877900 ) ) ;
#6719 = LINE ( 'NONE', #629, #1023 ) ;
#6720 = CARTESIAN_POINT ( 'NONE',  ( 2.874999999999991100, 0.3000000000000000400, 2.450000000000010400 ) ) ;
#6721 = LINE ( 'NONE', #6271, #4869 ) ;
#6722 = ORIENTED_EDGE ( 'NONE', *, *, #7264, .T. ) ;
#6723 = CARTESIAN_POINT ( 'NONE',  ( -2.999999999999987100, 0.2999999999999999300, -1.699999999999925100 ) ) ;
#6724 = CARTESIAN_POINT ( 'NONE',  ( -2.874999999999991100, 0.3000000000000000400, -2.450000000000010400 ) ) ;
#6725 = DIRECTION ( 'NONE',  ( 1.000000000000000000, 0.0000000000000000000, -9.518944730982915100E-015 ) ) ;
#6726 = EDGE_CURVE ( 'NONE', #6239, #2304, #284, .T. ) ;
#6727 = PRESENTATION_LAYER_ASSIGNMENT (  '', '', ( #6446 ) ) ;
#6728 = CARTESIAN_POINT ( 'NONE',  ( -2.568458814361283900, 1.100000000000000100, 2.171424261741086600 ) ) ;
#6729 = ORIENTED_EDGE ( 'NONE', *, *, #2755, .F. ) ;
#6730 = VECTOR ( 'NONE', #3618, 1000.000000000000000 ) ;
#6731 = LINE ( 'NONE', #590, #2459 ) ;
#6732 = EDGE_CURVE ( 'NONE', #3869, #4883, #2313, .T. ) ;
#6733 = EDGE_CURVE ( 'NONE', #1773, #1111, #4085, .T. ) ;
#6734 = PLANE ( 'NONE',  #4384 ) ;
#6735 = CARTESIAN_POINT ( 'NONE',  ( 2.565815600712991100, 1.100000000000000100, 2.140815600713008600 ) ) ;
#6736 = ORIENTED_EDGE ( 'NONE', *, *, #3284, .T. ) ;
#6737 = DIRECTION ( 'NONE',  ( 0.0000000000000000000, -1.000000000000000000, 0.0000000000000000000 ) ) ;
#6738 = ADVANCED_FACE ( 'NONE', ( #1963 ), #4547, .F. ) ;
#6739 = LINE ( 'NONE', #3306, #6646 ) ;
#6740 = AXIS2_PLACEMENT_3D ( 'NONE', #655, #6953, #2924 ) ;
#6741 = PLANE ( 'NONE',  #5008 ) ;
#6742 = ORIENTED_EDGE ( 'NONE', *, *, #783, .F. ) ;
#6743 = DIRECTION ( 'NONE',  ( 1.000000000000000000, 0.0000000000000000000, 2.407279166357628900E-015 ) ) ;
#6744 = ORIENTED_EDGE ( 'NONE', *, *, #4270, .T. ) ;
#6745 = ORIENTED_EDGE ( 'NONE', *, *, #4058, .F. ) ;
#6746 = EDGE_CURVE ( 'NONE', #3833, #4230, #4644, .T. ) ;
#6747 = CARTESIAN_POINT ( 'NONE',  ( 2.875000000000008400, 0.3000000000000000400, -2.449999999999990400 ) ) ;
#6748 = ORIENTED_EDGE ( 'NONE', *, *, #3664, .T. ) ;
#6749 = CARTESIAN_POINT ( 'NONE',  ( 2.800000000000049600, 0.2999999999999999300, -0.4299999999999634700 ) ) ;
#6750 = PLANE ( 'NONE',  #4092 ) ;
#6751 = CARTESIAN_POINT ( 'NONE',  ( 2.750000000000006700, 4.944146853836610200, 0.8899999999999437300 ) ) ;
#6752 = CARTESIAN_POINT ( 'NONE',  ( -2.565815600712991100, 1.100000000000000100, -2.140815600713008600 ) ) ;
#6753 = DIRECTION ( 'NONE',  ( -3.491481338843133400E-015, 0.0000000000000000000, 1.000000000000000000 ) ) ;
#6754 = ORIENTED_EDGE ( 'NONE', *, *, #2383, .T. ) ;
#6755 = CARTESIAN_POINT ( 'NONE',  ( -2.683883852877797100, 1.072277086138961000, 2.151011395140711700 ) ) ;
#6756 = ADVANCED_FACE ( 'NONE', ( #201 ), #3352, .T. ) ;
#6757 = CARTESIAN_POINT ( 'NONE',  ( -2.582637249183950000, 1.006759644811853200, -2.335721846178016500 ) ) ;
#6758 = ADVANCED_FACE ( 'NONE', ( #4457 ), #114, .T. ) ;
#6759 = DIRECTION ( 'NONE',  ( 1.000000000000000000, 0.0000000000000000000, 9.894763254153616200E-016 ) ) ;
#6760 = CARTESIAN_POINT ( 'NONE',  ( 2.565815600712991100, 1.100000000000000100, 2.140815600713008600 ) ) ;
#6761 = VECTOR ( 'NONE', #1425, 1000.000000000000000 ) ;
#6762 = CARTESIAN_POINT ( 'NONE',  ( 2.750000000000039500, 0.0000000000000000000, -1.649999999999908700 ) ) ;
#6763 = DIRECTION ( 'NONE',  ( 1.000000000000000000, 0.0000000000000000000, 3.491481338843133400E-015 ) ) ;
#6764 = CARTESIAN_POINT ( 'NONE',  ( 2.750000000000006700, 0.2999999999999999300, 0.8899999999999437300 ) ) ;
#6765 = DIRECTION ( 'NONE',  ( 0.0000000000000000000, -1.000000000000000000, 0.0000000000000000000 ) ) ;
#6766 = CARTESIAN_POINT ( 'NONE',  ( -2.389999999999955300, 4.944146853836610200, -0.8899999999999824700 ) ) ;
#6767 = ORIENTED_EDGE ( 'NONE', *, *, #2212, .F. ) ;
#6768 = AXIS2_PLACEMENT_3D ( 'NONE', #6511, #5353, #3024 ) ;
#6769 = ORIENTED_EDGE ( 'NONE', *, *, #6542, .F. ) ;
#6770 = DIRECTION ( 'NONE',  ( -0.0000000000000000000, -1.000000000000000000, 0.0000000000000000000 ) ) ;
#6771 = EDGE_CURVE ( 'NONE', #3833, #6600, #2922, .T. ) ;
#6772 = CARTESIAN_POINT ( 'NONE',  ( -0.6500000000000054600, 0.3000000000000000400, 1.904999999999900600 ) ) ;
#6773 = LINE ( 'NONE', #1781, #1605 ) ;
#6774 = VERTEX_POINT ( 'NONE', #525 ) ;
#6775 = CARTESIAN_POINT ( 'NONE',  ( -2.596357978109007400, 1.100000000000000100, -2.143849760719790600 ) ) ;
#6776 = ORIENTED_EDGE ( 'NONE', *, *, #1007, .T. ) ;
#6777 = SURFACE_SIDE_STYLE ('',( #1235 ) ) ;
#6778 = EDGE_LOOP ( 'NONE', ( #5988, #4332, #7166, #2416, #3322, #1206, #1649, #4445 ) ) ;
#6779 = EDGE_CURVE ( 'NONE', #2373, #6783, #2485, .T. ) ;
#6780 = AXIS2_PLACEMENT_3D ( 'NONE', #271, #6474, #1414 ) ;
#6781 = CARTESIAN_POINT ( 'NONE',  ( -2.626832952004467500, 1.094177520935351700, 2.146479642831526900 ) ) ;
#6782 = FACE_OUTER_BOUND ( 'NONE', #2933, .T. ) ;
#6783 = VERTEX_POINT ( 'NONE', #3433 ) ;
#6784 = EDGE_LOOP ( 'NONE', ( #3118, #3052, #3073, #7097 ) ) ;
#6785 = CARTESIAN_POINT ( 'NONE',  ( -2.999999999999983100, 4.944146853836610200, -0.4299999999999799500 ) ) ;
#6786 = CARTESIAN_POINT ( 'NONE',  ( 4.686327225257614600E-015, 0.05000000000000000300, 0.8899999999999580500 ) ) ;
#6787 = CARTESIAN_POINT ( 'NONE',  ( 2.875000000000008400, 0.3000000000000000400, -2.449999999999990400 ) ) ;
#6788 = CARTESIAN_POINT ( 'NONE',  ( 2.875000000000003100, 0.3000000000000000400, -0.8399999999999628900 ) ) ;
#6789 = EDGE_CURVE ( 'NONE', #1958, #5540, #1593, .T. ) ;
#6790 = EDGE_LOOP ( 'NONE', ( #3653, #993, #35, #5533 ) ) ;
#6791 = DIRECTION ( 'NONE',  ( -4.062114061203939100E-015, 0.0000000000000000000, 1.000000000000000000 ) ) ;
#6792 = LINE ( 'NONE', #2708, #1454 ) ;
#6793 = VERTEX_POINT ( 'NONE', #32 ) ;
#6794 = CARTESIAN_POINT ( 'NONE',  ( 2.749999999999999100, 4.944146853836610200, 1.649999999999850700 ) ) ;
#6795 = ADVANCED_FACE ( 'NONE', ( #95 ), #610, .T. ) ;
#6797 = ORIENTED_EDGE ( 'NONE', *, *, #3105, .T. ) ;
#6796 = LINE ( 'NONE', #6565, #3039 ) ;
#6798 = ORIENTED_EDGE ( 'NONE', *, *, #4598, .F. ) ;
#6799 = FACE_OUTER_BOUND ( 'NONE', #5745, .T. ) ;
#6800 = CARTESIAN_POINT ( 'NONE',  ( -2.390000000000007200, 4.944146853836610200, 0.3799999999999915700 ) ) ;
#6801 = CARTESIAN_POINT ( 'NONE',  ( 2.579262904760915000, 1.056305036604360900, -2.285280226771525300 ) ) ;
#6802 = CARTESIAN_POINT ( 'NONE',  ( 2.875000000000001300, 0.3000000000000000400, -0.4299999999999620200 ) ) ;
#6803 = CARTESIAN_POINT ( 'NONE',  ( -2.580866473548475400, 1.100000000000000100, -2.166215425438051200 ) ) ;
#6804 = EDGE_CURVE ( 'NONE', #4851, #282, #5972, .T. ) ;
#6805 = ORIENTED_EDGE ( 'NONE', *, *, #888, .T. ) ;
#6806 = VECTOR ( 'NONE', #5062, 1000.000000000000000 ) ;
#6807 = LINE ( 'NONE', #289, #3936 ) ;
#6808 = ORIENTED_EDGE ( 'NONE', *, *, #4008, .T. ) ;
#6809 = LINE ( 'NONE', #3323, #4941 ) ;
#6810 = CARTESIAN_POINT ( 'NONE',  ( -2.568849760719788200, 1.100000000000000100, 2.171357978109008000 ) ) ;
#6811 = DIRECTION ( 'NONE',  ( -1.000000000000000000, 0.0000000000000000000, -3.491481338843133400E-015 ) ) ;
#6812 = DIRECTION ( 'NONE',  ( 1.000000000000000000, 0.0000000000000000000, -5.265536208154871600E-015 ) ) ;
#6813 = ORIENTED_EDGE ( 'NONE', *, *, #4300, .T. ) ;
#6814 = ORIENTED_EDGE ( 'NONE', *, *, #6575, .T. ) ;
#6815 = FACE_OUTER_BOUND ( 'NONE', #1100, .T. ) ;
#6816 = VECTOR ( 'NONE', #5220, 1000.000000000000000 ) ;
#6817 = ORIENTED_EDGE ( 'NONE', *, *, #2910, .F. ) ;
#6818 = CARTESIAN_POINT ( 'NONE',  ( 2.769401804784206600, 0.9439359755741486600, -2.267347204128447500 ) ) ;
#6819 = VECTOR ( 'NONE', #7395, 1000.000000000000000 ) ;
#6820 = CARTESIAN_POINT ( 'NONE',  ( 2.818944407858314300, 0.8333333333333331500, -2.393944407858296300 ) ) ;
#6821 = AXIS2_PLACEMENT_3D ( 'NONE', #5751, #619, #4616 ) ;
#6822 = DIRECTION ( 'NONE',  ( 1.000000000000000000, 0.0000000000000000000, 1.373532255474061000E-014 ) ) ;
#6823 = DIRECTION ( 'NONE',  ( -1.000000000000000000, 0.0000000000000000000, -9.894763254153612300E-016 ) ) ;
#6824 = ORIENTED_EDGE ( 'NONE', *, *, #5310, .F. ) ;
#6825 = CARTESIAN_POINT ( 'NONE',  ( -0.6500000000000054600, 0.05000000000000002400, 1.904999999999900600 ) ) ;
#6826 = CARTESIAN_POINT ( 'NONE',  ( 2.875000000000008400, 0.05000000000000000300, -2.449999999999990400 ) ) ;
#6827 = VERTEX_POINT ( 'NONE', #5129 ) ;
#6828 = VECTOR ( 'NONE', #6064, 1000.000000000000000 ) ;
#6829 = CARTESIAN_POINT ( 'NONE',  ( 3.000000000000039100, 0.0000000000000000000, 0.4299999999999824500 ) ) ;
#6830 = VERTEX_POINT ( 'NONE', #5811 ) ;
#6831 = DIRECTION ( 'NONE',  ( -1.000000000000000000, 0.0000000000000000000, 1.331179923943306900E-013 ) ) ;
#6832 = DIRECTION ( 'NONE',  ( -3.613946018757868500E-015, 0.0000000000000000000, 1.000000000000000000 ) ) ;
#6833 = CARTESIAN_POINT ( 'NONE',  ( 2.568849760719788200, 1.100000000000000100, -2.171357978109008000 ) ) ;
#6834 = VERTEX_POINT ( 'NONE', #2376 ) ;
#6835 = PLANE ( 'NONE',  #3530 ) ;
#6836 = EDGE_LOOP ( 'NONE', ( #5665, #6555, #3177, #467 ) ) ;
#6837 = LINE ( 'NONE', #5089, #1490 ) ;
#6838 = VECTOR ( 'NONE', #1031, 1000.000000000000000 ) ;
#6839 = CARTESIAN_POINT ( 'NONE',  ( -2.389999999999953500, 4.944146853836610200, -0.3799999999999846300 ) ) ;
#6840 = ORIENTED_EDGE ( 'NONE', *, *, #5437, .F. ) ;
#6841 = EDGE_CURVE ( 'NONE', #5987, #3686, #2562, .T. ) ;
#6842 = AXIS2_PLACEMENT_3D ( 'NONE', #5284, #813, #2465 ) ;
#6843 = CARTESIAN_POINT ( 'NONE',  ( -2.753390922139574000, 1.016472566903600300, 2.170718526142778200 ) ) ;
#6844 = ADVANCED_FACE ( 'NONE', ( #4981 ), #1183, .F. ) ;
#6845 = EDGE_CURVE ( 'NONE', #2461, #1202, #1508, .T. ) ;
#6846 = LINE ( 'NONE', #6523, #3615 ) ;
#6847 = EDGE_CURVE ( 'NONE', #1211, #1124, #3019, .T. ) ;
#6848 = CARTESIAN_POINT ( 'NONE',  ( 2.490000000000006400, 0.0000000000000000000, -1.649999999999908900 ) ) ;
#6849 = ORIENTED_EDGE ( 'NONE', *, *, #4158, .F. ) ;
#6850 = CARTESIAN_POINT ( 'NONE',  ( 2.801936795764475600, 0.9366113776210216500, -2.164792184007807900 ) ) ;
#6851 = VERTEX_POINT ( 'NONE', #149 ) ;
#6852 = ORIENTED_EDGE ( 'NONE', *, *, #3622, .T. ) ;
#6853 = CARTESIAN_POINT ( 'NONE',  ( -2.750000000000016900, 0.3000000000000000400, -2.159999999999927800 ) ) ;
#6854 = VERTEX_POINT ( 'NONE', #2358 ) ;
#6855 = CARTESIAN_POINT ( 'NONE',  ( -2.750000000000016900, 0.05000000000000002400, -2.159999999999927800 ) ) ;
#6856 = CARTESIAN_POINT ( 'NONE',  ( 2.750000000000039500, 0.2999999999999999300, -1.649999999999908700 ) ) ;
#6857 = ORIENTED_EDGE ( 'NONE', *, *, #318, .F. ) ;
#6858 = CARTESIAN_POINT ( 'NONE',  ( 2.818944407858297500, 0.8333333333333331500, 2.393944407858315900 ) ) ;
#6859 = DIRECTION ( 'NONE',  ( 7.193635098549793600E-015, 0.0000000000000000000, -1.000000000000000000 ) ) ;
#6860 = EDGE_LOOP ( 'NONE', ( #5482, #1769, #3003, #3348 ) ) ;
#6861 = LINE ( 'NONE', #4281, #4733 ) ;
#6862 = CARTESIAN_POINT ( 'NONE',  ( 2.576011395140728000, 1.072277086138961400, -2.258883852877780800 ) ) ;
#6863 = DIRECTION ( 'NONE',  ( -1.000000000000000000, 0.0000000000000000000, -3.491481338843133400E-015 ) ) ;
#6864 = DIRECTION ( 'NONE',  ( -1.000000000000000000, 0.0000000000000000000, -3.491481338843133400E-015 ) ) ;
#6865 = CYLINDRICAL_SURFACE ( 'NONE', #411, 0.2500000000000002200 ) ;
#6866 = CARTESIAN_POINT ( 'NONE',  ( -2.565815600713005700, 1.100000000000000100, 2.140815600712990400 ) ) ;
#6867 = DIRECTION ( 'NONE',  ( -3.491481338843133400E-015, 0.0000000000000000000, 1.000000000000000000 ) ) ;
#6868 = CARTESIAN_POINT ( 'NONE',  ( 2.587009817579256900, 0.9065729647699590800, -2.386246612405010600 ) ) ;
#6869 = DIRECTION ( 'NONE',  ( -1.000000000000000000, 0.0000000000000000000, 1.168734907595625700E-014 ) ) ;
#6870 = LINE ( 'NONE', #582, #2136 ) ;
#6871 = ORIENTED_EDGE ( 'NONE', *, *, #888, .F. ) ;
#6872 = DIRECTION ( 'NONE',  ( 1.011419298254362300E-014, 0.0000000000000000000, 1.000000000000000000 ) ) ;
#6873 = ORIENTED_EDGE ( 'NONE', *, *, #592, .T. ) ;
#6874 = PLANE ( 'NONE',  #5259 ) ;
#6875 = DIRECTION ( 'NONE',  ( -1.000000000000000000, 0.0000000000000000000, -3.491481338843133400E-015 ) ) ;
#6876 = ADVANCED_FACE ( 'NONE', ( #5344 ), #2877, .T. ) ;
#6877 = LINE ( 'NONE', #3968, #5717 ) ;
#6878 = LINE ( 'NONE', #6537, #2144 ) ;
#6879 = CARTESIAN_POINT ( 'NONE',  ( -0.9969999999999911200, 0.0000000000000000000, -2.450000000000003700 ) ) ;
#6880 = EDGE_CURVE ( 'NONE', #5383, #3327, #5155, .T. ) ;
#6881 = ORIENTED_EDGE ( 'NONE', *, *, #2769, .T. ) ;
#6882 = CARTESIAN_POINT ( 'NONE',  ( 2.675256969601392100, 1.059342892322258300, -2.226655354342337700 ) ) ;
#6883 = CARTESIAN_POINT ( 'NONE',  ( 2.800000000000052200, 0.0000000000000000000, -0.8399999999999632200 ) ) ;
#6884 = DIRECTION ( 'NONE',  ( -1.000000000000000000, 0.0000000000000000000, 7.199956750943203300E-015 ) ) ;
#6885 = EDGE_CURVE ( 'NONE', #2870, #6130, #3634, .T. ) ;
#6886 = VECTOR ( 'NONE', #4889, 1000.000000000000000 ) ;
#6887 = ORIENTED_EDGE ( 'NONE', *, *, #3211, .T. ) ;
#6888 = EDGE_CURVE ( 'NONE', #4675, #6261, #5425, .T. ) ;
#6889 = CARTESIAN_POINT ( 'NONE',  ( -2.390000000000004600, 0.0000000000000000000, 1.649999999999909300 ) ) ;
#6890 = CARTESIAN_POINT ( 'NONE',  ( -2.580427588594463600, 1.034052329439648000, -2.310023917720022800 ) ) ;
#6891 = ORIENTED_EDGE ( 'NONE', *, *, #4413, .T. ) ;
#6892 = LINE ( 'NONE', #1391, #3034 ) ;
#6893 = ORIENTED_EDGE ( 'NONE', *, *, #2016, .F. ) ;
#6894 = CARTESIAN_POINT ( 'NONE',  ( 2.800000000000062900, 0.3000000000000000400, -1.699999999999908700 ) ) ;
#6895 = DIRECTION ( 'NONE',  ( -4.767013306472753900E-015, 0.0000000000000000000, 1.000000000000000000 ) ) ;
#6896 = EDGE_CURVE ( 'NONE', #4763, #3612, #4275, .T. ) ;
#6897 = CARTESIAN_POINT ( 'NONE',  ( 2.814446074555074800, 0.8761321158169127500, -2.162286107418065900 ) ) ;
#6898 = DIRECTION ( 'NONE',  ( -0.7071067811871001300, 0.0000000000000000000, -0.7071067811859949000 ) ) ;
#6900 = ORIENTED_EDGE ( 'NONE', *, *, #799, .F. ) ;
#6899 = VECTOR ( 'NONE', #5175, 1000.000000000000000 ) ;
#6901 = EDGE_LOOP ( 'NONE', ( #262, #2611, #255, #1897 ) ) ;
#6902 = CARTESIAN_POINT ( 'NONE',  ( -2.750000000000012400, 0.3000000000000000400, -0.8899999999999823600 ) ) ;
#6903 = LINE ( 'NONE', #2157, #4224 ) ;
#6904 = ADVANCED_FACE ( 'NONE', ( #3802 ), #5770, .T. ) ;
#6905 =( LENGTH_UNIT ( ) NAMED_UNIT ( * ) SI_UNIT ( .MILLI., .METRE. ) );
#6906 = VECTOR ( 'NONE', #6602, 999.9999999999998900 ) ;
#6907 = CARTESIAN_POINT ( 'NONE',  ( 2.571090194629101600, 1.094165267273312200, -2.201895891117744000 ) ) ;
#6908 = VECTOR ( 'NONE', #108, 1000.000000000000000 ) ;
#6909 = ORIENTED_EDGE ( 'NONE', *, *, #3909, .T. ) ;
#6910 = CARTESIAN_POINT ( 'NONE',  ( -2.578328457441325700, 1.053603760312514300, 2.286027856114165100 ) ) ;
#6911 = VECTOR ( 'NONE', #4572, 1000.000000000000000 ) ;
#6912 = DIRECTION ( 'NONE',  ( -0.0000000000000000000, -1.000000000000000000, 0.0000000000000000000 ) ) ;
#6913 = AXIS2_PLACEMENT_3D ( 'NONE', #1596, #1054, #2679 ) ;
#6914 = ORIENTED_EDGE ( 'NONE', *, *, #3798, .F. ) ;
#6915 = DIRECTION ( 'NONE',  ( -1.000000000000000000, 0.0000000000000000000, -3.491481338843133400E-015 ) ) ;
#6917 = ORIENTED_EDGE ( 'NONE', *, *, #2008, .F. ) ;
#6916 = VECTOR ( 'NONE', #3053, 1000.000000000000000 ) ;
#6918 = LINE ( 'NONE', #4043, #2005 ) ;
#6919 = ORIENTED_EDGE ( 'NONE', *, *, #3006, .T. ) ;
#6920 = ADVANCED_FACE ( 'NONE', ( #5520 ), #5149, .T. ) ;
#6921 = SURFACE_SIDE_STYLE ('',( #6681 ) ) ;
#6922 = CARTESIAN_POINT ( 'NONE',  ( -2.750000000000003100, 4.944146853836610200, 1.649999999999907800 ) ) ;
#6923 = CARTESIAN_POINT ( 'NONE',  ( 2.633390429027121700, 0.8805512600180576100, -2.385387101451459800 ) ) ;
#6924 = CARTESIAN_POINT ( 'NONE',  ( 2.578301215384537000, 1.056223637731298300, -2.285400185261162100 ) ) ;
#6925 = CARTESIAN_POINT ( 'NONE',  ( 3.000000000000052400, 4.944146853836610200, -0.8399999999999625500 ) ) ;
#6926 = ORIENTED_EDGE ( 'NONE', *, *, #2249, .T. ) ;
#6927 = ORIENTED_EDGE ( 'NONE', *, *, #6033, .T. ) ;
#6928 = FACE_OUTER_BOUND ( 'NONE', #5559, .T. ) ;
#6929 = B_SPLINE_SURFACE_WITH_KNOTS ( 'NONE', 3, 3, ( 
 ( #7390, #3918, #3441, #4552, #4530, #2827, #4575, #2242, #6283, #2804, #371, #5461, #2560, #940, #1485, #5414 ),
 ( #3724, #2044, #3700, #2003, #4899, #7162, #3167, #4944, #1522, #6040, #327, #7135, #4849, #5513, #4371, #2605 ),
 ( #4920, #6549, #4323, #3134, #3777, #2028, #2102, #6080, #892, #2067, #2654, #2585, #4297, #3208, #6591, #4876 ),
 ( #1460, #5994, #5434, #6018, #393, #6567, #349, #6620, #909, #3184, #963, #1505, #7196, #2633, #3745, #864 ),
 ( #4346, #5488, #6059, #7215, #6648, #7118, #3678, #301, #4273, #1436, #323, #1488, #882, #1584, #3801, #451 ),
 ( #4331, #2636, #6599, #6138, #3189, #1008, #985, #7202, #4405, #6065, #7220, #2111, #2130, #6046, #1531, #403 ),
 ( #5545, #5518, #6118, #7243, #2687, #6677, #3288, #6631, #1493, #4436, #6088, #4972, #4904, #3755, #5496, #2615 ),
 ( #917, #3823, #5467, #2075, #7300, #1507, #4377, #969, #3214, #4989, #378, #431, #5572, #4356, #2155, #3268 ),
 ( #2663, #2718, #1559, #6704, #948, #7273, #354, #4926, #2051, #3782, #4949, #6654, #3243, #4536, #1116, #5080 ),
 ( #2833, #6760, #2253, #2183, #6161, #4559, #3925, #3390, #2734, #6735, #1682, #6215, #6235, #1060, #5675, #2208 ) ),
 .UNSPECIFIED., .F., .F., .F.,
 ( 4, 2, 2, 2, 4 ),
 ( 4, 2, 1, 2, 2, 2, 1, 2, 4 ),
 ( 0.0000000000000000000, 0.2500000000000000000, 0.5000000000000000000, 0.7500000000000000000, 1.000000000000000000 ),
 ( 0.0000000000000000000, 0.01562500000000000000, 0.1250000000000000000, 0.2500000000000000000, 0.5000000000000000000, 0.7500000000000000000, 0.8750000000000000000, 0.9843750000000000000, 1.000000000000000000 ),
 .UNSPECIFIED. ) ;
#6930 = CARTESIAN_POINT ( 'NONE',  ( 2.811990905077335500, 0.8994914930250135200, -2.386990905077317500 ) ) ;
#6931 = CARTESIAN_POINT ( 'NONE',  ( 2.875000000000008400, 0.3000000000000000400, -2.449999999999990400 ) ) ;
#6932 = CARTESIAN_POINT ( 'NONE',  ( 2.490000000000006400, 4.944146853836610200, -1.649999999999908900 ) ) ;
#6933 = CARTESIAN_POINT ( 'NONE',  ( 2.750000000000040400, 0.3000000000000000400, -0.3799999999999621500 ) ) ;
#6934 = CARTESIAN_POINT ( 'NONE',  ( -3.000000000000007100, 0.2999999999999999300, 0.4299999999999895600 ) ) ;
#6935 = LINE ( 'NONE', #3275, #5409 ) ;
#6936 = VERTEX_POINT ( 'NONE', #3621 ) ;
#6937 = EDGE_CURVE ( 'NONE', #5945, #1068, #1690, .T. ) ;
#6938 = CARTESIAN_POINT ( 'NONE',  ( 2.596059825573754100, 1.100000000000000300, -2.145415888038162400 ) ) ;
#6939 = CARTESIAN_POINT ( 'NONE',  ( 2.755796319343881700, 1.015348775007828500, -2.157221402589238700 ) ) ;
#6940 = VERTEX_POINT ( 'NONE', #828 ) ;
#6941 = AXIS2_PLACEMENT_3D ( 'NONE', #958, #2597, #4365 ) ;
#6942 = CARTESIAN_POINT ( 'NONE',  ( -2.565815600713005300, 1.100000000000000100, 2.140815600712990800 ) ) ;
#6943 = EDGE_CURVE ( 'NONE', #5815, #7254, #2829, .T. ) ;
#6944 = CARTESIAN_POINT ( 'NONE',  ( -2.800000000000004700, 4.944146853836610200, 1.699999999999908500 ) ) ;
#6945 = CARTESIAN_POINT ( 'NONE',  ( 2.583839457273967800, 0.9906556768458135700, -2.349533543832313500 ) ) ;
#6946 = CARTESIAN_POINT ( 'NONE',  ( 2.750000000000040400, 4.944146853836610200, -0.3799999999999621500 ) ) ;
#6947 = DIRECTION ( 'NONE',  ( -3.491481338843133400E-015, 0.0000000000000000000, 1.000000000000000000 ) ) ;
#6948 = CARTESIAN_POINT ( 'NONE',  ( 0.0000000000000000000, 0.05000000000000000300, 0.0000000000000000000 ) ) ;
#6949 =( BOUNDED_SURFACE ( )  B_SPLINE_SURFACE ( 2, 3, ( 
 ( #7308, #3867, #3914, #483, #4469, #508, #2216 ),
 ( #5026, #3354, #3372, #4525, #1615, #7353, #1669 ),
 ( #2238, #7383, #1289, #5251, #5195, #67, #3454 ) ),
 .UNSPECIFIED., .F., .F., .T. ) 
 B_SPLINE_SURFACE_WITH_KNOTS ( ( 3, 3 ),
 ( 4, 3, 4 ),
 ( 0.0000000000000000000, 1.000000000000000000 ),
 ( -0.001007574236164228600, -0.0008087892385205195000, 0.0000000000000000000 ),
 .UNSPECIFIED. ) 
 GEOMETRIC_REPRESENTATION_ITEM ( )  RATIONAL_B_SPLINE_SURFACE ( (
 ( 1.000000000000000000, 1.000000000000000000, 1.000000000000000000, 1.000000000000000000, 1.000000000000000000, 1.000000000000000000, 1.000000000000000000),
 ( 0.7109592814054462900, 0.7109592814054462900, 0.7109592814054462900, 0.7109592814054462900, 0.7109592814054462900, 0.7109592814054462900, 0.7109592814054462900),
 ( 1.000000000000000000, 1.000000000000000000, 1.000000000000000000, 1.000000000000000000, 1.000000000000000000, 1.000000000000000000, 1.000000000000000000) ) ) 
 REPRESENTATION_ITEM ( '' )  SURFACE ( )  );
#6950 = CARTESIAN_POINT ( 'NONE',  ( 2.490000000000006400, 0.0000000000000000000, -1.649999999999908900 ) ) ;
#6951 = CARTESIAN_POINT ( 'NONE',  ( 2.578301215384521100, 1.056223637731297900, 2.285400185261179800 ) ) ;
#6952 = VECTOR ( 'NONE', #4800, 1000.000000000000000 ) ;
#6953 = DIRECTION ( 'NONE',  ( 0.0000000000000000000, 1.000000000000000000, 0.0000000000000000000 ) ) ;
#6954 = CARTESIAN_POINT ( 'NONE',  ( 2.800000000000052200, 0.3000000000000000400, -0.8399999999999632200 ) ) ;
#6955 = EDGE_CURVE ( 'NONE', #5116, #5213, #3459, .T. ) ;
#6956 = SURFACE_SIDE_STYLE ('',( #5205 ) ) ;
#6957 = CARTESIAN_POINT ( 'NONE',  ( 2.874999999999996900, 0.05000000000000000300, 0.8399999999999829800 ) ) ;
#6958 = VECTOR ( 'NONE', #4913, 1000.000000000000000 ) ;
#6959 = CARTESIAN_POINT ( 'NONE',  ( 2.750000000000039500, 4.944146853836610200, -1.649999999999908700 ) ) ;
#6960 = VERTEX_POINT ( 'NONE', #1925 ) ;
#6961 = DIRECTION ( 'NONE',  ( -0.7071067811865482400, 0.0000000000000000000, -0.7071067811865469100 ) ) ;
#6962 = CARTESIAN_POINT ( 'NONE',  ( -2.589792172563153200, 0.9366113763706397400, 2.376936795370647300 ) ) ;
#6963 = VECTOR ( 'NONE', #712, 1000.000000000000000 ) ;
#6964 = ORIENTED_EDGE ( 'NONE', *, *, #1114, .F. ) ;
#6965 = ORIENTED_EDGE ( 'NONE', *, *, #2659, .T. ) ;
#6966 = AXIS2_PLACEMENT_3D ( 'NONE', #519, #2263, #6242 ) ;
#6967 = EDGE_LOOP ( 'NONE', ( #83, #5873, #4125, #1088 ) ) ;
#6968 = CARTESIAN_POINT ( 'NONE',  ( 2.599049290126526300, 0.9920075492363225100, -2.347156992320184300 ) ) ;
#6969 = DIRECTION ( 'NONE',  ( 1.000000000000000000, 0.0000000000000000000, 3.613946018757911100E-015 ) ) ;
#6970 = FACE_OUTER_BOUND ( 'NONE', #841, .T. ) ;
#6971 = VERTEX_POINT ( 'NONE', #7015 ) ;
#6972 = ORIENTED_EDGE ( 'NONE', *, *, #5280, .T. ) ;
#6973 = CARTESIAN_POINT ( 'NONE',  ( 3.000000000000065700, 0.2999999999999999300, -2.109999999999907900 ) ) ;
#6974 = CARTESIAN_POINT ( 'NONE',  ( -0.7429999999999907800, 0.2999999999999999300, -2.450000000000002800 ) ) ;
#6975 = DIRECTION ( 'NONE',  ( -0.0000000000000000000, -1.000000000000000000, 0.0000000000000000000 ) ) ;
#6976 = PRESENTATION_LAYER_ASSIGNMENT (  '', '', ( #6341 ) ) ;
#6977 = DIRECTION ( 'NONE',  ( 3.491481338843133400E-015, -0.0000000000000000000, -1.000000000000000000 ) ) ;
#6978 = ORIENTED_EDGE ( 'NONE', *, *, #915, .F. ) ;
#6979 = PLANE ( 'NONE',  #6570 ) ;
#6980 = ADVANCED_FACE ( 'NONE', ( #6666 ), #6865, .T. ) ;
#6981 = LINE ( 'NONE', #3602, #3738 ) ;
#6982 = EDGE_CURVE ( 'NONE', #2288, #3683, #1432, .T. ) ;
#6983 = ORIENTED_EDGE ( 'NONE', *, *, #4659, .F. ) ;
#6984 = AXIS2_PLACEMENT_3D ( 'NONE', #5464, #775, #5440 ) ;
#6985 = CARTESIAN_POINT ( 'NONE',  ( -2.389999999999962800, 0.2999999999999999300, -2.159999999999928600 ) ) ;
#6986 = CARTESIAN_POINT ( 'NONE',  ( 2.565815600713006600, 1.100000000000000100, -2.140815600712989500 ) ) ;
#6987 = CARTESIAN_POINT ( 'NONE',  ( -0.9969999999999911200, 0.2999999999999999300, -2.450000000000003700 ) ) ;
#6988 = CARTESIAN_POINT ( 'NONE',  ( -1.090000000000000100, 4.944146853836610200, 0.2499999999999967500 ) ) ;
#6989 = EDGE_CURVE ( 'NONE', #6169, #5123, #626, .T. ) ;
#6991 = VERTEX_POINT ( 'NONE', #246 ) ;
#6990 = VECTOR ( 'NONE', #938, 1000.000000000000000 ) ;
#6992 = ORIENTED_EDGE ( 'NONE', *, *, #2008, .T. ) ;
#6993 = DIRECTION ( 'NONE',  ( -1.000000000000000000, 0.0000000000000000000, 4.236931729094537300E-016 ) ) ;
#6994 = ADVANCED_FACE ( 'NONE', ( #2736 ), #7082, .T. ) ;
#6995 = CARTESIAN_POINT ( 'NONE',  ( -2.774096924319141300, 0.9909316085068237100, 2.161891734488082100 ) ) ;
#6996 = AXIS2_PLACEMENT_3D ( 'NONE', #6489, #5912, #6469 ) ;
#6997 = DIRECTION ( 'NONE',  ( 1.000000000000000000, 0.0000000000000000000, 3.491481338843133400E-015 ) ) ;
#6998 = LINE ( 'NONE', #743, #3413 ) ;
#6999 = VECTOR ( 'NONE', #7279, 1000.000000000000000 ) ;
#7000 = VERTEX_POINT ( 'NONE', #1382 ) ;
#7001 = DIRECTION ( 'NONE',  ( 1.000000000000000000, -0.0000000000000000000, -1.168734907595625700E-014 ) ) ;
#7002 = VECTOR ( 'NONE', #6048, 1000.000000000000000 ) ;
#7003 = EDGE_CURVE ( 'NONE', #5123, #7045, #4183, .T. ) ;
#7004 = PLANE ( 'NONE',  #4648 ) ;
#7005 = B_SPLINE_CURVE_WITH_KNOTS ( 'NONE', 3,
 ( #2299, #3979, #3458, #5742, #1762, #3510, #4679, #4027, #4000, #1730 ),
 .UNSPECIFIED., .F., .F.,
 ( 4, 2, 2, 2, 4 ),
 ( 0.0000000000000000000, 0.2500000000000000000, 0.5000000000000000000, 0.7500000000000000000, 1.000000000000000000 ),
 .UNSPECIFIED. ) ;
#7006 = ORIENTED_EDGE ( 'NONE', *, *, #6527, .F. ) ;
#7007 = ORIENTED_EDGE ( 'NONE', *, *, #497, .T. ) ;
#7008 = PLANE ( 'NONE',  #2294 ) ;
#7009 = PLANE ( 'NONE',  #3990 ) ;
#7010 = VECTOR ( 'NONE', #3623, 1000.000000000000000 ) ;
#7011 = LINE ( 'NONE', #2808, #7102 ) ;
#7012 = ORIENTED_EDGE ( 'NONE', *, *, #5154, .F. ) ;
#7013 = DIRECTION ( 'NONE',  ( -1.000000000000000000, 0.0000000000000000000, 4.236931729094537300E-016 ) ) ;
#7014 = VECTOR ( 'NONE', #4867, 1000.000000000000000 ) ;
#7015 = CARTESIAN_POINT ( 'NONE',  ( 2.800000000000065500, 0.2999999999999999300, -2.109999999999908400 ) ) ;
#7016 = CARTESIAN_POINT ( 'NONE',  ( 2.750000000000012900, 0.2999999999999999300, -0.8899999999999244100 ) ) ;
#7017 = VERTEX_POINT ( 'NONE', #1854 ) ;
#7018 = DIRECTION ( 'NONE',  ( -3.491481338843133400E-015, 0.0000000000000000000, 1.000000000000000000 ) ) ;
#7019 = ORIENTED_EDGE ( 'NONE', *, *, #6499, .F. ) ;
#7020 = CARTESIAN_POINT ( 'NONE',  ( 2.750000000000012900, 0.3000000000000000400, -0.8899999999999244100 ) ) ;
#7021 = ORIENTED_EDGE ( 'NONE', *, *, #6453, .T. ) ;
#7022 = VECTOR ( 'NONE', #2074, 1000.000000000000000 ) ;
#7023 = VERTEX_POINT ( 'NONE', #2397 ) ;
#7024 = ORIENTED_EDGE ( 'NONE', *, *, #6955, .F. ) ;
#7025 = CARTESIAN_POINT ( 'NONE',  ( -2.800000000000004700, 0.0000000000000000000, 2.109999999999907500 ) ) ;
#7026 = CARTESIAN_POINT ( 'NONE',  ( -2.588812083679422800, 0.9067667398023986400, 2.386206656301939500 ) ) ;
#7027 = LINE ( 'NONE', #1163, #862 ) ;
#7028 = CARTESIAN_POINT ( 'NONE',  ( 2.749999999999999100, 0.2999999999999999300, 1.649999999999850700 ) ) ;
#7029 = PLANE ( 'NONE',  #4655 ) ;
#7030 = AXIS2_PLACEMENT_3D ( 'NONE', #1363, #5918, #7250 ) ;
#7031 = CARTESIAN_POINT ( 'NONE',  ( -2.750000000000007500, 0.05000000000000002400, 0.3799999999999628700 ) ) ;
#7032 = FACE_OUTER_BOUND ( 'NONE', #3594, .T. ) ;
#7033 = EDGE_CURVE ( 'NONE', #4747, #3403, #3190, .T. ) ;
#7034 = PLANE ( 'NONE',  #4688 ) ;
#7035 = EDGE_LOOP ( 'NONE', ( #759, #6798, #3029 ) ) ;
#7036 = CARTESIAN_POINT ( 'NONE',  ( -2.390000000000004600, 0.3000000000000000400, 1.649999999999909300 ) ) ;
#7037 = ORIENTED_EDGE ( 'NONE', *, *, #6847, .T. ) ;
#7038 = CARTESIAN_POINT ( 'NONE',  ( -1.089999999999999200, 0.05000000000000000300, -4.186934132890388400E-015 ) ) ;
#7039 = VERTEX_POINT ( 'NONE', #2500 ) ;
#7040 = EDGE_CURVE ( 'NONE', #5963, #1147, #7222, .T. ) ;
#7041 = CARTESIAN_POINT ( 'NONE',  ( 2.749999999999999100, 4.944146853836610200, 1.649999999999850700 ) ) ;
#7042 = EDGE_CURVE ( 'NONE', #1539, #6217, #5606, .T. ) ;
#7043 = CARTESIAN_POINT ( 'NONE',  ( -3.000000000000008900, 0.2999999999999999300, 0.8399999999999893100 ) ) ;
#7044 = CARTESIAN_POINT ( 'NONE',  ( -2.587284338101301500, 0.8761377525753103500, -2.389445482107895600 ) ) ;
#7045 = VERTEX_POINT ( 'NONE', #5351 ) ;
#7046 =( GEOMETRIC_REPRESENTATION_CONTEXT ( 3 ) GLOBAL_UNCERTAINTY_ASSIGNED_CONTEXT ( ( #341 ) ) GLOBAL_UNIT_ASSIGNED_CONTEXT ( ( #6052, #7255, #4420 ) ) REPRESENTATION_CONTEXT ( 'NONE', 'WORKASPACE' ) );
#7047 = ORIENTED_EDGE ( 'NONE', *, *, #3560, .T. ) ;
#7048 = VECTOR ( 'NONE', #3595, 1000.000000000000000 ) ;
#7049 = CARTESIAN_POINT ( 'NONE',  ( -2.814382077854517200, 0.8765143473294911800, 2.165986794035168900 ) ) ;
#7050 = EDGE_CURVE ( 'NONE', #2492, #2943, #814, .T. ) ;
#7051 = CARTESIAN_POINT ( 'NONE',  ( -2.795544072919030400, 0.9401911972043037700, -2.205072183989933000 ) ) ;
#7052 = VECTOR ( 'NONE', #5787, 1000.000000000000000 ) ;
#7053 = CARTESIAN_POINT ( 'NONE',  ( 2.800000000000028200, 0.2999999999999999300, 1.699999999999926500 ) ) ;
#7054 = CARTESIAN_POINT ( 'NONE',  ( -2.389999999999955300, 0.0000000000000000000, -0.8899999999999824700 ) ) ;
#7055 = CARTESIAN_POINT ( 'NONE',  ( -2.750000000000016900, 0.3000000000000000400, -2.159999999999927800 ) ) ;
#7056 = FACE_OUTER_BOUND ( 'NONE', #1034, .T. ) ;
#7058 = ORIENTED_EDGE ( 'NONE', *, *, #6136, .T. ) ;
#7057 = DIRECTION ( 'NONE',  ( -1.000000000000000000, 0.0000000000000000000, -3.491481338843127000E-015 ) ) ;
#7059 = ORIENTED_EDGE ( 'NONE', *, *, #6352, .F. ) ;
#7060 = CARTESIAN_POINT ( 'NONE',  ( 2.800000000000028200, 0.0000000000000000000, 1.699999999999926500 ) ) ;
#7061 = ADVANCED_FACE ( 'NONE', ( #1957 ), #1340, .T. ) ;
#7062 = AXIS2_PLACEMENT_3D ( 'NONE', #3720, #7212, #5429 ) ;
#7063 = VERTEX_POINT ( 'NONE', #2980 ) ;
#7064 = DIRECTION ( 'NONE',  ( -7.350540386010786100E-015, 0.0000000000000000000, -1.000000000000000000 ) ) ;
#7065 = VECTOR ( 'NONE', #700, 1000.000000000000000 ) ;
#7066 = VECTOR ( 'NONE', #646, 1000.000000000000000 ) ;
#7067 = ORIENTED_EDGE ( 'NONE', *, *, #4970, .F. ) ;
#7068 = ORIENTED_EDGE ( 'NONE', *, *, #6490, .F. ) ;
#7069 = CARTESIAN_POINT ( 'NONE',  ( -2.811246612405026800, 0.9065729647699591900, 2.162009817579238800 ) ) ;
#7070 = LINE ( 'NONE', #372, #1613 ) ;
#7071 = CARTESIAN_POINT ( 'NONE',  ( -2.674718111086631800, 0.9966906505019905700, -2.317135566445041500 ) ) ;
#7072 = CARTESIAN_POINT ( 'NONE',  ( -2.800000000000014000, 0.3000000000000000400, -0.4299999999999822900 ) ) ;
#7073 = EDGE_LOOP ( 'NONE', ( #1476, #872, #3655, #4187 ) ) ;
#7075 = EDGE_LOOP ( 'NONE', ( #2712, #4418, #13, #635 ) ) ;
#7074 = LINE ( 'NONE', #1161, #3128 ) ;
#7076 = VERTEX_POINT ( 'NONE', #309 ) ;
#7077 = EDGE_CURVE ( 'NONE', #3403, #5432, #3993, .T. ) ;
#7078 = CARTESIAN_POINT ( 'NONE',  ( -0.7429999999999907800, 0.05000000000000002400, -2.450000000000002800 ) ) ;
#7079 = LINE ( 'NONE', #5071, #7253 ) ;
#7080 =( NAMED_UNIT ( * ) PLANE_ANGLE_UNIT ( ) SI_UNIT ( $, .RADIAN. ) );
#7081 = AXIS2_PLACEMENT_3D ( 'NONE', #1201, #7398, #6872 ) ;
#7082 = PLANE ( 'NONE',  #7128 ) ;
#7083 = DIRECTION ( 'NONE',  ( 0.0000000000000000000, 1.000000000000000000, 0.0000000000000000000 ) ) ;
#7084 = EDGE_CURVE ( 'NONE', #5227, #6012, #4363, .T. ) ;
#7085 = AXIS2_PLACEMENT_3D ( 'NONE', #6839, #4651, #6884 ) ;
#7086 = DIRECTION ( 'NONE',  ( 1.000000000000000000, 0.0000000000000000000, 1.812821066739969000E-014 ) ) ;
#7087 = VECTOR ( 'NONE', #6822, 1000.000000000000000 ) ;
#7088 = CARTESIAN_POINT ( 'NONE',  ( -2.389999999999953500, 0.2999999999999999300, -0.3799999999999846300 ) ) ;
#7089 = VECTOR ( 'NONE', #4638, 1000.000000000000000 ) ;
#7090 = ORIENTED_EDGE ( 'NONE', *, *, #2906, .F. ) ;
#7091 = PLANE ( 'NONE',  #6842 ) ;
#7092 = VECTOR ( 'NONE', #3784, 1000.000000000000000 ) ;
#7093 = EDGE_CURVE ( 'NONE', #7186, #5855, #6861, .T. ) ;
#7094 = EDGE_CURVE ( 'NONE', #6174, #4993, #6228, .T. ) ;
#7095 = VECTOR ( 'NONE', #1771, 1000.000000000000000 ) ;
#7096 = FACE_OUTER_BOUND ( 'NONE', #4251, .T. ) ;
#7097 = ORIENTED_EDGE ( 'NONE', *, *, #3443, .F. ) ;
#7098 = FACE_OUTER_BOUND ( 'NONE', #6249, .T. ) ;
#7099 = ADVANCED_FACE ( 'NONE', ( #6663 ), #2410, .T. ) ;
#7100 = CARTESIAN_POINT ( 'NONE',  ( -2.728084907495840200, 0.9972429809062741700, -2.269356451083673700 ) ) ;
#7101 = ORIENTED_EDGE ( 'NONE', *, *, #4505, .F. ) ;
#7102 = VECTOR ( 'NONE', #6811, 1000.000000000000000 ) ;
#7103 = ORIENTED_EDGE ( 'NONE', *, *, #1523, .T. ) ;
#7104 = B_SPLINE_CURVE_WITH_KNOTS ( 'NONE', 3,
 ( #668, #6323, #4086, #692 ),
 .UNSPECIFIED., .F., .F.,
 ( 4, 4 ),
 ( -0.002503912117704342900, -0.001897834282525307800 ),
 .UNSPECIFIED. ) ;
#7105 = DIRECTION ( 'NONE',  ( 0.0000000000000000000, -1.000000000000000000, 0.0000000000000000000 ) ) ;
#7106 = CARTESIAN_POINT ( 'NONE',  ( 1.964999999999999600, 1.060000000000000100, 6.951084722070238500E-015 ) ) ;
#7107 = ORIENTED_EDGE ( 'NONE', *, *, #6213, .F. ) ;
#7108 = LINE ( 'NONE', #4966, #6838 ) ;
#7109 = CARTESIAN_POINT ( 'NONE',  ( -2.786715138122430900, 1.139974351693964200, 2.113084664280345600 ) ) ;
#7110 = CARTESIAN_POINT ( 'NONE',  ( 2.489999999999994000, 0.3000000000000000400, -0.3799999999999254500 ) ) ;
#7111 = DIRECTION ( 'NONE',  ( -1.000000000000000000, 0.0000000000000000000, -1.812821066739969300E-014 ) ) ;
#7112 = CARTESIAN_POINT ( 'NONE',  ( -1.819999999999758900, 0.05000000000000000300, 1.820000000000054000 ) ) ;
#7113 = CARTESIAN_POINT ( 'NONE',  ( -2.800000000000013600, 0.05000000000000002400, -0.8399999999999819800 ) ) ;
#7114 = VECTOR ( 'NONE', #3908, 1000.000000000000000 ) ;
#7115 = ORIENTED_EDGE ( 'NONE', *, *, #3242, .F. ) ;
#7116 = DIRECTION ( 'NONE',  ( 1.000000000000000000, 0.0000000000000000000, 3.491481338843133400E-015 ) ) ;
#7117 = CARTESIAN_POINT ( 'NONE',  ( -2.800416761954351400, 0.9379537651901790300, -2.178971746951324600 ) ) ;
#7118 = CARTESIAN_POINT ( 'NONE',  ( 2.740094444702325200, 1.018993547694847700, 2.209437674754732400 ) ) ;
#7119 = EDGE_CURVE ( 'NONE', #5756, #3833, #2038, .T. ) ;
#7120 = AXIS2_PLACEMENT_3D ( 'NONE', #954, #4935, #4288 ) ;
#7121 = CARTESIAN_POINT ( 'NONE',  ( -2.874999999999991100, 0.3000000000000000400, -2.450000000000010400 ) ) ;
#7122 = CARTESIAN_POINT ( 'NONE',  ( 0.7649999999999999000, 1.100000000000000100, 2.670983224214997100E-015 ) ) ;
#7123 = EDGE_CURVE ( 'NONE', #4596, #738, #3186, .T. ) ;
#7124 = ADVANCED_FACE ( 'NONE', ( #4549 ), #6134, .F. ) ;
#7125 = EDGE_CURVE ( 'NONE', #5763, #4661, #276, .T. ) ;
#7126 = DIRECTION ( 'NONE',  ( 0.0000000000000000000, -1.000000000000000000, 0.0000000000000000000 ) ) ;
#7127 = VECTOR ( 'NONE', #5731, 1000.000000000000000 ) ;
#7128 = AXIS2_PLACEMENT_3D ( 'NONE', #3640, #6414, #809 ) ;
#7129 = VECTOR ( 'NONE', #5528, 1000.000000000000000 ) ;
#7130 = EDGE_CURVE ( 'NONE', #4653, #2557, #6488, .T. ) ;
#7131 = DIRECTION ( 'NONE',  ( 7.395515293930516800E-016, 0.0000000000000000000, 1.000000000000000000 ) ) ;
#7132 = CARTESIAN_POINT ( 'NONE',  ( 3.000000000000018700, 4.944146853836610200, -0.4299999999999597500 ) ) ;
#7133 = ORIENTED_EDGE ( 'NONE', *, *, #4557, .T. ) ;
#7134 = CARTESIAN_POINT ( 'NONE',  ( -2.587286107418067500, 0.8761321158169137500, -2.389446074555076700 ) ) ;
#7135 = CARTESIAN_POINT ( 'NONE',  ( 2.632132624748225500, 0.9107342042663974000, 2.380576344953789100 ) ) ;
#7136 = DIRECTION ( 'NONE',  ( 1.000000000000000000, 0.0000000000000000000, 3.491481338843133400E-015 ) ) ;
#7137 = FACE_OUTER_BOUND ( 'NONE', #779, .T. ) ;
#7138 = PRODUCT ( 'TSM085NB03DCR RLG', 'TSM085NB03DCR RLG', '', ( #2499 ) ) ;
#7139 = VERTEX_POINT ( 'NONE', #6934 ) ;
#7140 = ORIENTED_EDGE ( 'NONE', *, *, #5250, .F. ) ;
#7141 = CARTESIAN_POINT ( 'NONE',  ( -2.800000000000013600, 0.0000000000000000000, -0.8399999999999819800 ) ) ;
#7142 = DIRECTION ( 'NONE',  ( 0.0000000000000000000, -1.000000000000000000, 0.0000000000000000000 ) ) ;
#7143 = CARTESIAN_POINT ( 'NONE',  ( -2.821631632893193400, 0.8077660949809756200, 2.148001159051107200 ) ) ;
#7144 = DIRECTION ( 'NONE',  ( -0.7071067811865515700, 0.0000000000000000000, 0.7071067811865435800 ) ) ;
#7145 = VECTOR ( 'NONE', #3882, 1000.000000000000000 ) ;
#7146 = AXIS2_PLACEMENT_3D ( 'NONE', #4343, #959, #6056 ) ;
#7147 = CIRCLE ( 'NONE', #3820, 0.01000000000000002600 ) ;
#7148 = CARTESIAN_POINT ( 'NONE',  ( -2.735023917718939000, 1.034052329440620100, 2.155427588594336800 ) ) ;
#7149 = PLANE ( 'NONE',  #4997 ) ;
#7150 = DIRECTION ( 'NONE',  ( -0.0000000000000000000, -1.000000000000000000, 0.0000000000000000000 ) ) ;
#7151 = ORIENTED_EDGE ( 'NONE', *, *, #1676, .T. ) ;
#7152 = LINE ( 'NONE', #6987, #657 ) ;
#7153 = EDGE_LOOP ( 'NONE', ( #744, #2753, #4910, #7332, #118, #3136, #2817, #2690 ) ) ;
#7154 = DIRECTION ( 'NONE',  ( 2.908576945033690500E-015, 0.0000000000000000000, -1.000000000000000000 ) ) ;
#7155 = ORIENTED_EDGE ( 'NONE', *, *, #6114, .T. ) ;
#7156 = VERTEX_POINT ( 'NONE', #215 ) ;
#7157 = CARTESIAN_POINT ( 'NONE',  ( -0.6499999999999928100, 4.944146853836610200, -2.109999999999900400 ) ) ;
#7158 = DIRECTION ( 'NONE',  ( 7.193635098549793600E-015, 0.0000000000000000000, -1.000000000000000000 ) ) ;
#7159 = DIRECTION ( 'NONE',  ( -0.0000000000000000000, -1.000000000000000000, 0.0000000000000000000 ) ) ;
#7160 = ADVANCED_FACE ( 'NONE', ( #2308 ), #4078, .F. ) ;
#7161 = CARTESIAN_POINT ( 'NONE',  ( -2.626832952129349400, 1.094177520915676300, -2.146479642561178300 ) ) ;
#7162 = CARTESIAN_POINT ( 'NONE',  ( 2.796709103801605900, 0.9124974602611842800, 2.232893741141380900 ) ) ;
#7164 = ORIENTED_EDGE ( 'NONE', *, *, #2249, .F. ) ;
#7163 = LINE ( 'NONE', #5509, #1194 ) ;
#7165 = EDGE_CURVE ( 'NONE', #4993, #4763, #4977, .T. ) ;
#7166 = ORIENTED_EDGE ( 'NONE', *, *, #3361, .T. ) ;
#7167 = DIRECTION ( 'NONE',  ( 1.000000000000000000, 0.0000000000000000000, 8.154716489318411500E-015 ) ) ;
#7168 = PRESENTATION_STYLE_ASSIGNMENT (( #723 ) ) ;
#7169 = VERTEX_POINT ( 'NONE', #1825 ) ;
#7170 = ORIENTED_EDGE ( 'NONE', *, *, #6265, .F. ) ;
#7171 = EDGE_CURVE ( 'NONE', #4409, #2214, #6569, .T. ) ;
#7172 = CARTESIAN_POINT ( 'NONE',  ( -0.6500000000000070200, 0.2999999999999999300, 2.109999999999897300 ) ) ;
#7173 = DIRECTION ( 'NONE',  ( 1.000000000000000000, 0.0000000000000000000, -7.478262672352445800E-014 ) ) ;
#7174 = LINE ( 'NONE', #4764, #1909 ) ;
#7175 = VECTOR ( 'NONE', #1243, 1000.000000000000100 ) ;
#7176 = ORIENTED_EDGE ( 'NONE', *, *, #2520, .F. ) ;
#7177 = AXIS2_PLACEMENT_3D ( 'NONE', #1343, #7064, #4180 ) ;
#7178 = FACE_OUTER_BOUND ( 'NONE', #417, .T. ) ;
#7179 = CARTESIAN_POINT ( 'NONE',  ( -2.750000000000003100, 0.3000000000000000400, 1.649999999999907800 ) ) ;
#7180 =( BOUNDED_CURVE ( )  B_SPLINE_CURVE ( 2, ( #6408, #6930, #6897 ),
 .UNSPECIFIED., .F., .F. ) 
 B_SPLINE_CURVE_WITH_KNOTS ( ( 3, 3 ),
 ( 0.0000000000000000000, 1.000000000000000000 ),
 .UNSPECIFIED. ) 
 CURVE ( )  GEOMETRIC_REPRESENTATION_ITEM ( )  RATIONAL_B_SPLINE_CURVE ( ( 1.000000000000000000, 0.7109592814054462900, 1.000000000000000000 ) ) 
 REPRESENTATION_ITEM ( '' )  );
#7181 = DIRECTION ( 'NONE',  ( 0.7071067811867435300, 0.0000000000000000000, 0.7071067811863515100 ) ) ;
#7182 = ORIENTED_EDGE ( 'NONE', *, *, #6486, .F. ) ;
#7183 = CARTESIAN_POINT ( 'NONE',  ( 2.749999999999999100, 0.3000000000000000400, 1.649999999999850700 ) ) ;
#7184 = VECTOR ( 'NONE', #2951, 1000.000000000000000 ) ;
#7185 = VECTOR ( 'NONE', #5806, 1000.000000000000000 ) ;
#7186 = VERTEX_POINT ( 'NONE', #5275 ) ;
#7187 = EDGE_CURVE ( 'NONE', #1807, #5819, #6401, .T. ) ;
#7188 = FILL_AREA_STYLE ('',( #4446 ) ) ;
#7189 = ORIENTED_EDGE ( 'NONE', *, *, #2117, .T. ) ;
#7190 = EDGE_LOOP ( 'NONE', ( #3264, #4246, #7101, #2098, #4397, #3421, #4165, #2989, #2710, #6504, #5198, #5345, #7388, #4426, #2939, #229, #5672, #4520, #850, #6849, #4443, #3246, #753, #3985, #665, #1831 ) ) ;
#7191 = VECTOR ( 'NONE', #4971, 1000.000000000000000 ) ;
#7192 = VERTEX_POINT ( 'NONE', #5247 ) ;
#7193 = CARTESIAN_POINT ( 'NONE',  ( -2.587284338101301500, 0.8761377525753103500, -2.389445482107895600 ) ) ;
#7194 = CARTESIAN_POINT ( 'NONE',  ( -0.7430000000000072100, 4.944146853836610200, 2.109999999999914600 ) ) ;
#7195 = CARTESIAN_POINT ( 'NONE',  ( -2.675256873208240500, 1.059342894804503600, -2.226655476351094600 ) ) ;
#7196 = CARTESIAN_POINT ( 'NONE',  ( 2.599049330289888700, 0.9920075539402198900, 2.347156995529062300 ) ) ;
#7197 = B_SPLINE_SURFACE_WITH_KNOTS ( 'NONE', 3, 3, ( 
 ( #6433, #3614, #352, #4881, #1466, #5879, #3031, #5231, #6428, #3580, #798, #6403, #1350, #7049, #734, #3630 ),
 ( #4787, #7026, #5924, #3607, #4735, #3065, #1270, #4114, #1299, #2489, #231, #5261, #3017, #1328, #5321, #7069 ),
 ( #769, #1370, #6962, #3538, #6481, #4185, #4718, #693, #2992, #2961, #4087, #163, #5342, #4757, #714, #1906 ),
 ( #4687, #1840, #1860, #5821, #5853, #5897, #2414, #204, #2445, #2386, #6383, #4167, #2470, #6995, #3551, #186 ),
 ( #6460, #1940, #4144, #5289, #1881, #1158, #6276, #1186, #832, #178, #5141, #2835, #6843, #15, #5671, #1141 ),
 ( #3922, #2224, #1678, #7391, #1079, #3983, #561, #5109, #7363, #6258, #3957, #5054, #3417, #1599, #4480, #1625 ),
 ( #4556, #5612, #3362, #1652, #2248, #4453, #1033, #1113, #1703, #7316, #3873, #2830, #5694, #5034, #5009, #6755 ),
 ( #5593, #3314, #2278, #5077, #496, #6232, #2754, #2180, #6157, #1057, #2732, #2205, #2806, #6184, #6781, #2781 ),
 ( #6728, #4533, #6810, #3339, #7338, #3894, #512, #534, #3384, #4510, #5639, #6212, #3460, #1166, #6304, #637 ),
 ( #1808, #1269, #96, #1222, #6942, #78, #5230, #6866, #4061, #5778, #2885, #3511, #4032, #2857, #159, #6284 ) ),
 .UNSPECIFIED., .F., .F., .F.,
 ( 4, 2, 2, 2, 4 ),
 ( 4, 2, 1, 2, 2, 2, 1, 2, 4 ),
 ( 0.0000000000000000000, 0.2500000000000000000, 0.5000000000000000000, 0.7500000000000000000, 1.000000000000000000 ),
 ( 0.0000000000000000000, 0.01562500000000000000, 0.1250000000000000000, 0.2500000000000000000, 0.5000000000000000000, 0.7500000000000000000, 0.8750000000000000000, 0.9843750000000000000, 1.000000000000000000 ),
 .UNSPECIFIED. ) ;
#7198 = VECTOR ( 'NONE', #109, 1000.000000000000000 ) ;
#7199 = EDGE_CURVE ( 'NONE', #2735, #5213, #2217, .T. ) ;
#7200 = ORIENTED_EDGE ( 'NONE', *, *, #824, .T. ) ;
#7201 = CARTESIAN_POINT ( 'NONE',  ( 2.750000000000040400, 0.3000000000000000400, -0.3799999999999621500 ) ) ;
#7202 = CARTESIAN_POINT ( 'NONE',  ( 2.675256873230360100, 1.059342894806800700, 2.226655476334571800 ) ) ;
#7203 = ADVANCED_FACE ( 'NONE', ( #3455 ), #5834, .F. ) ;
#7204 = CARTESIAN_POINT ( 'NONE',  ( -2.800000000000006900, 0.05000000000000002400, 0.4299999999999900600 ) ) ;
#7205 = DIRECTION ( 'NONE',  ( -0.0000000000000000000, -1.000000000000000000, 0.0000000000000000000 ) ) ;
#7206 = CARTESIAN_POINT ( 'NONE',  ( 2.875000000000006200, 0.05000000000000000300, -1.699999999999907400 ) ) ;
#7207 = ORIENTED_EDGE ( 'NONE', *, *, #5052, .F. ) ;
#7208 = VERTEX_POINT ( 'NONE', #2395 ) ;
#7209 = AXIS2_PLACEMENT_3D ( 'NONE', #2427, #6410, #5245 ) ;
#7210 = ORIENTED_EDGE ( 'NONE', *, *, #4412, .T. ) ;
#7211 = VERTEX_POINT ( 'NONE', #5808 ) ;
#7212 = DIRECTION ( 'NONE',  ( 0.0000000000000000000, 1.000000000000000000, 0.0000000000000000000 ) ) ;
#7213 = CARTESIAN_POINT ( 'NONE',  ( -2.565815600712991100, 1.100000000000000100, -2.140815600713008600 ) ) ;
#7214 = CARTESIAN_POINT ( 'NONE',  ( -2.626043423708916500, 1.094256829282960400, -2.150030863776248000 ) ) ;
#7215 = CARTESIAN_POINT ( 'NONE',  ( 2.753390919924342900, 1.016472563041823000, 2.170718492660526500 ) ) ;
#7216 = VECTOR ( 'NONE', #7013, 1000.000000000000000 ) ;
#7217 = AXIS2_PLACEMENT_3D ( 'NONE', #2938, #6947, #3517 ) ;
#7218 = EDGE_CURVE ( 'NONE', #304, #5136, #3014, .T. ) ;
#7219 = AXIS2_PLACEMENT_3D ( 'NONE', #5874, #1364, #225 ) ;
#7220 = CARTESIAN_POINT ( 'NONE',  ( 2.616626553454410900, 1.058328153339247500, 2.272477398871584500 ) ) ;
#7221 = APPLICATION_PROTOCOL_DEFINITION ( 'draft international standard', 'automotive_design', 1998, #2637 ) ;
#7222 = LINE ( 'NONE', #5836, #5707 ) ;
#7223 = PLANE ( 'NONE',  #3834 ) ;
#7224 = ORIENTED_EDGE ( 'NONE', *, *, #7187, .T. ) ;
#7225 = EDGE_CURVE ( 'NONE', #5590, #2069, #5341, .T. ) ;
#7226 = DIRECTION ( 'NONE',  ( -0.0000000000000000000, -1.000000000000000000, 0.0000000000000000000 ) ) ;
#7227 = EDGE_CURVE ( 'NONE', #860, #4195, #807, .T. ) ;
#7228 = CARTESIAN_POINT ( 'NONE',  ( -2.800000000000006900, 4.944146853836610200, 0.4299999999999900600 ) ) ;
#7229 = LINE ( 'NONE', #530, #5074 ) ;
#7230 = VERTEX_POINT ( 'NONE', #2457 ) ;
#7231 = ORIENTED_EDGE ( 'NONE', *, *, #7094, .T. ) ;
#7232 = CARTESIAN_POINT ( 'NONE',  ( 2.875000000000008400, 0.3000000000000000400, -2.449999999999990400 ) ) ;
#7233 = CARTESIAN_POINT ( 'NONE',  ( -0.7429999999999930000, 0.2999999999999999300, -2.109999999999900400 ) ) ;
#7234 = ADVANCED_FACE ( 'NONE', ( #5150 ), #1314, .T. ) ;
#7235 = VECTOR ( 'NONE', #7347, 1000.000000000000000 ) ;
#7236 = LINE ( 'NONE', #4736, #291 ) ;
#7237 = CARTESIAN_POINT ( 'NONE',  ( -2.710400185261162300, 1.056223637731297900, -2.153301215384539900 ) ) ;
#7238 = DIRECTION ( 'NONE',  ( 2.286812258303601300E-015, 0.0000000000000000000, -1.000000000000000000 ) ) ;
#7239 = ORIENTED_EDGE ( 'NONE', *, *, #513, .F. ) ;
#7240 = LINE ( 'NONE', #6060, #4836 ) ;
#7241 = ORIENTED_EDGE ( 'NONE', *, *, #5057, .F. ) ;
#7242 = DIRECTION ( 'NONE',  ( -3.491481338843133400E-015, 0.0000000000000000000, 1.000000000000000000 ) ) ;
#7243 = CARTESIAN_POINT ( 'NONE',  ( 2.682178367890769800, 1.072695803522372100, 2.158838249510565800 ) ) ;
#7244 = EDGE_LOOP ( 'NONE', ( #5181, #6332, #1296, #2468 ) ) ;
#7245 = CARTESIAN_POINT ( 'NONE',  ( -2.749999999999981800, 0.05000000000000002400, 2.159999999999908200 ) ) ;
#7246 = CARTESIAN_POINT ( 'NONE',  ( -0.6500000000000070200, 4.944146853836610200, 2.109999999999897300 ) ) ;
#7247 = ORIENTED_EDGE ( 'NONE', *, *, #3858, .F. ) ;
#7248 = DIRECTION ( 'NONE',  ( 5.989264566803389000E-014, 0.0000000000000000000, 1.000000000000000000 ) ) ;
#7249 = ORIENTED_EDGE ( 'NONE', *, *, #5362, .T. ) ;
#7250 = DIRECTION ( 'NONE',  ( 1.000000000000000000, 0.0000000000000000000, -4.236931729094537300E-016 ) ) ;
#7251 = ORIENTED_EDGE ( 'NONE', *, *, #2520, .T. ) ;
#7252 = CARTESIAN_POINT ( 'NONE',  ( 0.0000000000000000000, 0.3000000000000000400, 0.0000000000000000000 ) ) ;
#7253 = VECTOR ( 'NONE', #1693, 1000.000000000000000 ) ;
#7254 = VERTEX_POINT ( 'NONE', #4130 ) ;
#7255 =( NAMED_UNIT ( * ) PLANE_ANGLE_UNIT ( ) SI_UNIT ( $, .RADIAN. ) );
#7256 = VECTOR ( 'NONE', #24, 1000.000000000000000 ) ;
#7257 = LINE ( 'NONE', #4708, #6450 ) ;
#7258 = ORIENTED_EDGE ( 'NONE', *, *, #318, .T. ) ;
#7259 = LINE ( 'NONE', #2053, #3838 ) ;
#7260 = DIRECTION ( 'NONE',  ( 0.0000000000000000000, -1.000000000000000000, 0.0000000000000000000 ) ) ;
#7261 = DIRECTION ( 'NONE',  ( 0.0000000000000000000, -1.000000000000000000, 0.0000000000000000000 ) ) ;
#7262 = CARTESIAN_POINT ( 'NONE',  ( -2.682178367891074900, 1.072695803522450300, -2.158838249513492800 ) ) ;
#7263 = DIRECTION ( 'NONE',  ( 7.193635098549793600E-015, 0.0000000000000000000, -1.000000000000000000 ) ) ;
#7264 = EDGE_CURVE ( 'NONE', #3981, #4633, #6051, .T. ) ;
#7266 = ORIENTED_EDGE ( 'NONE', *, *, #1441, .T. ) ;
#7265 = COLOUR_RGB ( '',0.7921568627450980000, 0.8196078431372548800, 0.9333333333333333500 ) ;
#7267 = LINE ( 'NONE', #5040, #416 ) ;
#7268 = EDGE_LOOP ( 'NONE', ( #912, #6086 ) ) ;
#7269 = FACE_OUTER_BOUND ( 'NONE', #4761, .T. ) ;
#7270 = EDGE_CURVE ( 'NONE', #6196, #5819, #3987, .T. ) ;
#7271 = EDGE_CURVE ( 'NONE', #1044, #1917, #2384, .T. ) ;
#7272 = DIRECTION ( 'NONE',  ( -1.000000000000000000, 0.0000000000000000000, -3.491481338843133400E-015 ) ) ;
#7273 = CARTESIAN_POINT ( 'NONE',  ( 2.593825746007061700, 1.100000000000000100, 2.151292836554596900 ) ) ;
#7274 = VERTEX_POINT ( 'NONE', #110 ) ;
#7276 = ORIENTED_EDGE ( 'NONE', *, *, #3541, .T. ) ;
#7275 = LINE ( 'NONE', #6317, #5850 ) ;
#7277 = LINE ( 'NONE', #5039, #1475 ) ;
#7278 = ORIENTED_EDGE ( 'NONE', *, *, #4724, .T. ) ;
#7279 = DIRECTION ( 'NONE',  ( -3.491481338843133400E-015, 0.0000000000000000000, 1.000000000000000000 ) ) ;
#7280 = DIRECTION ( 'NONE',  ( 3.491481338843133400E-015, 0.0000000000000000000, -1.000000000000000000 ) ) ;
#7281 = ADVANCED_FACE ( 'NONE', ( #3629 ), #5192, .F. ) ;
#7282 = CARTESIAN_POINT ( 'NONE',  ( 2.489999999999994000, 4.944146853836610200, -0.3799999999999254500 ) ) ;
#7283 = DIRECTION ( 'NONE',  ( 0.0000000000000000000, 1.000000000000000000, 0.0000000000000000000 ) ) ;
#7284 = PLANE ( 'NONE',  #2056 ) ;
#7285 = ORIENTED_EDGE ( 'NONE', *, *, #3760, .T. ) ;
#7286 = LINE ( 'NONE', #680, #4247 ) ;
#7287 = LINE ( 'NONE', #2284, #2715 ) ;
#7288 = EDGE_CURVE ( 'NONE', #997, #253, #5514, .T. ) ;
#7289 = CARTESIAN_POINT ( 'NONE',  ( 2.800000000000036700, 0.2999999999999999300, 0.8399999999999816500 ) ) ;
#7290 = DIRECTION ( 'NONE',  ( -1.000000000000000000, 0.0000000000000000000, 2.531864063853212500E-015 ) ) ;
#7291 = DIRECTION ( 'NONE',  ( 0.0000000000000000000, -1.000000000000000000, 0.0000000000000000000 ) ) ;
#7292 = ORIENTED_EDGE ( 'NONE', *, *, #6622, .F. ) ;
#7293 = LINE ( 'NONE', #1418, #4807 ) ;
#7294 = CARTESIAN_POINT ( 'NONE',  ( -2.565815600712991100, 1.100000000000000300, -2.140815600713008600 ) ) ;
#7295 = DIRECTION ( 'NONE',  ( 1.623157213851315000E-017, 0.0000000000000000000, 1.000000000000000000 ) ) ;
#7296 = ORIENTED_EDGE ( 'NONE', *, *, #836, .F. ) ;
#7297 = VERTEX_POINT ( 'NONE', #851 ) ;
#7298 = ORIENTED_EDGE ( 'NONE', *, *, #4347, .F. ) ;
#7299 = CARTESIAN_POINT ( 'NONE',  ( 1.632635936935258600E-015, 0.05000000000000000300, -1.649999999999911300 ) ) ;
#7300 = CARTESIAN_POINT ( 'NONE',  ( 2.624207328089172500, 1.094374309863851200, 2.155942613654415300 ) ) ;
#7301 = EDGE_LOOP ( 'NONE', ( #5825, #7151, #711, #6353 ) ) ;
#7302 = PLANE ( 'NONE',  #4344 ) ;
#7303 = DIRECTION ( 'NONE',  ( -4.093815879112860300E-015, 0.0000000000000000000, 1.000000000000000000 ) ) ;
#7304 = DIRECTION ( 'NONE',  ( -1.000000000000000000, 0.0000000000000000000, -8.695651766773108100E-015 ) ) ;
#7305 = DIRECTION ( 'NONE',  ( 0.0000000000000000000, -1.000000000000000000, 0.0000000000000000000 ) ) ;
#7306 = AXIS2_PLACEMENT_3D ( 'NONE', #1899, #7018, #1260 ) ;
#7307 = CARTESIAN_POINT ( 'NONE',  ( -2.800000000000009100, 0.3000000000000000400, 0.8399999999999627800 ) ) ;
#7308 = CARTESIAN_POINT ( 'NONE',  ( -2.772937740722586100, 1.271057531786608900, -2.099307266880534200 ) ) ;
#7309 = VECTOR ( 'NONE', #2905, 1000.000000000000000 ) ;
#7310 = EDGE_LOOP ( 'NONE', ( #2496, #5715, #5978 ) ) ;
#7311 = CARTESIAN_POINT ( 'NONE',  ( -2.800000000000017600, 4.944146853836610200, -1.699999999999927600 ) ) ;
#7312 = ADVANCED_FACE ( 'NONE', ( #1159 ), #4703, .F. ) ;
#7313 = CARTESIAN_POINT ( 'NONE',  ( -2.573371211140105700, 1.099999999999999900, -2.170213532762055300 ) ) ;
#7314 = EDGE_CURVE ( 'NONE', #6211, #3116, #1348, .T. ) ;
#7315 = VECTOR ( 'NONE', #6583, 1000.000000000000000 ) ;
#7316 = CARTESIAN_POINT ( 'NONE',  ( -2.663167309015384500, 1.074102485029814400, 2.199313762002689000 ) ) ;
#7317 = DIRECTION ( 'NONE',  ( -1.000000000000000000, 0.0000000000000000000, -8.695651766773108100E-015 ) ) ;
#7318 = CARTESIAN_POINT ( 'NONE',  ( -2.874999999999998700, 0.3000000000000000400, -0.4299999999999812300 ) ) ;
#7319 = VECTOR ( 'NONE', #3574, 1000.000000000000000 ) ;
#7320 = LINE ( 'NONE', #1300, #3558 ) ;
#7321 = VERTEX_POINT ( 'NONE', #808 ) ;
#7322 = EDGE_CURVE ( 'NONE', #4303, #2401, #620, .T. ) ;
#7323 = ORIENTED_EDGE ( 'NONE', *, *, #6943, .T. ) ;
#7324 = CARTESIAN_POINT ( 'NONE',  ( 2.565815600712991100, 1.100000000000000100, 2.140815600713008600 ) ) ;
#7325 = EDGE_LOOP ( 'NONE', ( #3255, #1639, #1196, #4830 ) ) ;
#7326 = PLANE ( 'NONE',  #2339 ) ;
#7327 = ADVANCED_FACE ( 'NONE', ( #2128 ), #6309, .F. ) ;
#7328 = VECTOR ( 'NONE', #1566, 1000.000000000000000 ) ;
#7329 = ORIENTED_EDGE ( 'NONE', *, *, #3897, .T. ) ;
#7330 = CARTESIAN_POINT ( 'NONE',  ( -0.9969999999999926700, 0.3000000000000000400, -2.109999999999901300 ) ) ;
#7331 = CARTESIAN_POINT ( 'NONE',  ( -0.6500000000000054600, 0.3000000000000000400, 1.904999999999900600 ) ) ;
#7332 = ORIENTED_EDGE ( 'NONE', *, *, #4553, .F. ) ;
#7333 = DIRECTION ( 'NONE',  ( 2.908576945033690500E-015, 0.0000000000000000000, -1.000000000000000000 ) ) ;
#7334 = LINE ( 'NONE', #1291, #2764 ) ;
#7335 = EDGE_CURVE ( 'NONE', #2772, #3040, #1871, .T. ) ;
#7336 = EDGE_LOOP ( 'NONE', ( #4421, #376, #3218, #1835 ) ) ;
#7337 = ORIENTED_EDGE ( 'NONE', *, *, #219, .F. ) ;
#7338 = CARTESIAN_POINT ( 'NONE',  ( -2.573371208428032900, 1.100000000000000100, 2.170213534185512200 ) ) ;
#7339 = CARTESIAN_POINT ( 'NONE',  ( -2.580774990609288700, 1.030292085285141600, -2.314052401221947400 ) ) ;
#7340 = CARTESIAN_POINT ( 'NONE',  ( 2.490000000000006400, 0.2999999999999999300, -1.649999999999908900 ) ) ;
#7341 = LINE ( 'NONE', #7194, #140 ) ;
#7342 = EDGE_LOOP ( 'NONE', ( #5774, #3110, #4401, #6078, #6797, #6564 ) ) ;
#7343 = VECTOR ( 'NONE', #4545, 1000.000000000000000 ) ;
#7344 = CARTESIAN_POINT ( 'NONE',  ( -2.800000000000017600, 0.3000000000000000400, -2.109999999999927500 ) ) ;
#7345 = ORIENTED_EDGE ( 'NONE', *, *, #2731, .F. ) ;
#7346 = CARTESIAN_POINT ( 'NONE',  ( -2.800000000000017600, 0.0000000000000000000, -2.109999999999927500 ) ) ;
#7347 = DIRECTION ( 'NONE',  ( 0.0000000000000000000, -1.000000000000000000, 0.0000000000000000000 ) ) ;
#7348 = VECTOR ( 'NONE', #4902, 1000.000000000000000 ) ;
#7349 = LINE ( 'NONE', #3692, #5654 ) ;
#7350 = ORIENTED_EDGE ( 'NONE', *, *, #3676, .F. ) ;
#7351 = FACE_OUTER_BOUND ( 'NONE', #1439, .T. ) ;
#7352 = ORIENTED_EDGE ( 'NONE', *, *, #5537, .T. ) ;
#7353 = CARTESIAN_POINT ( 'NONE',  ( -2.846972203929144300, 0.5666666666666667600, -2.421972203929163100 ) ) ;
#7354 = VECTOR ( 'NONE', #2315, 1000.000000000000000 ) ;
#7355 = PLANE ( 'NONE',  #3942 ) ;
#7356 = VECTOR ( 'NONE', #4175, 1000.000000000000000 ) ;
#7357 = ORIENTED_EDGE ( 'NONE', *, *, #4674, .T. ) ;
#7358 = CARTESIAN_POINT ( 'NONE',  ( 3.000000000000032000, 4.944146853836610200, -1.699999999999904900 ) ) ;
#7359 = CARTESIAN_POINT ( 'NONE',  ( -2.596059826134697400, 1.100000000000000100, -2.145415886819818300 ) ) ;
#7360 = DIRECTION ( 'NONE',  ( 0.0000000000000000000, -1.000000000000000000, 0.0000000000000000000 ) ) ;
#7361 = EDGE_CURVE ( 'NONE', #7192, #1487, #4637, .T. ) ;
#7362 = VERTEX_POINT ( 'NONE', #5975 ) ;
#7363 = CARTESIAN_POINT ( 'NONE',  ( -2.675256969601392100, 1.059342892322258300, 2.226655354342337700 ) ) ;
#7364 = ORIENTED_EDGE ( 'NONE', *, *, #4412, .F. ) ;
#7365 = VECTOR ( 'NONE', #4882, 1000.000000000000000 ) ;
#7366 = ORIENTED_EDGE ( 'NONE', *, *, #910, .T. ) ;
#7367 = ADVANCED_FACE ( 'NONE', ( #3544 ), #4796, .F. ) ;
#7368 = EDGE_CURVE ( 'NONE', #7230, #1894, #361, .T. ) ;
#7369 = CARTESIAN_POINT ( 'NONE',  ( -2.749999999999996400, 4.944146853836610200, -0.3799999999999820200 ) ) ;
#7370 = DIRECTION ( 'NONE',  ( -1.000000000000000000, 0.0000000000000000000, -3.491481338843133000E-015 ) ) ;
#7371 = ORIENTED_EDGE ( 'NONE', *, *, #3442, .F. ) ;
#7372 = VECTOR ( 'NONE', #4594, 1000.000000000000000 ) ;
#7373 = AXIS2_PLACEMENT_3D ( 'NONE', #4049, #5222, #4704 ) ;
#7374 = PLANE ( 'NONE',  #4797 ) ;
#7375 = ORIENTED_EDGE ( 'NONE', *, *, #5696, .F. ) ;
#7376 = CARTESIAN_POINT ( 'NONE',  ( 2.770250515687705300, 1.296624770138966400, 2.345250515687722800 ) ) ;
#7377 = CARTESIAN_POINT ( 'NONE',  ( 2.800000000000038900, 0.3000000000000000400, 0.4299999999999817900 ) ) ;
#7378 = DIRECTION ( 'NONE',  ( 1.000000000000000000, 0.0000000000000000000, 7.828290028785149500E-015 ) ) ;
#7379 = EDGE_CURVE ( 'NONE', #6028, #3681, #1778, .T. ) ;
#7380 = PLANE ( 'NONE',  #1417 ) ;
#7381 = ORIENTED_EDGE ( 'NONE', *, *, #366, .F. ) ;
#7382 = VERTEX_POINT ( 'NONE', #7122 ) ;
#7383 = CARTESIAN_POINT ( 'NONE',  ( -2.531195965580431500, 1.205515941740286500, -2.354826439422517100 ) ) ;
#7384 = CARTESIAN_POINT ( 'NONE',  ( 2.685426541481644500, 1.059090530518492800, -2.213229348804524500 ) ) ;
#7385 = ORIENTED_EDGE ( 'NONE', *, *, #6209, .T. ) ;
#7386 = CLOSED_SHELL ( 'NONE', ( #638, #2902, #7124, #2964, #7160, #854, #3598, #521, #4534, #6738, #2142, #3350, #3047, #6200, #1131, #2513, #232, #3080, #5404, #4672, #4568, #3941, #340, #6920, #1080, #2551, #4284, #3895, #3261, #1618, #7099, #4746, #4818, #4019, #608, #6142, #6980, #1273, #2206, #7327, #1446, #297, #4614, #6756, #4886, #1719, #2189, #1863, #562, #988, #5431, #6795, #3842, #4, #785, #2693, #3111, #6327, #6904, #960, #7061, #1081, #2366, #5823, #4494, #277, #5941, #4788, #2034, #3631, #1247, #6374, #5869, #5788, #4203, #3730, #6198, #5209, #6108, #5970, #5148, #2741, #6693, #4250, #196, #3487, #1763, #6038, #6994, #5901, #4321, #3461, #1420, #1352, #471, #6758, #3804, #7234, #2001, #4392, #6658, #1551, #2314, #6876, #3351, #5550, #1944, #736, #3217, #4722, #1167, #920, #2413, #410, #2344, #4645, #5587, #4916, #4131, #4472, #1967, #1209, #2480 ) ) ;
#7387 = DIRECTION ( 'NONE',  ( 0.7071067811867075600, 0.0000000000000000000, 0.7071067811863873700 ) ) ;
#7388 = ORIENTED_EDGE ( 'NONE', *, *, #1623, .F. ) ;
#7389 = CARTESIAN_POINT ( 'NONE',  ( 2.587284338101318000, 0.8761377525753096800, -2.389445482107877900 ) ) ;
#7390 = CARTESIAN_POINT ( 'NONE',  ( 2.814446074555059700, 0.8761321158169139700, 2.162286107418085500 ) ) ;
#7391 = CARTESIAN_POINT ( 'NONE',  ( -2.588118692273557300, 1.056877882530286700, 2.283330161250159800 ) ) ;
#7392 = ORIENTED_EDGE ( 'NONE', *, *, #4466, .F. ) ;
#7393 = CARTESIAN_POINT ( 'NONE',  ( -0.7430000000000072100, 4.944146853836610200, 2.449999999999998400 ) ) ;
#7394 = VECTOR ( 'NONE', #4153, 1000.000000000000000 ) ;
#7395 = DIRECTION ( 'NONE',  ( -0.0000000000000000000, -1.000000000000000000, 0.0000000000000000000 ) ) ;
#7396 = ORIENTED_EDGE ( 'NONE', *, *, #6019, .F. ) ;
#7397 = CARTESIAN_POINT ( 'NONE',  ( -2.749999999999981800, 0.3000000000000000400, 2.159999999999908200 ) ) ;
#7398 = DIRECTION ( 'NONE',  ( -1.000000000000000000, 0.0000000000000000000, 1.011419298254362300E-014 ) ) ;
ENDSEC;
END-ISO-10303-21;
